"Site","Group","Model","RPM","Month","Code","Product"
"01. 남산","01. HM Series","HM1000","6K","2월","MH0013","HM1000-F31P-0-K30"
"01. 남산","01. HM Series","HM1000","6K","2월","MH0013","HM1000-F31P-0-K30"
"01. 남산","01. HM Series","HM1000","6K","6월","MH0013","HM1000-F31P-0-K30"
"01. 남산","01. HM Series","HM1000","6K","7월","MH0013","HM1000-F31P-0-K30"
"01. 남산","01. HM Series","HM1000","6K","7월","MH0013","HM1000-F31P-0-K30"
"01. 남산","01. HM Series","HM1000","8K","6월","MH0013","HM1000-F31P-0-K30"
"01. 남산","01. HM Series","HM1250","6K","2월","MH0014","HM1250-F31P-0-K30"
"01. 남산","01. HM Series","HM1250","6K","5월","MH0014","HM1250-F31P-0-K30"
"01. 남산","01. HM Series","HM1250","6K","6월","MH0014","HM1250-F31P-0-K30"
"01. 남산","02. NHM Series","NHM5000","6K","3월","MH0015","NHM500-F31P-0-K30"
"01. 남산","02. NHM Series","NHM5000","6K","3월","MH0015","NHM500-F31P-0-K30"
"01. 남산","02. NHM Series","NHM5000","6K","5월","MH0015","NHM500-F31P-0-K30"
"01. 남산","02. NHM Series","NHM5000","6K","6월","MH0015","NHM500-F31P-0-K30"
"01. 남산","02. NHM Series","NHM5000","6K","6월","MH0015","NHM500-F31P-0-K30"
"01. 남산","02. NHM Series","NHM5000","6K","7월","MH0015","NHM500-F31P-0-K30"
"01. 남산","02. NHM Series","NHM5000","6K","7월","MH0015","NHM500-F31P-0-K30"
"01. 남산","02. NHM Series","NHM5000","6K","7월","MH0015","NHM500-F31P-0-K30"
"01. 남산","02. NHM Series","NHM5000","6K","7월","MH0015","NHM500-F31P-0-K30"
"01. 남산","02. NHM Series","NHM6300","6K","2월","MH0016","NHM630-F31P-0-K30"
"01. 남산","02. NHM Series","NHM6300","6K","3월","MH0016","NHM630-F31P-0-K30"
"01. 남산","02. NHM Series","NHM6300","6K","3월","MH0016","NHM630-F31P-0-K30"
"01. 남산","02. NHM Series","NHM6300","6K","3월","MH0016","NHM630-F31P-0-K30"
"01. 남산","02. NHM Series","NHM6300","6K","4월","MH0016","NHM630-F31P-0-K30"
"01. 남산","02. NHM Series","NHM6300","6K","4월","MH0016","NHM630-F31P-0-K30"
"01. 남산","02. NHM Series","NHM6300","6K","4월","MH0016","NHM630-F31P-0-K30"
"01. 남산","02. NHM Series","NHM6300","6K","4월","MH0016","NHM630-F31P-0-K30"
"01. 남산","02. NHM Series","NHM6300","6K","4월","MH0016","NHM630-F31P-0-K30"
"01. 남산","02. NHM Series","NHM6300","6K","5월","MH0016","NHM630-F31P-0-K30"
"01. 남산","02. NHM Series","NHM6300","6K","5월","MH0016","NHM630-F31P-0-K30"
"01. 남산","02. NHM Series","NHM6300","6K","5월","MH0016","NHM630-F31P-0-K30"
"01. 남산","02. NHM Series","NHM6300","6K","6월","MH0016","NHM630-F31P-0-K30"
"01. 남산","02. NHM Series","NHM6300","6K","6월","MH0016","NHM630-F31P-0-K30"
"01. 남산","02. NHM Series","NHM6300","6K","6월","MH0016","NHM630-F31P-0-K30"
"01. 남산","02. NHM Series","NHM6300","6K","6월","MH0016","NHM630-F31P-0-K30"
"01. 남산","02. NHM Series","NHM6300","6K","6월","MH0016","NHM630-F31P-0-K30"
"01. 남산","02. NHM Series","NHM6300","6K","7월","MH0016","NHM630-F31P-0-K30"
"01. 남산","02. NHM Series","NHM6300","6K","7월","MH0016","NHM630-F31P-0-K30"
"01. 남산","02. NHM Series","NHM6300","6K","7월","MH0016","NHM630-F31P-0-K30"
"01. 남산","02. NHM Series","NHM6300","6K","7월","MH0016","NHM630-F31P-0-K30"
"01. 남산","02. NHM Series","NHM6300","6K","7월","MH0016","NHM630-F31P-0-K30"
"01. 남산","02. NHM Series","NHM6300","6K","7월","MH0016","NHM630-F31P-0-K30"
"01. 남산","02. NHM Series","NHM6300","8K","5월","MH0016","NHM630-F31P-0-K30"
"01. 남산","02. NHM Series","NHM6300","8K","5월","MH0016","NHM630-F31P-0-K30"
"01. 남산","02. NHM Series","NHM6300","8K","6월","MH0016","NHM630-F31P-0-K30"
"01. 남산","02. NHM Series","NHM8000","6K","2월","MH0017","NHM800-F31P-0-K30"
"01. 남산","02. NHM Series","NHM8000","6K","2월","MH0017","NHM800-F31P-0-K30"
"01. 남산","02. NHM Series","NHM8000","6K","2월","MH0017","NHM800-F31P-0-K30"
"01. 남산","02. NHM Series","NHM8000","6K","3월","MH0017","NHM800-F31P-0-K30"
"01. 남산","02. NHM Series","NHM8000","6K","4월","MH0017","NHM800-F31P-0-K30"
"01. 남산","02. NHM Series","NHM8000","6K","4월","MH0017","NHM800-F31P-0-K30"
"01. 남산","02. NHM Series","NHM8000","6K","4월","MH0017","NHM800-F31P-0-K30"
"01. 남산","02. NHM Series","NHM8000","6K","5월","MH0017","NHM800-F31P-0-K30"
"01. 남산","02. NHM Series","NHM8000","6K","5월","MH0017","NHM800-F31P-0-K30"
"01. 남산","02. NHM Series","NHM8000","6K","5월","MH0017","NHM800-F31P-0-K30"
"01. 남산","02. NHM Series","NHM8000","6K","5월","MH0017","NHM800-F31P-0-K30"
"01. 남산","02. NHM Series","NHM8000","6K","6월","MH0017","NHM800-F31P-0-K30"
"01. 남산","02. NHM Series","NHM8000","6K","6월","MH0017","NHM800-F31P-0-K30"
"01. 남산","02. NHM Series","NHM8000","6K","6월","MH0017","NHM800-F31P-0-K30"
"01. 남산","02. NHM Series","NHM8000","6K","6월","MH0017","NHM800-F31P-0-K30"
"01. 남산","02. NHM Series","NHM8000","6K","6월","MH0017","NHM800-F31P-0-K30"
"01. 남산","02. NHM Series","NHM8000","6K","6월","MH0017","NHM800-F31P-0-K30"
"01. 남산","02. NHM Series","NHM8000","6K","7월","MH0017","NHM800-F31P-0-K30"
"01. 남산","02. NHM Series","NHM8000","6K","7월","MH0017","NHM800-F31P-0-K30"
"01. 남산","02. NHM Series","NHM8000","6K","7월","MH0017","NHM800-F31P-0-K30"
"01. 남산","02. NHM Series","NHM8000","6K","7월","MH0017","NHM800-F31P-0-K30"
"01. 남산","02. NHM Series","NHM8000","6K","7월","MH0017","NHM800-F31P-0-K30"
"01. 남산","03. HC/HP Series","HC400 II","8K","4월","MH0001","HC4002-F32P-0-K30"
"01. 남산","03. HC/HP Series","HC400 II","8K","4월","MH0001","HC4002-F32P-0-K30"
"01. 남산","03. HC/HP Series","HC400 II","8K","4월","MH0001","HC4002-F32P-0-K30"
"01. 남산","03. HC/HP Series","HC500 II","12K","6월","MH0003","HC5002-F32P-1-K31"
"01. 남산","03. HC/HP Series","NHC 4000","12K","3월","MH0053","NHC4000-F0MP-0-K30"
"01. 남산","03. HC/HP Series","NHC 4000","15K","4월","MH0053","NHC4000-F0MP-0-K30"
"01. 남산","03. HC/HP Series","NHC 4000","8K","5월","MH0053","NHC4000-F0MP-0-K30"
"01. 남산","03. HC/HP Series","NHC 4000","8K","6월","MH0053","NHC4000-F0MP-0-K30"
"01. 남산","03. HC/HP Series","NHC 4000","8K","6월","MH0053","NHC4000-F0MP-0-K30"
"01. 남산","03. HC/HP Series","NHC 4000","8K","6월","MH0053","NHC4000-F0MP-0-K30"
"01. 남산","03. HC/HP Series","NHC 4000","8K","7월","MH0053","NHC4000-F0MP-0-K30"
"01. 남산","03. HC/HP Series","NHC 4000","8K","7월","MH0053","NHC4000-F0MP-0-K30"
"01. 남산","03. HC/HP Series","NHC 4000","8K","7월","MH0053","NHC4000-F0MP-0-K30"
"01. 남산","03. HC/HP Series","NHC 4000","12K","4월","MH0053","NHC4000-F0MP-0-K30"
"01. 남산","03. HC/HP Series","NHC 4000","12K","4월","MH0053","NHC4000-F0MP-0-K30"
"01. 남산","03. HC/HP Series","NHC 4000","12K","4월","MH0053","NHC4000-F0MP-0-K30"
"01. 남산","03. HC/HP Series","NHC 5000","8K","5월","MH0054","NHC5000-F0MP-0-K30"
"01. 남산","03. HC/HP Series","NHC 5000","8K","5월","MH0054","NHC5000-F0MP-0-K30"
"01. 남산","03. HC/HP Series","NHC 5000","8K","7월","MH0054","NHC5000-F0MP-0-K30"
"01. 남산","03. HC/HP Series","NHC 5000","8K","7월","MH0054","NHC5000-F0MP-0-K30"
"01. 남산","03. HC/HP Series","NHC 5000","12K","2월","MH0054","NHC5000-F0MP-0-K30"
"01. 남산","03. HC/HP Series","NHC 5000","12K","2월","MH0054","NHC5000-F0MP-0-K30"
"01. 남산","03. HC/HP Series","NHC 5000","12K","2월","MH0054","NHC5000-F0MP-0-K30"
"01. 남산","03. HC/HP Series","NHC 5000","12K","2월","MH0054","NHC5000-F0MP-0-K30"
"01. 남산","03. HC/HP Series","NHC 5000","12K","2월","MH0054","NHC5000-F0MP-0-K30"
"01. 남산","03. HC/HP Series","NHC 5000","12K","2월","MH0054","NHC5000-F0MP-0-K30"
"01. 남산","03. HC/HP Series","NHC 5000","12K","3월","MH0054","NHC5000-F0MP-0-K30"
"01. 남산","03. HC/HP Series","NHC 5000","12K","3월","MH0054","NHC5000-F0MP-0-K30"
"01. 남산","03. HC/HP Series","NHC 5000","12K","3월","MH0054","NHC5000-F0MP-0-K30"
"01. 남산","03. HC/HP Series","NHC 5000","12K","3월","MH0054","NHC5000-F0MP-0-K30"
"01. 남산","03. HC/HP Series","NHC 5000","12K","3월","MH0054","NHC5000-F0MP-0-K30"
"01. 남산","03. HC/HP Series","NHC 5000","12K","4월","MH0054","NHC5000-F0MP-0-K30"
"01. 남산","03. HC/HP Series","NHC 5000","12K","5월","MH0054","NHC5000-F0MP-0-K30"
"01. 남산","03. HC/HP Series","NHC 5000","12K","7월","MH0054","NHC5000-F0MP-0-K30"
"01. 남산","03. HSP Series","HSP8000","12K","3월","MH0033","HSP800-F3KP-0-K50"
"01. 남산","03. HSP Series","HSP8000","12K","3월","MH0033","HSP800-F3KP-0-K50"
"01. 남산","04. NHC/NHP Series","NHP5500 II","10K","5월","MV0000","UNMAPPED_FALLBACK"
"01. 남산","04. NHC/NHP Series","NHP5500 II","10K","5월","MV0000","UNMAPPED_FALLBACK"
"01. 남산","04. NHC/NHP Series","NHP5500 II","10K","7월","MV0000","UNMAPPED_FALLBACK"
"01. 남산","04. NHC/NHP Series","NHP5500 II","10K","7월","MV0000","UNMAPPED_FALLBACK"
"01. 남산","04. NHC/NHP Series","NHP6300","6K","2월","MH0018","NHP630-F31P-0-K30"
"01. 남산","04. NHC/NHP Series","NHP6300","6K","2월","MH0018","NHP630-F31P-0-K30"
"01. 남산","04. NHC/NHP Series","NHP6300","6K","2월","MH0018","NHP630-F31P-0-K30"
"01. 남산","04. NHC/NHP Series","NHP6300","6K","3월","MH0018","NHP630-F31P-0-K30"
"01. 남산","04. NHC/NHP Series","NHP6300","6K","4월","MH0018","NHP630-F31P-0-K30"
"01. 남산","04. NHC/NHP Series","NHP6300","6K","4월","MH0018","NHP630-F31P-0-K30"
"01. 남산","04. NHC/NHP Series","NHP6300","6K","4월","MH0018","NHP630-F31P-0-K30"
"01. 남산","04. NHC/NHP Series","NHP6300","6K","5월","MH0018","NHP630-F31P-0-K30"
"01. 남산","04. NHC/NHP Series","NHP6300","6K","5월","MH0018","NHP630-F31P-0-K30"
"01. 남산","04. NHC/NHP Series","NHP6300","10K","2월","MH0018","NHP630-F31P-0-K30"
"01. 남산","04. NHC/NHP Series","NHP6300","10K","2월","MH0018","NHP630-F31P-0-K30"
"01. 남산","04. NHC/NHP Series","NHP6300","10K","3월","MH0018","NHP630-F31P-0-K30"
"01. 남산","04. NHC/NHP Series","NHP6300","10K","3월","MH0018","NHP630-F31P-0-K30"
"01. 남산","04. NHC/NHP Series","NHP6300","10K","5월","MH0018","NHP630-F31P-0-K30"
"01. 남산","04. NHC/NHP Series","NHP6300","10K","6월","MH0018","NHP630-F31P-0-K30"
"01. 남산","04. NHC/NHP Series","NHP6300","10K","6월","MH0018","NHP630-F31P-0-K30"
"01. 남산","04. NHC/NHP Series","NHP6300","10K","7월","MH0018","NHP630-F31P-0-K30"
"01. 남산","04. NHC/NHP Series","NHP8000","6K","2월","MH0022","NHP800-F31P-0-K30"
"01. 남산","04. NHC/NHP Series","NHP8000","6K","2월","MH0022","NHP800-F31P-0-K30"
"01. 남산","04. NHC/NHP Series","NHP8000","6K","2월","MH0022","NHP800-F31P-0-K30"
"01. 남산","04. NHC/NHP Series","NHP8000","6K","3월","MH0022","NHP800-F31P-0-K30"
"01. 남산","04. NHC/NHP Series","NHP8000","6K","3월","MH0022","NHP800-F31P-0-K30"
"01. 남산","04. NHC/NHP Series","NHP8000","6K","3월","MH0022","NHP800-F31P-0-K30"
"01. 남산","04. NHC/NHP Series","NHP8000","6K","3월","MH0022","NHP800-F31P-0-K30"
"01. 남산","04. NHC/NHP Series","NHP8000","6K","4월","MH0022","NHP800-F31P-0-K30"
"01. 남산","04. NHC/NHP Series","NHP8000","15K","3월","MH0022","NHP800-F31P-0-K30"
"01. 남산","04. NHC/NHP Series","NHP8000","10K","3월","MH0022","NHP800-F31P-0-K30"
"01. 남산","04. NHC/NHP Series","NHP8000","10K","3월","MH0022","NHP800-F31P-0-K30"
"01. 남산","04. NHC/NHP Series","NHP8000","10K","3월","MH0022","NHP800-F31P-0-K30"
"01. 남산","04. NHC/NHP Series","NHP8000","10K","6월","MH0022","NHP800-F31P-0-K30"
"01. 남산","04. NHC/NHP Series","NHP6300 II","8K","4월","MV0000","UNMAPPED_FALLBACK"
"01. 남산","04. NHC/NHP Series","NHP6300 II","8K","4월","MV0000","UNMAPPED_FALLBACK"
"01. 남산","04. NHC/NHP Series","NHP6300 II","8K","4월","MV0000","UNMAPPED_FALLBACK"
"01. 남산","04. NHC/NHP Series","NHP6300 II","8K","4월","MV0000","UNMAPPED_FALLBACK"
"01. 남산","04. NHC/NHP Series","NHP6300 II","8K","5월","MV0000","UNMAPPED_FALLBACK"
"01. 남산","04. NHC/NHP Series","NHP6300 II","8K","5월","MV0000","UNMAPPED_FALLBACK"
"01. 남산","04. NHC/NHP Series","NHP6300 II","8K","7월","MV0000","UNMAPPED_FALLBACK"
"01. 남산","04. NHC/NHP Series","NHP6300 II","8K","7월","MV0000","UNMAPPED_FALLBACK"
"01. 남산","04. NHC/NHP Series","NHP6300 II","8K","7월","MV0000","UNMAPPED_FALLBACK"
"01. 남산","04. NHC/NHP Series","NHP6300 II","8K","7월","MV0000","UNMAPPED_FALLBACK"
"01. 남산","04. NHC/NHP Series","NHP6300 II","12K","2월","MV0000","UNMAPPED_FALLBACK"
"01. 남산","04. NHC/NHP Series","NHP6300 II","12K","3월","MV0000","UNMAPPED_FALLBACK"
"01. 남산","04. NHC/NHP Series","NHP6300 II","12K","3월","MV0000","UNMAPPED_FALLBACK"
"01. 남산","04. NHC/NHP Series","NHP6300 II","12K","4월","MV0000","UNMAPPED_FALLBACK"
"01. 남산","04. NHC/NHP Series","NHP6300 II","12K","6월","MV0000","UNMAPPED_FALLBACK"
"01. 남산","04. NHC/NHP Series","NHP6300 II","12K","7월","MV0000","UNMAPPED_FALLBACK"
"01. 남산","04. NHC/NHP Series","NHP4000","15K","3월","MH0028","NHP400-F31B-0-K31"
"01. 남산","04. NHC/NHP Series","NHP4000","15K","3월","MH0028","NHP400-F31B-0-K31"
"01. 남산","04. NHC/NHP Series","NHP4000","15K","3월","MH0028","NHP400-F31B-0-K31"
"01. 남산","04. NHC/NHP Series","NHP4000","15K","3월","MH0028","NHP400-F31B-0-K31"
"01. 남산","04. NHC/NHP Series","NHP4000","15K","3월","MH0028","NHP400-F31B-0-K31"
"01. 남산","04. NHC/NHP Series","NHP4000","15K","3월","MH0028","NHP400-F31B-0-K31"
"01. 남산","04. NHC/NHP Series","NHP4000","15K","4월","MH0028","NHP400-F31B-0-K31"
"01. 남산","04. NHC/NHP Series","NHP4000","15K","4월","MH0028","NHP400-F31B-0-K31"
"01. 남산","04. NHC/NHP Series","NHP4000","15K","4월","MH0028","NHP400-F31B-0-K31"
"01. 남산","04. NHC/NHP Series","NHP4000","15K","4월","MH0028","NHP400-F31B-0-K31"
"01. 남산","04. NHC/NHP Series","NHP4000","15K","4월","MH0028","NHP400-F31B-0-K31"
"01. 남산","04. NHC/NHP Series","NHP4000","15K","4월","MH0028","NHP400-F31B-0-K31"
"01. 남산","04. NHC/NHP Series","NHP4000","15K","4월","MH0028","NHP400-F31B-0-K31"
"01. 남산","04. NHC/NHP Series","NHP4000","15K","4월","MH0028","NHP400-F31B-0-K31"
"01. 남산","04. NHC/NHP Series","NHP4000","15K","5월","MH0028","NHP400-F31B-0-K31"
"01. 남산","04. NHC/NHP Series","NHP4000","15K","5월","MH0028","NHP400-F31B-0-K31"
"01. 남산","04. NHC/NHP Series","NHP4000","15K","5월","MH0028","NHP400-F31B-0-K31"
"01. 남산","04. NHC/NHP Series","NHP4000","15K","6월","MH0028","NHP400-F31B-0-K31"
"01. 남산","04. NHC/NHP Series","NHP4000","15K","6월","MH0028","NHP400-F31B-0-K31"
"01. 남산","04. NHC/NHP Series","NHP4000","15K","6월","MH0028","NHP400-F31B-0-K31"
"01. 남산","04. NHC/NHP Series","NHP4000","15K","6월","MH0028","NHP400-F31B-0-K31"
"01. 남산","04. NHC/NHP Series","NHP4000","15K","6월","MH0028","NHP400-F31B-0-K31"
"01. 남산","04. NHC/NHP Series","NHP4000","15K","7월","MH0028","NHP400-F31B-0-K31"
"01. 남산","04. NHC/NHP Series","NHP4000","15K","7월","MH0028","NHP400-F31B-0-K31"
"01. 남산","04. NHC/NHP Series","NHP4000","15K","7월","MH0028","NHP400-F31B-0-K31"
"01. 남산","04. NHC/NHP Series","NHP4000","15K","7월","MH0028","NHP400-F31B-0-K31"
"01. 남산","04. NHC/NHP Series","NHP5000","15K","2월","MH0042","NHP5502-F31P-2-S31"
"01. 남산","04. NHC/NHP Series","NHP5000","15K","2월","MH0042","NHP5502-F31P-2-S31"
"01. 남산","04. NHC/NHP Series","NHP5000","15K","2월","MH0042","NHP5502-F31P-2-S31"
"01. 남산","04. NHC/NHP Series","NHP5000","15K","2월","MH0042","NHP5502-F31P-2-S31"
"01. 남산","04. NHC/NHP Series","NHP5000","15K","2월","MH0042","NHP5502-F31P-2-S31"
"01. 남산","04. NHC/NHP Series","NHP5000","15K","3월","MH0042","NHP5502-F31P-2-S31"
"01. 남산","04. NHC/NHP Series","NHP5000","15K","3월","MH0042","NHP5502-F31P-2-S31"
"01. 남산","04. NHC/NHP Series","NHP5000","15K","3월","MH0042","NHP5502-F31P-2-S31"
"01. 남산","04. NHC/NHP Series","NHP5000","15K","3월","MH0042","NHP5502-F31P-2-S31"
"01. 남산","04. NHC/NHP Series","NHP5000","15K","5월","MH0042","NHP5502-F31P-2-S31"
"01. 남산","04. NHC/NHP Series","NHP5000","15K","5월","MH0042","NHP5502-F31P-2-S31"
"01. 남산","04. NHC/NHP Series","NHP5000","15K","5월","MH0042","NHP5502-F31P-2-S31"
"01. 남산","04. NHC/NHP Series","NHP5000","15K","5월","MH0042","NHP5502-F31P-2-S31"
"01. 남산","04. NHC/NHP Series","NHP5000","15K","5월","MH0042","NHP5502-F31P-2-S31"
"01. 남산","04. NHC/NHP Series","NHP5000","15K","5월","MH0042","NHP5502-F31P-2-S31"
"01. 남산","04. NHC/NHP Series","NHP5000","15K","5월","MH0042","NHP5502-F31P-2-S31"
"01. 남산","04. NHC/NHP Series","NHP5000","15K","5월","MH0042","NHP5502-F31P-2-S31"
"01. 남산","04. NHC/NHP Series","NHP5000","15K","5월","MH0042","NHP5502-F31P-2-S31"
"01. 남산","04. NHC/NHP Series","NHP5000","15K","6월","MH0042","NHP5502-F31P-2-S31"
"01. 남산","04. NHC/NHP Series","NHP5000","15K","6월","MH0042","NHP5502-F31P-2-S31"
"01. 남산","04. NHC/NHP Series","NHP5000","15K","6월","MH0042","NHP5502-F31P-2-S31"
"01. 남산","04. NHC/NHP Series","NHP5000","15K","6월","MH0042","NHP5502-F31P-2-S31"
"01. 남산","04. NHC/NHP Series","NHP5000","15K","6월","MH0042","NHP5502-F31P-2-S31"
"01. 남산","04. NHC/NHP Series","NHP5000","15K","7월","MH0042","NHP5502-F31P-2-S31"
"01. 남산","04. NHC/NHP Series","NHP5000","15K","7월","MH0042","NHP5502-F31P-2-S31"
"01. 남산","04. NHC/NHP Series","NHP5000","15K","7월","MH0042","NHP5502-F31P-2-S31"
"01. 남산","04. NHC/NHP Series","NHP5000","15K","7월","MH0042","NHP5502-F31P-2-S31"
"01. 남산","04. NHC/NHP Series","NHP5000","20K(SONE)","2월","MH0042","NHP5502-F31P-2-S31"
"01. 남산","04. NHC/NHP Series","NHP5000","20K(SONE)","2월","MH0042","NHP5502-F31P-2-S31"
"01. 남산","04. NHC/NHP Series","NHP5000","20K(SONE)","2월","MH0042","NHP5502-F31P-2-S31"
"01. 남산","04. NHC/NHP Series","NHP5000","20K(SONE)","2월","MH0042","NHP5502-F31P-2-S31"
"01. 남산","04-1. DHF Series","DHF8000","6K","2월","MH0023","DHF800-F35P-0-K30"
"01. 남산","04-1. DHF Series","DHF8000","6K","2월","MH0023","DHF800-F35P-0-K30"
"01. 남산","04-1. DHF Series","DHF8000","6K","4월","MH0023","DHF800-F35P-0-K30"
"01. 남산","04-1. DHF Series","DHF8000","15K(SONE)","3월","MH0023","DHF800-F35P-0-K30"
"01. 남산","04-1. DHF Series","DHF8000","15K(SONE)","6월","MH0023","DHF800-F35P-0-K30"
"01. 남산","04-1. DHF Series","DHF8000","15K(SONE)","7월","MH0023","DHF800-F35P-0-K30"
"01. 남산","04-1. DHF Series","DHF8000","15K","6월","MH0023","DHF800-F35P-0-K30"
"01. 남산","04-1. DHF Series","DHF8000","6K(SONE)","5월","MH0023","DHF800-F35P-0-K30"
"01. 남산","04-1. DHF Series","DHF8000","6K(SONE)","5월","MH0023","DHF800-F35P-0-K30"
"01. 남산","04-1. DHF Series","DHF8000","30K(SONE)","4월","MH0023","DHF800-F35P-0-K30"
"01. 남산","04-1. DHF Series","DHF 5500","20K(SONE)","3월","MY0532","DHF5500-SONF-0-X09"
"01. 남산","04-1. DHF Series","DHF 5500","20K(SONE)","3월","MY0532","DHF5500-SONF-0-X09"
"01. 남산","04-1. DHF Series","DHF 5500","20K(SONE)","3월","MY0532","DHF5500-SONF-0-X09"
"01. 남산","11. DVF Series","DVF8000","18K","2월","MV0112","DVF8000-F35P-0-K30"
"01. 남산","11. DVF Series","DVF8000","18K","4월","MV0112","DVF8000-F35P-0-K30"
"01. 남산","11. DVF Series","DVF8000","18K","4월","MV0112","DVF8000-F35P-0-K30"
"01. 남산","11. DVF Series","DVF8000","18K(H/H)","3월","MV0112","DVF8000-F35P-0-K30"
"01. 남산","11. DVF Series","DVF8000","18K(SONE)","3월","MV0112","DVF8000-F35P-0-K30"
"01. 남산","11. DVF Series","DVF8000","18K(SONE)","4월","MV0112","DVF8000-F35P-0-K30"
"01. 남산","11. DVF Series","DVF8000","18K(SONE)","5월","MV0112","DVF8000-F35P-0-K30"
"01. 남산","11. DVF Series","DVF8000","12K","2월","MV0112","DVF8000-F35P-0-K30"
"01. 남산","11. DVF Series","DVF8000","12K","4월","MV0112","DVF8000-F35P-0-K30"
"01. 남산","11. DVF Series","DVF8000","12K","5월","MV0112","DVF8000-F35P-0-K30"
"01. 남산","11. DVF Series","DVF8000","12K","6월","MV0112","DVF8000-F35P-0-K30"
"01. 남산","11. DVF Series","DVF8000","12K","7월","MV0112","DVF8000-F35P-0-K30"
"01. 남산","11. DVF Series","DVF8000/50","10K","4월","MV0112","DVF8000-F35P-0-K30"
"01. 남산","11. DVF Series","DVF8000/50","10K(H/H)","6월","MV0112","DVF8000-F35P-0-K30"
"01. 남산","11. DVF Series","DVF5000 II","15K(H/H)","2월","MV0111","DVF5000-F3KQ-1-K50"
"01. 남산","11. DVF Series","DVF5000 II","15K(H/H)","2월","MV0111","DVF5000-F3KQ-1-K50"
"01. 남산","11. DVF Series","DVF5000 II","15K(H/H)","2월","MV0111","DVF5000-F3KQ-1-K50"
"01. 남산","11. DVF Series","DVF5000 II","15K(H/H)","3월","MV0111","DVF5000-F3KQ-1-K50"
"01. 남산","11. DVF Series","DVF5000 II","15K(H/H)","3월","MV0111","DVF5000-F3KQ-1-K50"
"01. 남산","11. DVF Series","DVF5000 II","15K(H/H)","3월","MV0111","DVF5000-F3KQ-1-K50"
"01. 남산","11. DVF Series","DVF5000 II","15K(H/H)","3월","MV0111","DVF5000-F3KQ-1-K50"
"01. 남산","11. DVF Series","DVF5000 II","15K(H/H)","3월","MV0111","DVF5000-F3KQ-1-K50"
"01. 남산","11. DVF Series","DVF5000 II","15K(H/H)","3월","MV0111","DVF5000-F3KQ-1-K50"
"01. 남산","11. DVF Series","DVF5000 II","15K(H/H)","3월","MV0111","DVF5000-F3KQ-1-K50"
"01. 남산","11. DVF Series","DVF5000 II","15K(H/H)","3월","MV0111","DVF5000-F3KQ-1-K50"
"01. 남산","11. DVF Series","DVF5000 II","15K(H/H)","3월","MV0111","DVF5000-F3KQ-1-K50"
"01. 남산","11. DVF Series","DVF5000 II","15K(H/H)","3월","MV0111","DVF5000-F3KQ-1-K50"
"01. 남산","11. DVF Series","DVF5000 II","15K(H/H)","4월","MV0111","DVF5000-F3KQ-1-K50"
"01. 남산","11. DVF Series","DVF5000 II","15K(H/H)","4월","MV0111","DVF5000-F3KQ-1-K50"
"01. 남산","11. DVF Series","DVF5000 II","15K(H/H)","4월","MV0111","DVF5000-F3KQ-1-K50"
"01. 남산","11. DVF Series","DVF5000 II","15K(H/H)","5월","MV0111","DVF5000-F3KQ-1-K50"
"01. 남산","11. DVF Series","DVF5000 II","15K(H/H)","5월","MV0111","DVF5000-F3KQ-1-K50"
"01. 남산","11. DVF Series","DVF5000 II","15K(H/H)","5월","MV0111","DVF5000-F3KQ-1-K50"
"01. 남산","11. DVF Series","DVF5000 II","15K(H/H)","5월","MV0111","DVF5000-F3KQ-1-K50"
"01. 남산","11. DVF Series","DVF5000 II","15K(H/H)","6월","MV0111","DVF5000-F3KQ-1-K50"
"01. 남산","11. DVF Series","DVF5000 II","15K(H/H)","6월","MV0111","DVF5000-F3KQ-1-K50"
"01. 남산","11. DVF Series","DVF5000 II","15K(H/H)","6월","MV0111","DVF5000-F3KQ-1-K50"
"01. 남산","11. DVF Series","DVF5000 II","15K(H/H)","6월","MV0111","DVF5000-F3KQ-1-K50"
"01. 남산","11. DVF Series","DVF5000 II","15K(H/H)","6월","MV0111","DVF5000-F3KQ-1-K50"
"01. 남산","11. DVF Series","DVF5000 II","15K(H/H)","7월","MV0111","DVF5000-F3KQ-1-K50"
"01. 남산","11. DVF Series","DVF5000 II","15K(H/H)","7월","MV0111","DVF5000-F3KQ-1-K50"
"01. 남산","11. DVF Series","DVF5000 II","15K(H/H)","7월","MV0111","DVF5000-F3KQ-1-K50"
"01. 남산","11. DVF Series","DVF5000 II","15K(H/H)","7월","MV0111","DVF5000-F3KQ-1-K50"
"01. 남산","11. DVF Series","DVF5000 II","15K(H/H)","7월","MV0111","DVF5000-F3KQ-1-K50"
"01. 남산","11. DVF Series","DVF5000 II","15K(H/H)","7월","MV0111","DVF5000-F3KQ-1-K50"
"01. 남산","11. DVF Series","DVF5000 II","15K(H/H)","7월","MV0111","DVF5000-F3KQ-1-K50"
"01. 남산","11. DVF Series","DVF5000 II","15K(H/H)","7월","MV0111","DVF5000-F3KQ-1-K50"
"01. 남산","11. DVF Series","DVF5000 II","15K(H/H)","7월","MV0111","DVF5000-F3KQ-1-K50"
"01. 남산","11. DVF Series","DVF5000 II","15K(SONE)","2월","MV0111","DVF5000-F3KQ-1-K50"
"01. 남산","11. DVF Series","DVF5000 II","15K(SONE)","3월","MV0111","DVF5000-F3KQ-1-K50"
"01. 남산","11. DVF Series","DVF5000 II","15K(SONE)","4월","MV0111","DVF5000-F3KQ-1-K50"
"01. 남산","11. DVF Series","DVF5000 II","15K(SONE)","4월","MV0111","DVF5000-F3KQ-1-K50"
"01. 남산","11. DVF Series","DVF5000 II","15K(SONE)","4월","MV0111","DVF5000-F3KQ-1-K50"
"01. 남산","11. DVF Series","DVF5000 II","15K(SONE)","4월","MV0111","DVF5000-F3KQ-1-K50"
"01. 남산","11. DVF Series","DVF5000 II","15K(SONE)","4월","MV0111","DVF5000-F3KQ-1-K50"
"01. 남산","11. DVF Series","DVF5000 II","15K(SONE)","5월","MV0111","DVF5000-F3KQ-1-K50"
"01. 남산","11. DVF Series","DVF5000 II","15K(SONE)","5월","MV0111","DVF5000-F3KQ-1-K50"
"01. 남산","11. DVF Series","DVF5000 II","15K(SONE)","6월","MV0111","DVF5000-F3KQ-1-K50"
"01. 남산","11. DVF Series","DVF5000 II","15K(SONE)","6월","MV0111","DVF5000-F3KQ-1-K50"
"01. 남산","11. DVF Series","DVF5000 II","15K(SONE)","6월","MV0111","DVF5000-F3KQ-1-K50"
"01. 남산","11. DVF Series","DVF5000 II","15K(SONE)","7월","MV0111","DVF5000-F3KQ-1-K50"
"01. 남산","11. DVF Series","DVF5000 II","15K","2월","MV0111","DVF5000-F3KQ-1-K50"
"01. 남산","11. DVF Series","DVF5000 II","15K","2월","MV0111","DVF5000-F3KQ-1-K50"
"01. 남산","11. DVF Series","DVF5000 II","15K","2월","MV0111","DVF5000-F3KQ-1-K50"
"01. 남산","11. DVF Series","DVF5000 II","15K","2월","MV0111","DVF5000-F3KQ-1-K50"
"01. 남산","11. DVF Series","DVF5000 II","15K","3월","MV0111","DVF5000-F3KQ-1-K50"
"01. 남산","11. DVF Series","DVF5000 II","15K","3월","MV0111","DVF5000-F3KQ-1-K50"
"01. 남산","11. DVF Series","DVF5000 II","15K","3월","MV0111","DVF5000-F3KQ-1-K50"
"01. 남산","11. DVF Series","DVF5000 II","15K","3월","MV0111","DVF5000-F3KQ-1-K50"
"01. 남산","11. DVF Series","DVF5000 II","15K","3월","MV0111","DVF5000-F3KQ-1-K50"
"01. 남산","11. DVF Series","DVF5000 II","15K","3월","MV0111","DVF5000-F3KQ-1-K50"
"01. 남산","11. DVF Series","DVF5000 II","15K","3월","MV0111","DVF5000-F3KQ-1-K50"
"01. 남산","11. DVF Series","DVF5000 II","15K","3월","MV0111","DVF5000-F3KQ-1-K50"
"01. 남산","11. DVF Series","DVF5000 II","15K","4월","MV0111","DVF5000-F3KQ-1-K50"
"01. 남산","11. DVF Series","DVF5000 II","15K","4월","MV0111","DVF5000-F3KQ-1-K50"
"01. 남산","11. DVF Series","DVF5000 II","15K","4월","MV0111","DVF5000-F3KQ-1-K50"
"01. 남산","11. DVF Series","DVF5000 II","15K","4월","MV0111","DVF5000-F3KQ-1-K50"
"01. 남산","11. DVF Series","DVF5000 II","15K","5월","MV0111","DVF5000-F3KQ-1-K50"
"01. 남산","11. DVF Series","DVF5000 II","15K","5월","MV0111","DVF5000-F3KQ-1-K50"
"01. 남산","11. DVF Series","DVF5000 II","15K","5월","MV0111","DVF5000-F3KQ-1-K50"
"01. 남산","11. DVF Series","DVF5000 II","15K","5월","MV0111","DVF5000-F3KQ-1-K50"
"01. 남산","11. DVF Series","DVF5000 II","15K","6월","MV0111","DVF5000-F3KQ-1-K50"
"01. 남산","11. DVF Series","DVF5000 II","15K","6월","MV0111","DVF5000-F3KQ-1-K50"
"01. 남산","11. DVF Series","DVF5000 II","15K","6월","MV0111","DVF5000-F3KQ-1-K50"
"01. 남산","11. DVF Series","DVF5000 II","15K","6월","MV0111","DVF5000-F3KQ-1-K50"
"01. 남산","11. DVF Series","DVF5000 II","15K","6월","MV0111","DVF5000-F3KQ-1-K50"
"01. 남산","11. DVF Series","DVF5000 II","15K","6월","MV0111","DVF5000-F3KQ-1-K50"
"01. 남산","11. DVF Series","DVF5000 II","15K","6월","MV0111","DVF5000-F3KQ-1-K50"
"01. 남산","11. DVF Series","DVF5000 II","15K","6월","MV0111","DVF5000-F3KQ-1-K50"
"01. 남산","11. DVF Series","DVF5000 II","15K","7월","MV0111","DVF5000-F3KQ-1-K50"
"01. 남산","11. DVF Series","DVF5000 II","15K","7월","MV0111","DVF5000-F3KQ-1-K50"
"01. 남산","11. DVF Series","DVF5000 II","15K","7월","MV0111","DVF5000-F3KQ-1-K50"
"01. 남산","11. DVF Series","DVF5000 II","15K","7월","MV0111","DVF5000-F3KQ-1-K50"
"01. 남산","11. DVF Series","DVF5000 II","15K","7월","MV0111","DVF5000-F3KQ-1-K50"
"01. 남산","11. DVF Series","DVF5000 II","15K","7월","MV0111","DVF5000-F3KQ-1-K50"
"01. 남산","11. DVF Series","DVF5000 II","15K","7월","MV0111","DVF5000-F3KQ-1-K50"
"01. 남산","11. DVF Series","DVF5000 II","15K","7월","MV0111","DVF5000-F3KQ-1-K50"
"01. 남산","11. DVF Series","DVF5000 II","20K(H/H)","2월","MV0111","DVF5000-F3KQ-1-K50"
"01. 남산","11. DVF Series","DVF5000 II","20K(H/H)","2월","MV0111","DVF5000-F3KQ-1-K50"
"01. 남산","11. DVF Series","DVF5000 II","20K(H/H)","2월","MV0111","DVF5000-F3KQ-1-K50"
"01. 남산","11. DVF Series","DVF5000 II","20K(H/H)","2월","MV0111","DVF5000-F3KQ-1-K50"
"01. 남산","11. DVF Series","DVF5000 II","20K(H/H)","2월","MV0111","DVF5000-F3KQ-1-K50"
"01. 남산","11. DVF Series","DVF5000 II","20K(H/H)","2월","MV0111","DVF5000-F3KQ-1-K50"
"01. 남산","11. DVF Series","DVF5000 II","20K(H/H)","5월","MV0111","DVF5000-F3KQ-1-K50"
"01. 남산","11. DVF Series","DVF5000 II","20K(H/H)","6월","MV0111","DVF5000-F3KQ-1-K50"
"01. 남산","11. DVF Series","DVF5000 II","20K(SONE)","2월","MV0111","DVF5000-F3KQ-1-K50"
"01. 남산","11. DVF Series","DVF5000 II","20K(SONE)","2월","MV0111","DVF5000-F3KQ-1-K50"
"01. 남산","11. DVF Series","DVF5000 II","20K(SONE)","2월","MV0111","DVF5000-F3KQ-1-K50"
"01. 남산","11. DVF Series","DVF5000 II","20K(SONE)","2월","MV0111","DVF5000-F3KQ-1-K50"
"01. 남산","11. DVF Series","DVF5000 II","20K(SONE)","2월","MV0111","DVF5000-F3KQ-1-K50"
"01. 남산","11. DVF Series","DVF5000 II","20K(SONE)","2월","MV0111","DVF5000-F3KQ-1-K50"
"01. 남산","11. DVF Series","DVF5000 II","20K(SONE)","3월","MV0111","DVF5000-F3KQ-1-K50"
"01. 남산","11. DVF Series","DVF5000 II","20K(SONE)","3월","MV0111","DVF5000-F3KQ-1-K50"
"01. 남산","11. DVF Series","DVF5000 II","20K(SONE)","3월","MV0111","DVF5000-F3KQ-1-K50"
"01. 남산","11. DVF Series","DVF5000 II","20K(SONE)","3월","MV0111","DVF5000-F3KQ-1-K50"
"01. 남산","11. DVF Series","DVF5000 II","20K(SONE)","4월","MV0111","DVF5000-F3KQ-1-K50"
"01. 남산","11. DVF Series","DVF5000 II","20K(SONE)","4월","MV0111","DVF5000-F3KQ-1-K50"
"01. 남산","11. DVF Series","DVF5000 II","20K(SONE)","4월","MV0111","DVF5000-F3KQ-1-K50"
"01. 남산","11. DVF Series","DVF5000 II","20K(SONE)","5월","MV0111","DVF5000-F3KQ-1-K50"
"01. 남산","11. DVF Series","DVF5000 II","20K(SONE)","5월","MV0111","DVF5000-F3KQ-1-K50"
"01. 남산","11. DVF Series","DVF5000 II","20K(SONE)","5월","MV0111","DVF5000-F3KQ-1-K50"
"01. 남산","11. DVF Series","DVF5000 II","20K(SONE)","5월","MV0111","DVF5000-F3KQ-1-K50"
"01. 남산","11. DVF Series","DVF5000 II","20K(SONE)","5월","MV0111","DVF5000-F3KQ-1-K50"
"01. 남산","11. DVF Series","DVF5000 II","20K(SONE)","5월","MV0111","DVF5000-F3KQ-1-K50"
"01. 남산","11. DVF Series","DVF5000 II","20K(SONE)","5월","MV0111","DVF5000-F3KQ-1-K50"
"01. 남산","11. DVF Series","DVF5000 II","20K(SONE)","6월","MV0111","DVF5000-F3KQ-1-K50"
"01. 남산","11. DVF Series","DVF5000 II","20K(SONE)","6월","MV0111","DVF5000-F3KQ-1-K50"
"01. 남산","11. DVF Series","DVF5000 II","20K(SONE)","6월","MV0111","DVF5000-F3KQ-1-K50"
"01. 남산","11. DVF Series","DVF5000 II","20K(SONE)","7월","MV0111","DVF5000-F3KQ-1-K50"
"01. 남산","11. DVF Series","DVF5000 II","20K(SONE)","7월","MV0111","DVF5000-F3KQ-1-K50"
"01. 남산","11. DVF Series","DVF5000 II","20K(SONE)","7월","MV0111","DVF5000-F3KQ-1-K50"
"01. 남산","11. DVF Series","DVF5000 II","(비어 있음)","5월","MV0111","DVF5000-F3KQ-1-K50"
"01. 남산","11. DVF Series","DVF5000 II","(비어 있음)","6월","MV0111","DVF5000-F3KQ-1-K50"
"01. 남산","11. DVF Series","DVF5000 II","(비어 있음)","7월","MV0111","DVF5000-F3KQ-1-K50"
"01. 남산","11. DVF Series","DVF5000 II","(비어 있음)","7월","MV0111","DVF5000-F3KQ-1-K50"
"01. 남산","11. DVF Series","DVF5000 II","20K","2월","MV0111","DVF5000-F3KQ-1-K50"
"01. 남산","11. DVF Series","DVF5000 II","20K","2월","MV0111","DVF5000-F3KQ-1-K50"
"01. 남산","11. DVF Series","DVF5000 II","20K","2월","MV0111","DVF5000-F3KQ-1-K50"
"01. 남산","11. DVF Series","DVF5000 II","20K","2월","MV0111","DVF5000-F3KQ-1-K50"
"01. 남산","11. DVF Series","DVF5000 II","20K","3월","MV0111","DVF5000-F3KQ-1-K50"
"01. 남산","11. DVF Series","DVF5000 II","20K","3월","MV0111","DVF5000-F3KQ-1-K50"
"01. 남산","11. DVF Series","DVF5000 II","20K","3월","MV0111","DVF5000-F3KQ-1-K50"
"01. 남산","11. DVF Series","DVF5000 II","20K","3월","MV0111","DVF5000-F3KQ-1-K50"
"01. 남산","11. DVF Series","DVF5000 II","20K","3월","MV0111","DVF5000-F3KQ-1-K50"
"01. 남산","11. DVF Series","DVF5000 II","20K","3월","MV0111","DVF5000-F3KQ-1-K50"
"01. 남산","11. DVF Series","DVF5000 II","20K","3월","MV0111","DVF5000-F3KQ-1-K50"
"01. 남산","11. DVF Series","DVF5000 II","20K","3월","MV0111","DVF5000-F3KQ-1-K50"
"01. 남산","11. DVF Series","DVF5000 II","20K","4월","MV0111","DVF5000-F3KQ-1-K50"
"01. 남산","11. DVF Series","DVF5000 II","20K","4월","MV0111","DVF5000-F3KQ-1-K50"
"01. 남산","11. DVF Series","DVF5000 II","20K","4월","MV0111","DVF5000-F3KQ-1-K50"
"01. 남산","11. DVF Series","DVF5000 II","20K","4월","MV0111","DVF5000-F3KQ-1-K50"
"01. 남산","11. DVF Series","DVF5000 II","20K","4월","MV0111","DVF5000-F3KQ-1-K50"
"01. 남산","11. DVF Series","DVF5000 II","20K","4월","MV0111","DVF5000-F3KQ-1-K50"
"01. 남산","11. DVF Series","DVF5000 II","20K","4월","MV0111","DVF5000-F3KQ-1-K50"
"01. 남산","11. DVF Series","DVF5000 II","20K","4월","MV0111","DVF5000-F3KQ-1-K50"
"01. 남산","11. DVF Series","DVF5000 II","20K","4월","MV0111","DVF5000-F3KQ-1-K50"
"01. 남산","11. DVF Series","DVF5000 II","20K","4월","MV0111","DVF5000-F3KQ-1-K50"
"01. 남산","11. DVF Series","DVF5000 II","20K","4월","MV0111","DVF5000-F3KQ-1-K50"
"01. 남산","11. DVF Series","DVF5000 II","20K","4월","MV0111","DVF5000-F3KQ-1-K50"
"01. 남산","11. DVF Series","DVF5000 II","20K","4월","MV0111","DVF5000-F3KQ-1-K50"
"01. 남산","11. DVF Series","DVF5000 II","20K","4월","MV0111","DVF5000-F3KQ-1-K50"
"01. 남산","11. DVF Series","DVF5000 II","20K","4월","MV0111","DVF5000-F3KQ-1-K50"
"01. 남산","11. DVF Series","DVF5000 II","20K","5월","MV0111","DVF5000-F3KQ-1-K50"
"01. 남산","11. DVF Series","DVF5000 II","20K","5월","MV0111","DVF5000-F3KQ-1-K50"
"01. 남산","11. DVF Series","DVF5000 II","20K","5월","MV0111","DVF5000-F3KQ-1-K50"
"01. 남산","11. DVF Series","DVF5000 II","20K","5월","MV0111","DVF5000-F3KQ-1-K50"
"01. 남산","11. DVF Series","DVF5000 II","20K","5월","MV0111","DVF5000-F3KQ-1-K50"
"01. 남산","11. DVF Series","DVF5000 II","20K","5월","MV0111","DVF5000-F3KQ-1-K50"
"01. 남산","11. DVF Series","DVF5000 II","20K","5월","MV0111","DVF5000-F3KQ-1-K50"
"01. 남산","11. DVF Series","DVF5000 II","20K","5월","MV0111","DVF5000-F3KQ-1-K50"
"01. 남산","11. DVF Series","DVF5000 II","20K","5월","MV0111","DVF5000-F3KQ-1-K50"
"01. 남산","11. DVF Series","DVF5000 II","20K","5월","MV0111","DVF5000-F3KQ-1-K50"
"01. 남산","11. DVF Series","DVF5000 II","20K","5월","MV0111","DVF5000-F3KQ-1-K50"
"01. 남산","11. DVF Series","DVF5000 II","20K","6월","MV0111","DVF5000-F3KQ-1-K50"
"01. 남산","11. DVF Series","DVF5000 II","20K","6월","MV0111","DVF5000-F3KQ-1-K50"
"01. 남산","11. DVF Series","DVF5000 II","20K","6월","MV0111","DVF5000-F3KQ-1-K50"
"01. 남산","11. DVF Series","DVF5000 II","20K","6월","MV0111","DVF5000-F3KQ-1-K50"
"01. 남산","11. DVF Series","DVF5000 II","20K","6월","MV0111","DVF5000-F3KQ-1-K50"
"01. 남산","11. DVF Series","DVF5000 II","20K","6월","MV0111","DVF5000-F3KQ-1-K50"
"01. 남산","11. DVF Series","DVF5000 II","20K","6월","MV0111","DVF5000-F3KQ-1-K50"
"01. 남산","11. DVF Series","DVF5000 II","20K","6월","MV0111","DVF5000-F3KQ-1-K50"
"01. 남산","11. DVF Series","DVF5000 II","20K","6월","MV0111","DVF5000-F3KQ-1-K50"
"01. 남산","11. DVF Series","DVF5000 II","20K","7월","MV0111","DVF5000-F3KQ-1-K50"
"01. 남산","11. DVF Series","DVF5000 II","20K","7월","MV0111","DVF5000-F3KQ-1-K50"
"01. 남산","11. DVF Series","DVF5000 II","20K","7월","MV0111","DVF5000-F3KQ-1-K50"
"01. 남산","11. DVF Series","DVF5000 II","20K","7월","MV0111","DVF5000-F3KQ-1-K50"
"01. 남산","11. DVF Series","DVF5000 II","20K","7월","MV0111","DVF5000-F3KQ-1-K50"
"01. 남산","11. DVF Series","DVF5000 II","20K","7월","MV0111","DVF5000-F3KQ-1-K50"
"01. 남산","11. DVF Series","DVF5000 II","20K","7월","MV0111","DVF5000-F3KQ-1-K50"
"01. 남산","11. DVF Series","DVF5000","18K","3월","MV0111","DVF5000-F3KQ-1-K50"
"01. 남산","11. DVF Series","DVF 4000 III","18K","2월","MV0166","DVF4000-HT07-1-B51"
"01. 남산","11. DVF Series","DVF 5000 III","18K","2월","MV0111","DVF5000-F3KQ-1-K50"
"01. 남산","17. VCF 850 Series","VCF850LSR","18K","2월","MV0000","UNMAPPED_FALLBACK"
"01. 남산","17. VCF 850 Series","VCF850LSR","18K","3월","MV0000","UNMAPPED_FALLBACK"
"01. 남산","17. VCF 850 Series","VCF850LSR","18K(H/H)","3월","MV0000","UNMAPPED_FALLBACK"
"01. 남산","17. VCF 850 Series","VCF850LSR","12K","2월","MV0000","UNMAPPED_FALLBACK"
"01. 남산","17. VCF 850 Series","VCF850LSR","12K","3월","MV0000","UNMAPPED_FALLBACK"
"01. 남산","17. VCF 850 Series","VCF850LSR","12K","4월","MV0000","UNMAPPED_FALLBACK"
"01. 남산","17. VCF 850 Series","VCF850LSR","12K","6월","MV0000","UNMAPPED_FALLBACK"
"01. 남산","17. VCF 850 Series","VCF850LSR","12K","6월","MV0000","UNMAPPED_FALLBACK"
"01. 남산","17. VCF 850 Series","VCF850LSR","12K","7월","MV0000","UNMAPPED_FALLBACK"
"01. 남산","17. VCF 850 Series","VCF850LSR","12K","7월","MV0000","UNMAPPED_FALLBACK"
"01. 남산","17. VCF 850 Series","VCF850SR","12K(SONE)","6월","MV0000","UNMAPPED_FALLBACK"
"01. 남산","34. BORING","DBD1280","12K","3월","MY0379","DBD1280-F32P-0-Z09"
"01. 남산","22.1. P2600 Series II","PUMA 2600SY II","지멘스","2월","MV0000","UNMAPPED_FALLBACK"
"01. 남산","22.1. P2600 Series II","PUMA 2600SY II","지멘스","2월","MV0000","UNMAPPED_FALLBACK"
"01. 남산","25. P4100 Series","PUMA 4100B","지멘스","2월","ML0278","P4100B-F0TP-0-K30"
"01. 남산","25. P4100 Series","PUMA 4100B","지멘스","2월","ML0278","P4100B-F0TP-0-K30"
"01. 남산","25. P4100 Series","PUMA 4100B","지멘스","2월","ML0278","P4100B-F0TP-0-K30"
"01. 남산","25. P4100 Series","PUMA 4100B","지멘스","3월","ML0278","P4100B-F0TP-0-K30"
"01. 남산","25. P4100 Series","PUMA 4100B","지멘스","4월","ML0278","P4100B-F0TP-0-K30"
"01. 남산","25. P4100 Series","PUMA 4100B","지멘스","4월","ML0278","P4100B-F0TP-0-K30"
"01. 남산","25. P4100 Series","PUMA 4100B","지멘스","6월","ML0278","P4100B-F0TP-0-K30"
"01. 남산","25. P4100 Series","PUMA 4100B","지멘스","7월","ML0278","P4100B-F0TP-0-K30"
"01. 남산","25. P4100 Series","PUMA 4100B","지멘스","7월","ML0278","P4100B-F0TP-0-K30"
"01. 남산","25. P4100 Series","PUMA 4100C","지멘스","2월","ML0284","P4100C-F0TP-0-K30"
"01. 남산","25. P4100 Series","PUMA 4100C","지멘스","6월","ML0284","P4100C-F0TP-0-K30"
"01. 남산","25. P4100 Series","PUMA 4100C","지멘스","7월","ML0284","P4100C-F0TP-0-K30"
"01. 남산","25. P4100 Series","PUMA 4100C","지멘스","7월","ML0284","P4100C-F0TP-0-K30"
"01. 남산","25. P4100 Series","PUMA 4100LB","지멘스","7월","MV0000","UNMAPPED_FALLBACK"
"01. 남산","25. P4100 Series","PUMA 4100LC","지멘스","5월","MV0000","UNMAPPED_FALLBACK"
"01. 남산","25. P4100 Series","PUMA 4100LC","지멘스","5월","MV0000","UNMAPPED_FALLBACK"
"01. 남산","25. P4100 Series","PUMA 4100LC","지멘스","6월","MV0000","UNMAPPED_FALLBACK"
"01. 남산","25. P4100 Series","PUMA 4100LC","지멘스","6월","MV0000","UNMAPPED_FALLBACK"
"01. 남산","25. P4100 Series","PUMA 4100LMB","지멘스","4월","MV0000","UNMAPPED_FALLBACK"
"01. 남산","25. P4100 Series","PUMA 4100LMB","지멘스","5월","MV0000","UNMAPPED_FALLBACK"
"01. 남산","25. P4100 Series","PUMA 4100MB","지멘스","3월","MV0000","UNMAPPED_FALLBACK"
"01. 남산","25. P4100 Series","PUMA 4100MB","지멘스","4월","MV0000","UNMAPPED_FALLBACK"
"01. 남산","25. P4100 Series","PUMA 4100MB","지멘스","5월","MV0000","UNMAPPED_FALLBACK"
"01. 남산","25. P4100 Series","PUMA 4100MB","지멘스","5월","MV0000","UNMAPPED_FALLBACK"
"01. 남산","25. P4100 Series","PUMA 4100MB","지멘스","5월","MV0000","UNMAPPED_FALLBACK"
"01. 남산","25. P4100 Series","PUMA 4100MB","지멘스","5월","MV0000","UNMAPPED_FALLBACK"
"01. 남산","25. P4100 Series","PUMA 4100MB","지멘스","5월","MV0000","UNMAPPED_FALLBACK"
"01. 남산","25. P4100 Series","PUMA 4100MB","지멘스","5월","MV0000","UNMAPPED_FALLBACK"
"01. 남산","25. P4100 Series","PUMA 4100MB","지멘스","6월","MV0000","UNMAPPED_FALLBACK"
"01. 남산","25. P4100 Series","PUMA 4100MB","지멘스","7월","MV0000","UNMAPPED_FALLBACK"
"01. 남산","25. P4100 Series","PUMA 4100MB","지멘스","7월","MV0000","UNMAPPED_FALLBACK"
"01. 남산","25. P4100 Series","PUMA 4100MA","지멘스","4월","MV0000","UNMAPPED_FALLBACK"
"01. 남산","25. P4100 Series","PUMA 4100XLA","지멘스","2월","MV0000","UNMAPPED_FALLBACK"
"01. 남산","25. P4100 Series","PUMA 4100XLA","지멘스","5월","MV0000","UNMAPPED_FALLBACK"
"01. 남산","25. P4100 Series","PUMA 4100XLB","지멘스","2월","MV0000","UNMAPPED_FALLBACK"
"01. 남산","25. P4100 Series","PUMA 4100XLB","지멘스","3월","MV0000","UNMAPPED_FALLBACK"
"01. 남산","25. P4100 Series","PUMA 4100XLB","지멘스","4월","MV0000","UNMAPPED_FALLBACK"
"01. 남산","25. P4100 Series","PUMA 4100XLB","지멘스","7월","MV0000","UNMAPPED_FALLBACK"
"01. 남산","25. P4100 Series","PUMA 4100XLB","지멘스","7월","MV0000","UNMAPPED_FALLBACK"
"01. 남산","25. P4100 Series","PUMA 4100XLB","지멘스","2월","MV0000","UNMAPPED_FALLBACK"
"01. 남산","25. P4100 Series","PUMA 4100XLMB","지멘스","2월","MV0000","UNMAPPED_FALLBACK"
"01. 남산","25. P4100 Series","PUMA 4100XLMB","지멘스","4월","MV0000","UNMAPPED_FALLBACK"
"01. 남산","25. P4100 Series","PUMA 4100XLMB","지멘스","5월","MV0000","UNMAPPED_FALLBACK"
"01. 남산","25. P4100 Series","PUMA 4100XLMB","지멘스","5월","MV0000","UNMAPPED_FALLBACK"
"01. 남산","25. P4100 Series","PUMA 4100XLMB","지멘스","6월","MV0000","UNMAPPED_FALLBACK"
"01. 남산","25. P4100 Series","PUMA 4100XLMB","지멘스","6월","MV0000","UNMAPPED_FALLBACK"
"01. 남산","25. P4100 Series","PUMA 4100XLMA","지멘스","5월","MV0000","UNMAPPED_FALLBACK"
"01. 남산","25. P4100 Series","PUMA 4100XLMA","지멘스","6월","MV0000","UNMAPPED_FALLBACK"
"01. 남산","25. P4100 Series","PUMA 4100XLMC","지멘스","6월","MV0000","UNMAPPED_FALLBACK"
"01. 남산","25. P5100 Series","PUMA 5100A","지멘스","4월","ML0290","P5100A-F0TP-0-K30"
"01. 남산","25. P5100 Series","PUMA 5100B","지멘스","2월","ML0296","P5100B-F0TP-0-K30"
"01. 남산","25. P5100 Series","PUMA 5100B","지멘스","3월","ML0296","P5100B-F0TP-0-K30"
"01. 남산","25. P5100 Series","PUMA 5100B","지멘스","3월","ML0296","P5100B-F0TP-0-K30"
"01. 남산","25. P5100 Series","PUMA 5100B","지멘스","5월","ML0296","P5100B-F0TP-0-K30"
"01. 남산","25. P5100 Series","PUMA 5100B","지멘스","5월","ML0296","P5100B-F0TP-0-K30"
"01. 남산","25. P5100 Series","PUMA 5100C","지멘스","4월","ML0302","P5100C-F0TP-0-E30"
"01. 남산","25. P5100 Series","PUMA 5100LB","지멘스","5월","MV0000","UNMAPPED_FALLBACK"
"01. 남산","25. P5100 Series","PUMA 5100LC","지멘스","5월","MV0000","UNMAPPED_FALLBACK"
"01. 남산","25. P5100 Series","PUMA 5100LMB","지멘스","6월","MV0000","UNMAPPED_FALLBACK"
"01. 남산","25. P5100 Series","PUMA 5100MB","지멘스","4월","MV0000","UNMAPPED_FALLBACK"
"01. 남산","25. P5100 Series","PUMA 5100MB","지멘스","4월","MV0000","UNMAPPED_FALLBACK"
"01. 남산","25. P5100 Series","PUMA 5100MB","지멘스","5월","MV0000","UNMAPPED_FALLBACK"
"01. 남산","25. P5100 Series","PUMA 5100MB","지멘스","5월","MV0000","UNMAPPED_FALLBACK"
"01. 남산","25. P5100 Series","PUMA 5100MB","지멘스","7월","MV0000","UNMAPPED_FALLBACK"
"01. 남산","25. P5100 Series","PUMA 5100MB","(비어 있음)","7월","MV0000","UNMAPPED_FALLBACK"
"01. 남산","25. P5100 Series","PUMA 5100MB","(비어 있음)","7월","MV0000","UNMAPPED_FALLBACK"
"01. 남산","25. P5100 Series","PUMA 5100XLB","(비어 있음)","3월","MV0000","UNMAPPED_FALLBACK"
"01. 남산","25. P5100 Series","PUMA 5100XLB","(비어 있음)","3월","MV0000","UNMAPPED_FALLBACK"
"01. 남산","25. P5100 Series","PUMA 5100XLB","(비어 있음)","5월","MV0000","UNMAPPED_FALLBACK"
"01. 남산","25. P5100 Series","PUMA 5100XLMB","(비어 있음)","7월","MV0000","UNMAPPED_FALLBACK"
"01. 남산","25. P5100 Series","PUMA 5100XLC","(비어 있음)","6월","MV0000","UNMAPPED_FALLBACK"
"01. 남산","25. P5100 Series","PUMA 5100XLC","(비어 있음)","6월","MV0000","UNMAPPED_FALLBACK"
"01. 남산","25. P5100 Series","PUMA 5100LYB","(비어 있음)","2월","MV0000","UNMAPPED_FALLBACK"
"01. 남산","25. P5100 Series","PUMA 5100LYB","(비어 있음)","2월","MV0000","UNMAPPED_FALLBACK"
"01. 남산","25. P5100 Series","PUMA 5100LYB","(비어 있음)","3월","MV0000","UNMAPPED_FALLBACK"
"01. 남산","25. P5100 Series","PUMA 5100LYB","(비어 있음)","3월","MV0000","UNMAPPED_FALLBACK"
"01. 남산","25. P5100 Series","PUMA 5100LYB","(비어 있음)","4월","MV0000","UNMAPPED_FALLBACK"
"01. 남산","25. P5100 Series","PUMA 5100LYB","(비어 있음)","4월","MV0000","UNMAPPED_FALLBACK"
"01. 남산","25. P5100 Series","PUMA 5100LYB","(비어 있음)","4월","MV0000","UNMAPPED_FALLBACK"
"01. 남산","25. P5100 Series","PUMA 5100LYB","(비어 있음)","4월","MV0000","UNMAPPED_FALLBACK"
"01. 남산","25. P5100 Series","PUMA 5100LYB","(비어 있음)","5월","MV0000","UNMAPPED_FALLBACK"
"01. 남산","25. P5100 Series","PUMA 5100LYB","(비어 있음)","5월","MV0000","UNMAPPED_FALLBACK"
"01. 남산","25. P5100 Series","PUMA 5100LYB","(비어 있음)","5월","MV0000","UNMAPPED_FALLBACK"
"01. 남산","25. P5100 Series","PUMA 5100LYB","(비어 있음)","6월","MV0000","UNMAPPED_FALLBACK"
"01. 남산","25. P5100 Series","PUMA 5100LYB","(비어 있음)","6월","MV0000","UNMAPPED_FALLBACK"
"01. 남산","25. P5100 Series","PUMA 5100LYB","(비어 있음)","6월","MV0000","UNMAPPED_FALLBACK"
"01. 남산","25. P5100 Series","PUMA 5100LYB","(비어 있음)","7월","MV0000","UNMAPPED_FALLBACK"
"01. 남산","25. P5100 Series","PUMA 5100LYB","(비어 있음)","7월","MV0000","UNMAPPED_FALLBACK"
"01. 남산","25. P5100 Series","PUMA 5100LYB","지멘스","2월","MV0000","UNMAPPED_FALLBACK"
"01. 남산","25. P5100 Series","PUMA 5100LYB","지멘스","3월","MV0000","UNMAPPED_FALLBACK"
"01. 남산","25. P5100 Series","PUMA 5100LYA","지멘스","2월","MV0000","UNMAPPED_FALLBACK"
"01. 남산","25. P5100 Series","PUMA 5100LYA","지멘스","4월","MV0000","UNMAPPED_FALLBACK"
"01. 남산","25. P5100 Series","PUMA 5100LYA","지멘스","6월","MV0000","UNMAPPED_FALLBACK"
"01. 남산","25. P5100 Series","PUMA 5100LYA","지멘스","6월","MV0000","UNMAPPED_FALLBACK"
"01. 남산","25. P5100 Series","PUMA 5100LYA","지멘스","6월","MV0000","UNMAPPED_FALLBACK"
"01. 남산","25. P5100 Series","PUMA 5100LYA","지멘스","6월","MV0000","UNMAPPED_FALLBACK"
"01. 남산","25. P5100 Series","PUMA 5100LYA","지멘스","5월","MV0000","UNMAPPED_FALLBACK"
"01. 남산","25. P5100 Series","PUMA 5100LA","지멘스","5월","MV0000","UNMAPPED_FALLBACK"
"01. 남산","25. P5100 Series","PUMA 5100XLMA","지멘스","5월","MV0000","UNMAPPED_FALLBACK"
"01. 남산","28. SMX Series","SMX2100ST","지멘스","7월","MM0043","SMX21ST-SONF-0-K74"
"01. 남산","28. SMX Series","SMX2100ST","SONE","3월","MM0043","SMX21ST-SONF-0-K74"
"01. 남산","28. SMX Series","SMX2100ST","SONE","3월","MM0043","SMX21ST-SONF-0-K74"
"01. 남산","28. SMX Series","SMX2100ST","SONE","3월","MM0043","SMX21ST-SONF-0-K74"
"01. 남산","28. SMX Series","SMX2100ST","SONE","5월","MM0043","SMX21ST-SONF-0-K74"
"01. 남산","28. SMX Series","SMX2100STB","SONE","3월","MM0043","SMX21ST-SONF-0-K74"
"01. 남산","28. SMX Series","SMX2100STB","SONE","4월","MM0043","SMX21ST-SONF-0-K74"
"01. 남산","28. SMX Series","SMX2100STB","SONE","5월","MM0043","SMX21ST-SONF-0-K74"
"01. 남산","28. SMX Series","SMX2100STB","SONE","6월","MM0043","SMX21ST-SONF-0-K74"
"01. 남산","28. SMX Series","SMX2100STB","(비어 있음)","7월","MM0043","SMX21ST-SONF-0-K74"
"01. 남산","28. SMX Series","SMX2100STB","(비어 있음)","7월","MM0043","SMX21ST-SONF-0-K74"
"01. 남산","28. SMX Series","SMX2100STB","(비어 있음)","7월","MM0043","SMX21ST-SONF-0-K74"
"01. 남산","28. SMX Series","SMX2600","(비어 있음)","2월","MM0021","SMX2600-F3KQ-5-Z50"
"01. 남산","28. SMX Series","SMX2600","(비어 있음)","5월","MM0021","SMX2600-F3KQ-5-Z50"
"01. 남산","28. SMX Series","SMX2600","(비어 있음)","7월","MM0021","SMX2600-F3KQ-5-Z50"
"01. 남산","28. SMX Series","SMX2600S","(비어 있음)","2월","MM0033","SMX26ST-SONF-5-Z71"
"01. 남산","28. SMX Series","SMX2600S","(비어 있음)","3월","MM0033","SMX26ST-SONF-5-Z71"
"01. 남산","28. SMX Series","SMX2600S","(비어 있음)","3월","MM0033","SMX26ST-SONF-5-Z71"
"01. 남산","28. SMX Series","SMX2600S","(비어 있음)","3월","MM0033","SMX26ST-SONF-5-Z71"
"01. 남산","28. SMX Series","SMX2600S","(비어 있음)","3월","MM0033","SMX26ST-SONF-5-Z71"
"01. 남산","28. SMX Series","SMX2600S","(비어 있음)","4월","MM0033","SMX26ST-SONF-5-Z71"
"01. 남산","28. SMX Series","SMX2600S","(비어 있음)","4월","MM0033","SMX26ST-SONF-5-Z71"
"01. 남산","28. SMX Series","SMX2600S","(비어 있음)","7월","MM0033","SMX26ST-SONF-5-Z71"
"01. 남산","28. SMX Series","SMX2600S","SONE","3월","MM0033","SMX26ST-SONF-5-Z71"
"01. 남산","28. SMX Series","SMX2600S","(비어 있음)","7월","MM0033","SMX26ST-SONF-5-Z71"
"01. 남산","28. SMX Series","SMX2600ST","(비어 있음)","2월","MM0033","SMX26ST-SONF-5-Z71"
"01. 남산","28. SMX Series","SMX2600ST","(비어 있음)","2월","MM0033","SMX26ST-SONF-5-Z71"
"01. 남산","28. SMX Series","SMX2600ST","(비어 있음)","3월","MM0033","SMX26ST-SONF-5-Z71"
"01. 남산","28. SMX Series","SMX2600ST","(비어 있음)","4월","MM0033","SMX26ST-SONF-5-Z71"
"01. 남산","28. SMX Series","SMX2600ST","(비어 있음)","4월","MM0033","SMX26ST-SONF-5-Z71"
"01. 남산","28. SMX Series","SMX2600ST","(비어 있음)","5월","MM0033","SMX26ST-SONF-5-Z71"
"01. 남산","28. SMX Series","SMX2600ST","(비어 있음)","6월","MM0033","SMX26ST-SONF-5-Z71"
"01. 남산","28. SMX Series","SMX2600ST","SONE","2월","MM0033","SMX26ST-SONF-5-Z71"
"01. 남산","28. SMX Series","SMX2600ST","SONE","2월","MM0033","SMX26ST-SONF-5-Z71"
"01. 남산","28. SMX Series","SMX2600ST","SONE","2월","MM0033","SMX26ST-SONF-5-Z71"
"01. 남산","28. SMX Series","SMX2600ST","SONE","2월","MM0033","SMX26ST-SONF-5-Z71"
"01. 남산","28. SMX Series","SMX2600ST","SONE","2월","MM0033","SMX26ST-SONF-5-Z71"
"01. 남산","28. SMX Series","SMX2600ST","SONE","3월","MM0033","SMX26ST-SONF-5-Z71"
"01. 남산","28. SMX Series","SMX2600ST","(비어 있음)","7월","MM0033","SMX26ST-SONF-5-Z71"
"01. 남산","28. SMX Series","SMX3100","SONE","2월","MM0025","SMX3100-SONF-0-B70"
"01. 남산","28. SMX Series","SMX3100L","SONE","3월","MM0028","SMX31LS-F3KP-5-Z50"
"01. 남산","28. SMX Series","SMX3100L","SONE","4월","MM0028","SMX31LS-F3KP-5-Z50"
"01. 남산","28. SMX Series","SMX3100L","SONE","4월","MM0028","SMX31LS-F3KP-5-Z50"
"01. 남산","28. SMX Series","SMX3100L","SONE","5월","MM0028","SMX31LS-F3KP-5-Z50"
"01. 남산","28. SMX Series","SMX3100L","SONE","5월","MM0028","SMX31LS-F3KP-5-Z50"
"01. 남산","28. SMX Series","SMX3100L","SONE","6월","MM0028","SMX31LS-F3KP-5-Z50"
"01. 남산","28. SMX Series","SMX3100L","SONE","7월","MM0028","SMX31LS-F3KP-5-Z50"
"01. 남산","28. SMX Series","SMX3100LS","SONE","2월","MM0028","SMX31LS-F3KP-5-Z50"
"01. 남산","28. SMX Series","SMX3100LS","SONE","3월","MM0028","SMX31LS-F3KP-5-Z50"
"01. 남산","28. SMX Series","SMX3100LS","SONE","3월","MM0028","SMX31LS-F3KP-5-Z50"
"01. 남산","28. SMX Series","SMX3100LS","SONE","3월","MM0028","SMX31LS-F3KP-5-Z50"
"01. 남산","28. SMX Series","SMX3100LS","SONE","4월","MM0028","SMX31LS-F3KP-5-Z50"
"01. 남산","28. SMX Series","SMX3100LS","SONE","5월","MM0028","SMX31LS-F3KP-5-Z50"
"01. 남산","28. SMX Series","SMX3100LS","SONE","5월","MM0028","SMX31LS-F3KP-5-Z50"
"01. 남산","28. SMX Series","SMX3100LS","SONE","6월","MM0028","SMX31LS-F3KP-5-Z50"
"01. 남산","28. SMX Series","SMX3100S","SONE","4월","MM0025","SMX3100-SONF-0-B70"
"01. 남산","28. SMX Series","SMX3100S","SONE","4월","MM0025","SMX3100-SONF-0-B70"
"01. 남산","28. SMX Series","SMX3100ST","SONE","3월","MM0034","SMX31ST-F3KQ-5-S51"
"01. 남산","28. SMX Series","SMX3100ST","SONE","4월","MM0034","SMX31ST-F3KQ-5-S51"
"01. 남산","28. SMX Series","SMX3100ST","SONE","5월","MM0034","SMX31ST-F3KQ-5-S51"
"01. 남산","28. SMX Series","SMX3100ST","SONE","6월","MM0034","SMX31ST-F3KQ-5-S51"
"01. 남산","28. SMX Series","SMX3100ST","SONE","6월","MM0034","SMX31ST-F3KQ-5-S51"
"01. 남산","28. SMX Series","SMX3100ST","SONE","2월","MM0034","SMX31ST-F3KQ-5-S51"
"01. 남산","28. SMX Series","SMX3100ST","SONE","2월","MM0034","SMX31ST-F3KQ-5-S51"
"01. 남산","28. SMX Series","SMX3100ST","SONE","6월","MM0034","SMX31ST-F3KQ-5-S51"
"01. 남산","28. SMX Series","SMX2100S","(비어 있음)","6월","MM0047","SMX21SB-SONF-0-S70"
"01. 남산","29. DNX Series","DNX 2100SB","(비어 있음)","2월","MM0057","DNX21SB-F0TP-0-Z35"
"01. 남산","29. DNX Series","DNX 2100SB","(비어 있음)","2월","MM0057","DNX21SB-F0TP-0-Z35"
"01. 남산","29. DNX Series","DNX 2100SB","(비어 있음)","2월","MM0057","DNX21SB-F0TP-0-Z35"
"01. 남산","29. DNX Series","DNX 2100SB","(비어 있음)","2월","MM0057","DNX21SB-F0TP-0-Z35"
"01. 남산","29. DNX Series","DNX 2100SB","(비어 있음)","2월","MM0057","DNX21SB-F0TP-0-Z35"
"01. 남산","29. DNX Series","DNX 2100SB","(비어 있음)","2월","MM0057","DNX21SB-F0TP-0-Z35"
"01. 남산","29. DNX Series","DNX 2100SB","(비어 있음)","2월","MM0057","DNX21SB-F0TP-0-Z35"
"01. 남산","29. DNX Series","DNX 2100SB","(비어 있음)","2월","MM0057","DNX21SB-F0TP-0-Z35"
"01. 남산","29. DNX Series","DNX 2100SB","(비어 있음)","3월","MM0057","DNX21SB-F0TP-0-Z35"
"01. 남산","29. DNX Series","DNX 2100SB","(비어 있음)","3월","MM0057","DNX21SB-F0TP-0-Z35"
"01. 남산","29. DNX Series","DNX 2100SB","(비어 있음)","3월","MM0057","DNX21SB-F0TP-0-Z35"
"01. 남산","29. DNX Series","DNX 2100SB","(비어 있음)","3월","MM0057","DNX21SB-F0TP-0-Z35"
"01. 남산","29. DNX Series","DNX 2100SB","(비어 있음)","3월","MM0057","DNX21SB-F0TP-0-Z35"
"01. 남산","29. DNX Series","DNX 2100SB","(비어 있음)","3월","MM0057","DNX21SB-F0TP-0-Z35"
"01. 남산","29. DNX Series","DNX 2100SB","(비어 있음)","3월","MM0057","DNX21SB-F0TP-0-Z35"
"01. 남산","29. DNX Series","DNX 2100SB","(비어 있음)","3월","MM0057","DNX21SB-F0TP-0-Z35"
"01. 남산","29. DNX Series","DNX 2100SB","(비어 있음)","3월","MM0057","DNX21SB-F0TP-0-Z35"
"01. 남산","29. DNX Series","DNX 2100SB","(비어 있음)","4월","MM0057","DNX21SB-F0TP-0-Z35"
"01. 남산","29. DNX Series","DNX 2100SB","(비어 있음)","4월","MM0057","DNX21SB-F0TP-0-Z35"
"01. 남산","29. DNX Series","DNX 2100SB","(비어 있음)","4월","MM0057","DNX21SB-F0TP-0-Z35"
"01. 남산","29. DNX Series","DNX 2100SB","(비어 있음)","4월","MM0057","DNX21SB-F0TP-0-Z35"
"01. 남산","29. DNX Series","DNX 2100SB","(비어 있음)","4월","MM0057","DNX21SB-F0TP-0-Z35"
"01. 남산","29. DNX Series","DNX 2100SB","(비어 있음)","4월","MM0057","DNX21SB-F0TP-0-Z35"
"01. 남산","29. DNX Series","DNX 2100SB","(비어 있음)","5월","MM0057","DNX21SB-F0TP-0-Z35"
"01. 남산","29. DNX Series","DNX 2100SB","(비어 있음)","5월","MM0057","DNX21SB-F0TP-0-Z35"
"01. 남산","29. DNX Series","DNX 2100SB","(비어 있음)","5월","MM0057","DNX21SB-F0TP-0-Z35"
"01. 남산","29. DNX Series","DNX 2100SB","(비어 있음)","5월","MM0057","DNX21SB-F0TP-0-Z35"
"01. 남산","29. DNX Series","DNX 2100SB","(비어 있음)","5월","MM0057","DNX21SB-F0TP-0-Z35"
"01. 남산","29. DNX Series","DNX 2100SB","(비어 있음)","5월","MM0057","DNX21SB-F0TP-0-Z35"
"01. 남산","29. DNX Series","DNX 2100SB","(비어 있음)","5월","MM0057","DNX21SB-F0TP-0-Z35"
"01. 남산","29. DNX Series","DNX 2100SB","(비어 있음)","5월","MM0057","DNX21SB-F0TP-0-Z35"
"01. 남산","29. DNX Series","DNX 2100SB","(비어 있음)","6월","MM0057","DNX21SB-F0TP-0-Z35"
"01. 남산","29. DNX Series","DNX 2100SB","(비어 있음)","6월","MM0057","DNX21SB-F0TP-0-Z35"
"01. 남산","29. DNX Series","DNX 2100SB","(비어 있음)","6월","MM0057","DNX21SB-F0TP-0-Z35"
"01. 남산","29. DNX Series","DNX 2100SB","(비어 있음)","6월","MM0057","DNX21SB-F0TP-0-Z35"
"01. 남산","29. DNX Series","DNX 2100SB","(비어 있음)","6월","MM0057","DNX21SB-F0TP-0-Z35"
"01. 남산","29. DNX Series","DNX 2100SB","(비어 있음)","7월","MM0057","DNX21SB-F0TP-0-Z35"
"01. 남산","29. DNX Series","DNX 2100SB","(비어 있음)","7월","MM0057","DNX21SB-F0TP-0-Z35"
"01. 남산","29. DNX Series","DNX 2100SB","(비어 있음)","7월","MM0057","DNX21SB-F0TP-0-Z35"
"01. 남산","29. DNX Series","DNX 2100SB","(비어 있음)","7월","MM0057","DNX21SB-F0TP-0-Z35"
"01. 남산","29. DNX Series","DNX 2100SB","(비어 있음)","7월","MM0057","DNX21SB-F0TP-0-Z35"
"01. 남산","29. DNX Series","DNX 2100SB","(비어 있음)","7월","MM0057","DNX21SB-F0TP-0-Z35"
"01. 남산","29. DNX Series","DNX 2100SB","(비어 있음)","7월","MM0057","DNX21SB-F0TP-0-Z35"
"01. 남산","29. DNX Series","DNX 2100SB","(비어 있음)","7월","MM0057","DNX21SB-F0TP-0-Z35"
"01. 남산","29. DNX Series","DNX 2100SB","(비어 있음)","7월","MM0057","DNX21SB-F0TP-0-Z35"
"01. 남산","29. DNX Series","DNX 2100SB","SONE","2월","MM0057","DNX21SB-F0TP-0-Z35"
"01. 남산","29. DNX Series","DNX 2100SB","SONE","2월","MM0057","DNX21SB-F0TP-0-Z35"
"01. 남산","29. DNX Series","DNX 2100SB","SONE","3월","MM0057","DNX21SB-F0TP-0-Z35"
"01. 남산","29. DNX Series","DNX 2100SB","SONE","3월","MM0057","DNX21SB-F0TP-0-Z35"
"01. 남산","29. DNX Series","DNX 2100SB","SONE","3월","MM0057","DNX21SB-F0TP-0-Z35"
"01. 남산","29. DNX Series","DNX 2100SB","SONE","3월","MM0057","DNX21SB-F0TP-0-Z35"
"01. 남산","29. DNX Series","DNX 2100SB","SONE","3월","MM0057","DNX21SB-F0TP-0-Z35"
"01. 남산","29. DNX Series","DNX 2100SB","SONE","4월","MM0057","DNX21SB-F0TP-0-Z35"
"01. 남산","29. DNX Series","DNX 2100SB","SONE","4월","MM0057","DNX21SB-F0TP-0-Z35"
"01. 남산","29. DNX Series","DNX 2100SB","SONE","4월","MM0057","DNX21SB-F0TP-0-Z35"
"01. 남산","29. DNX Series","DNX 2100SB","SONE","5월","MM0057","DNX21SB-F0TP-0-Z35"
"01. 남산","29. DNX Series","DNX 2100SB","SONE","5월","MM0057","DNX21SB-F0TP-0-Z35"
"01. 남산","29. DNX Series","DNX 2100SB","SONE","6월","MM0057","DNX21SB-F0TP-0-Z35"
"01. 남산","29. DNX Series","DNX 2100SB","SONE","6월","MM0057","DNX21SB-F0TP-0-Z35"
"01. 남산","29. DNX Series","DNX 2100SB","SONE","7월","MM0057","DNX21SB-F0TP-0-Z35"
"01. 남산","29. DNX Series","DNX 2100SB","SONE","7월","MM0057","DNX21SB-F0TP-0-Z35"
"01. 남산","29. DNX Series","DNX 2100S","SONE","2월","MM0057","DNX21SB-F0TP-0-Z35"
"01. 남산","29. DNX Series","DNX 2100S","SONE","2월","MM0057","DNX21SB-F0TP-0-Z35"
"01. 남산","29. DNX Series","DNX 2100S","SONE","2월","MM0057","DNX21SB-F0TP-0-Z35"
"01. 남산","29. DNX Series","DNX 2100S","SONE","2월","MM0057","DNX21SB-F0TP-0-Z35"
"01. 남산","29. DNX Series","DNX 2100S","SONE","2월","MM0057","DNX21SB-F0TP-0-Z35"
"01. 남산","29. DNX Series","DNX 2100S","SONE","2월","MM0057","DNX21SB-F0TP-0-Z35"
"01. 남산","29. DNX Series","DNX 2100S","SONE","2월","MM0057","DNX21SB-F0TP-0-Z35"
"01. 남산","29. DNX Series","DNX 2100S","SONE","2월","MM0057","DNX21SB-F0TP-0-Z35"
"01. 남산","29. DNX Series","DNX 2100S","SONE","3월","MM0057","DNX21SB-F0TP-0-Z35"
"01. 남산","29. DNX Series","DNX 2100S","SONE","3월","MM0057","DNX21SB-F0TP-0-Z35"
"01. 남산","29. DNX Series","DNX 2100S","SONE","3월","MM0057","DNX21SB-F0TP-0-Z35"
"01. 남산","29. DNX Series","DNX 2100S","SONE","4월","MM0057","DNX21SB-F0TP-0-Z35"
"01. 남산","29. DNX Series","DNX 2100S","SONE","4월","MM0057","DNX21SB-F0TP-0-Z35"
"01. 남산","29. DNX Series","DNX 2100S","SONE","4월","MM0057","DNX21SB-F0TP-0-Z35"
"01. 남산","29. DNX Series","DNX 2100S","SONE","4월","MM0057","DNX21SB-F0TP-0-Z35"
"01. 남산","29. DNX Series","DNX 2100S","SONE","4월","MM0057","DNX21SB-F0TP-0-Z35"
"01. 남산","29. DNX Series","DNX 2100S","SONE","4월","MM0057","DNX21SB-F0TP-0-Z35"
"01. 남산","29. DNX Series","DNX 2100S","SONE","4월","MM0057","DNX21SB-F0TP-0-Z35"
"01. 남산","29. DNX Series","DNX 2100S","SONE","5월","MM0057","DNX21SB-F0TP-0-Z35"
"01. 남산","29. DNX Series","DNX 2100S","SONE","5월","MM0057","DNX21SB-F0TP-0-Z35"
"01. 남산","29. DNX Series","DNX 2100S","SONE","5월","MM0057","DNX21SB-F0TP-0-Z35"
"01. 남산","29. DNX Series","DNX 2100S","SONE","5월","MM0057","DNX21SB-F0TP-0-Z35"
"01. 남산","29. DNX Series","DNX 2100S","SONE","5월","MM0057","DNX21SB-F0TP-0-Z35"
"01. 남산","29. DNX Series","DNX 2100S","SONE","5월","MM0057","DNX21SB-F0TP-0-Z35"
"01. 남산","29. DNX Series","DNX 2100S","SONE","5월","MM0057","DNX21SB-F0TP-0-Z35"
"01. 남산","29. DNX Series","DNX 2100S","SONE","6월","MM0057","DNX21SB-F0TP-0-Z35"
"01. 남산","29. DNX Series","DNX 2100S","SONE","6월","MM0057","DNX21SB-F0TP-0-Z35"
"01. 남산","29. DNX Series","DNX 2100S","SONE","6월","MM0057","DNX21SB-F0TP-0-Z35"
"01. 남산","29. DNX Series","DNX 2100S","SONE","6월","MM0057","DNX21SB-F0TP-0-Z35"
"01. 남산","29. DNX Series","DNX 2100S","SONE","6월","MM0057","DNX21SB-F0TP-0-Z35"
"01. 남산","29. DNX Series","DNX 2100S","SONE","6월","MM0057","DNX21SB-F0TP-0-Z35"
"01. 남산","29. DNX Series","DNX 2100S","SONE","6월","MM0057","DNX21SB-F0TP-0-Z35"
"01. 남산","29. DNX Series","DNX 2100S","SONE","7월","MM0057","DNX21SB-F0TP-0-Z35"
"01. 남산","29. DNX Series","DNX 2100S","SONE","7월","MM0057","DNX21SB-F0TP-0-Z35"
"01. 남산","29. DNX Series","DNX 2100S","SONE","7월","MM0057","DNX21SB-F0TP-0-Z35"
"01. 남산","29. DNX Series","DNX 2100S","SONE","7월","MM0057","DNX21SB-F0TP-0-Z35"
"01. 남산","29. DNX Series","DNX 2100S","SONE","7월","MM0057","DNX21SB-F0TP-0-Z35"
"01. 남산","29. DNX Series","DNX 2100S","SONE","7월","MM0057","DNX21SB-F0TP-0-Z35"
"01. 남산","29. DNX Series","DNX 2100S","SONE","7월","MM0057","DNX21SB-F0TP-0-Z35"
"01. 남산","29. DNX Series","DNX 2100S","SONE","3월","MM0057","DNX21SB-F0TP-0-Z35"
"01. 남산","29. DNX Series","DNX 2100S","SONE","4월","MM0057","DNX21SB-F0TP-0-Z35"
"01. 남산","29. DNX Series","DNX 2100S","SONE","5월","MM0057","DNX21SB-F0TP-0-Z35"
"01. 남산","29. DNX Series","DNX 2100S","SONE","5월","MM0057","DNX21SB-F0TP-0-Z35"
"01. 남산","29. DNX Series","DNX 2100S","SONE","6월","MM0057","DNX21SB-F0TP-0-Z35"
"01. 남산","29. DNX Series","DNX 2100S","SONE","6월","MM0057","DNX21SB-F0TP-0-Z35"
"01. 남산","29. DNX Series","DNX 2100S","SONE","6월","MM0057","DNX21SB-F0TP-0-Z35"
"01. 남산","29. DNX Series","DNX 2100","SONE","2월","MM0054","DNX2100-F0TP-0-K32"
"01. 남산","29. DNX Series","DNX 2100","SONE","2월","MM0054","DNX2100-F0TP-0-K32"
"01. 남산","29. DNX Series","DNX 2100","SONE","6월","MM0054","DNX2100-F0TP-0-K32"
"01. 남산","29. DNX Series","DNX 2100B","SONE","2월","MV0000","UNMAPPED_FALLBACK"
"01. 남산","29. DNX Series","DNX 2100B","SONE","2월","MV0000","UNMAPPED_FALLBACK"
"01. 남산","29. DNX Series","DNX 2100B","SONE","2월","MV0000","UNMAPPED_FALLBACK"
"01. 남산","29. DNX Series","DNX 2100B","SONE","4월","MV0000","UNMAPPED_FALLBACK"
"01. 남산","29. DNX Series","DNX 2100B","SONE","4월","MV0000","UNMAPPED_FALLBACK"
"01. 남산","29. DNX Series","DNX 2100B","SONE","4월","MV0000","UNMAPPED_FALLBACK"
"01. 남산","29. DNX Series","DNX 2100B","SONE","5월","MV0000","UNMAPPED_FALLBACK"
"01. 남산","29. DNX Series","DNX 2100B","SONE","6월","MV0000","UNMAPPED_FALLBACK"
"01. 남산","29. DNX Series","DNX 2100B","SONE","6월","MV0000","UNMAPPED_FALLBACK"
"01. 남산","29. DNX Series","DNX 2100B","SONE","7월","MV0000","UNMAPPED_FALLBACK"
"01. 남산","29. DNX Series","DNX 2100B","SONE","2월","MV0000","UNMAPPED_FALLBACK"
"01. 남산","29. DNX Series","DNX 2100B","(비어 있음)","7월","MV0000","UNMAPPED_FALLBACK"
"01. 남산","31. IV/VAW Series","PUMA VAW800","(비어 있음)","2월","MT0003","VAW800-F0TP-1-K30"
"01. 남산","31. IV/VAW Series","PUMA VAW800","(비어 있음)","3월","MT0003","VAW800-F0TP-1-K30"
"01. 남산","31. IV/VAW Series","PUMA VAW800","(비어 있음)","3월","MT0003","VAW800-F0TP-1-K30"
"01. 남산","23. P3100 Series","PUMA 3100L","(비어 있음)","3월","ML0116","P3100L-F0TP-0-K30"
"01. 남산","23. P3100 Series","PUMA 3100L","(비어 있음)","4월","ML0116","P3100L-F0TP-0-K30"
"01. 남산","23. P3100 Series","PUMA 3100L","(비어 있음)","4월","ML0116","P3100L-F0TP-0-K30"
"01. 남산","23. P3100 Series","PUMA 3100L","(비어 있음)","5월","ML0116","P3100L-F0TP-0-K30"
"01. 남산","23. P3100 Series","PUMA 3100L","(비어 있음)","5월","ML0116","P3100L-F0TP-0-K30"
"01. 남산","23. P3100 Series","PUMA 3100L","(비어 있음)","5월","ML0116","P3100L-F0TP-0-K30"
"01. 남산","23. P3100 Series","PUMA 3100L","(비어 있음)","6월","ML0116","P3100L-F0TP-0-K30"
"01. 남산","23. P3100 Series","PUMA 3100L","(비어 있음)","7월","ML0116","P3100L-F0TP-0-K30"
"01. 남산","23. P3100 Series","PUMA 3100L","(비어 있음)","7월","ML0116","P3100L-F0TP-0-K30"
"01. 남산","23. P3100 Series","PUMA 3100L","(비어 있음)","7월","ML0116","P3100L-F0TP-0-K30"
"01. 남산","23. P3100 Series","PUMA 3100L","(비어 있음)","7월","ML0116","P3100L-F0TP-0-K30"
"01. 남산","23. P3100 Series","PUMA 3100L","(비어 있음)","7월","ML0116","P3100L-F0TP-0-K30"
"01. 남산","23. P3100 Series","PUMA 3100L","(비어 있음)","7월","ML0116","P3100L-F0TP-0-K30"
"01. 남산","23. P3100 Series","PUMA 3100LM","(비어 있음)","2월","MV0000","UNMAPPED_FALLBACK"
"01. 남산","23. P3100 Series","PUMA 3100LM","(비어 있음)","2월","MV0000","UNMAPPED_FALLBACK"
"01. 남산","23. P3100 Series","PUMA 3100LM","(비어 있음)","2월","MV0000","UNMAPPED_FALLBACK"
"01. 남산","23. P3100 Series","PUMA 3100LM","(비어 있음)","2월","MV0000","UNMAPPED_FALLBACK"
"01. 남산","23. P3100 Series","PUMA 3100LM","(비어 있음)","2월","MV0000","UNMAPPED_FALLBACK"
"01. 남산","23. P3100 Series","PUMA 3100LM","(비어 있음)","2월","MV0000","UNMAPPED_FALLBACK"
"01. 남산","23. P3100 Series","PUMA 3100LM","(비어 있음)","2월","MV0000","UNMAPPED_FALLBACK"
"01. 남산","23. P3100 Series","PUMA 3100LM","(비어 있음)","2월","MV0000","UNMAPPED_FALLBACK"
"01. 남산","23. P3100 Series","PUMA 3100LM","(비어 있음)","2월","MV0000","UNMAPPED_FALLBACK"
"01. 남산","23. P3100 Series","PUMA 3100LM","(비어 있음)","3월","MV0000","UNMAPPED_FALLBACK"
"01. 남산","23. P3100 Series","PUMA 3100LM","(비어 있음)","3월","MV0000","UNMAPPED_FALLBACK"
"01. 남산","23. P3100 Series","PUMA 3100LM","(비어 있음)","3월","MV0000","UNMAPPED_FALLBACK"
"01. 남산","23. P3100 Series","PUMA 3100LM","(비어 있음)","5월","MV0000","UNMAPPED_FALLBACK"
"01. 남산","23. P3100 Series","PUMA 3100LM","(비어 있음)","5월","MV0000","UNMAPPED_FALLBACK"
"01. 남산","23. P3100 Series","PUMA 3100LM","(비어 있음)","7월","MV0000","UNMAPPED_FALLBACK"
"01. 남산","23. P3100 Series","PUMA 3100LM","지멘스","4월","MV0000","UNMAPPED_FALLBACK"
"01. 남산","23. P3100 Series","PUMA 3100LY","지멘스","2월","MV0000","UNMAPPED_FALLBACK"
"01. 남산","23. P3100 Series","PUMA 3100LY","지멘스","3월","MV0000","UNMAPPED_FALLBACK"
"01. 남산","23. P3100 Series","PUMA 3100LY","지멘스","3월","MV0000","UNMAPPED_FALLBACK"
"01. 남산","23. P3100 Series","PUMA 3100LY","지멘스","3월","MV0000","UNMAPPED_FALLBACK"
"01. 남산","23. P3100 Series","PUMA 3100LY","지멘스","4월","MV0000","UNMAPPED_FALLBACK"
"01. 남산","23. P3100 Series","PUMA 3100LY","지멘스","4월","MV0000","UNMAPPED_FALLBACK"
"01. 남산","23. P3100 Series","PUMA 3100LY","지멘스","4월","MV0000","UNMAPPED_FALLBACK"
"01. 남산","23. P3100 Series","PUMA 3100LY","지멘스","4월","MV0000","UNMAPPED_FALLBACK"
"01. 남산","23. P3100 Series","PUMA 3100LY","지멘스","4월","MV0000","UNMAPPED_FALLBACK"
"01. 남산","23. P3100 Series","PUMA 3100LY","지멘스","4월","MV0000","UNMAPPED_FALLBACK"
"01. 남산","23. P3100 Series","PUMA 3100LY","지멘스","5월","MV0000","UNMAPPED_FALLBACK"
"01. 남산","23. P3100 Series","PUMA 3100LY","지멘스","6월","MV0000","UNMAPPED_FALLBACK"
"01. 남산","23. P3100 Series","PUMA 3100LY","지멘스","6월","MV0000","UNMAPPED_FALLBACK"
"01. 남산","23. P3100 Series","PUMA 3100LY","지멘스","6월","MV0000","UNMAPPED_FALLBACK"
"01. 남산","23. P3100 Series","PUMA 3100LY","지멘스","6월","MV0000","UNMAPPED_FALLBACK"
"01. 남산","23. P3100 Series","PUMA 3100LY","지멘스","6월","MV0000","UNMAPPED_FALLBACK"
"01. 남산","23. P3100 Series","PUMA 3100LY","지멘스","6월","MV0000","UNMAPPED_FALLBACK"
"01. 남산","23. P3100 Series","PUMA 3100LY","지멘스","6월","MV0000","UNMAPPED_FALLBACK"
"01. 남산","23. P3100 Series","PUMA 3100LY","지멘스","7월","MV0000","UNMAPPED_FALLBACK"
"01. 남산","23. P3100 Series","PUMA 3100LY","지멘스","7월","MV0000","UNMAPPED_FALLBACK"
"01. 남산","23. P3100 Series","PUMA 3100LY","지멘스","7월","MV0000","UNMAPPED_FALLBACK"
"01. 남산","23. P3100 Series","PUMA 3100LY","지멘스","7월","MV0000","UNMAPPED_FALLBACK"
"01. 남산","23. P3100 Series","PUMA 3100LY","지멘스","7월","MV0000","UNMAPPED_FALLBACK"
"01. 남산","23. P3100 Series","PUMA 3100LY","지멘스","3월","MV0000","UNMAPPED_FALLBACK"
"01. 남산","23. P3100 Series","PUMA 3100LY","지멘스","6월","MV0000","UNMAPPED_FALLBACK"
"01. 남산","23. P3100 Series","PUMA 3100LY","(비어 있음)","7월","MV0000","UNMAPPED_FALLBACK"
"01. 남산","23. P3100 Series","PUMA 3100XL","(비어 있음)","5월","MV0000","UNMAPPED_FALLBACK"
"01. 남산","23. P3100 Series","PUMA 3100XL","(비어 있음)","5월","MV0000","UNMAPPED_FALLBACK"
"01. 남산","23. P3100 Series","PUMA 3100M","(비어 있음)","2월","ML0114","P3100M-F0TP-0-I31"
"01. 남산","23. P3100 Series","PUMA 3100M","(비어 있음)","3월","ML0114","P3100M-F0TP-0-I31"
"01. 남산","23. P3100 Series","PUMA 3100M","(비어 있음)","5월","ML0114","P3100M-F0TP-0-I31"
"01. 남산","23. P3100 Series","PUMA 3100Y","(비어 있음)","3월","ML0115","P3100Y-F0TP-0-E31"
"01. 남산","23. P3100 Series","PUMA 3100Y","(비어 있음)","3월","ML0115","P3100Y-F0TP-0-E31"
"01. 남산","23. P3100 Series","PUMA 3100Y","지멘스","3월","ML0115","P3100Y-F0TP-0-E31"
"01. 남산","23. P3100 Series","PUMA 3100Y","지멘스","3월","ML0115","P3100Y-F0TP-0-E31"
"01. 남산","23. P3100 Series","PUMA 3100Y","지멘스","4월","ML0115","P3100Y-F0TP-0-E31"
"01. 남산","23. P3100 Series","PUMA 3100XLM","지멘스","2월","MV0000","UNMAPPED_FALLBACK"
"01. 남산","23. P3100 Series","PUMA 3100XLM","지멘스","2월","MV0000","UNMAPPED_FALLBACK"
"01. 남산","23. P3100 Series","PUMA 3100XLM","지멘스","3월","MV0000","UNMAPPED_FALLBACK"
"01. 남산","23. P3100 Series","PUMA 3100XLM","지멘스","3월","MV0000","UNMAPPED_FALLBACK"
"01. 남산","23. P3100 Series","PUMA 3100XLM","지멘스","3월","MV0000","UNMAPPED_FALLBACK"
"01. 남산","23. P3100 Series","PUMA 3100XLM","지멘스","5월","MV0000","UNMAPPED_FALLBACK"
"01. 남산","23. P3100 Series","PUMA 3100XLM","지멘스","5월","MV0000","UNMAPPED_FALLBACK"
"01. 남산","23. P3100 Series","PUMA 3100XLM","지멘스","5월","MV0000","UNMAPPED_FALLBACK"
"01. 남산","23. P3100 Series","PUMA 3100XLM","지멘스","7월","MV0000","UNMAPPED_FALLBACK"
"01. 남산","23. P3100 Series","PUMA 3100XLM","지멘스","7월","MV0000","UNMAPPED_FALLBACK"
"01. 남산","23. P3100 Series","PUMA 3100XLY","지멘스","3월","MV0000","UNMAPPED_FALLBACK"
"01. 남산","23. P3100 Series","PUMA 3100XLY","지멘스","3월","MV0000","UNMAPPED_FALLBACK"
"01. 남산","23. P3100 Series","PUMA 3100XLY","지멘스","3월","MV0000","UNMAPPED_FALLBACK"
"01. 남산","23. P3100 Series","PUMA 3100XLY","지멘스","3월","MV0000","UNMAPPED_FALLBACK"
"01. 남산","23. P3100 Series","PUMA 3100XLY","지멘스","5월","MV0000","UNMAPPED_FALLBACK"
"01. 남산","23. P3100 Series","PUMA 3100XLY","지멘스","6월","MV0000","UNMAPPED_FALLBACK"
"01. 남산","23. P3100 Series","PUMA 3100XLY","지멘스","7월","MV0000","UNMAPPED_FALLBACK"
"01. 남산","23. P3100 Series","PUMA 3100XLY","지멘스","7월","MV0000","UNMAPPED_FALLBACK"
"01. 남산","23. P3100 Series","PUMA 3100XLY","지멘스","7월","MV0000","UNMAPPED_FALLBACK"
"01. 남산","23. P3100 Series","PUMA 3100XLY","지멘스","3월","MV0000","UNMAPPED_FALLBACK"
"01. 남산","23. P3100 Series","PUMA 3100XLY","지멘스","3월","MV0000","UNMAPPED_FALLBACK"
"01. 남산","23. P3100 Series","PUMA 3100XLY","지멘스","6월","MV0000","UNMAPPED_FALLBACK"
"01. 남산","23. P3100 Series","PUMA 3100XLY","(비어 있음)","7월","MV0000","UNMAPPED_FALLBACK"
"01. 남산","23. P3100 Series","PUMA 3100ULM","(비어 있음)","3월","MV0000","UNMAPPED_FALLBACK"
"01. 남산","23. P3100 Series","PUMA 3100ULY","(비어 있음)","2월","MV0000","UNMAPPED_FALLBACK"
"01. 남산","23. P3100 Series","PUMA 3100ULY","(비어 있음)","2월","MV0000","UNMAPPED_FALLBACK"
"01. 남산","23. P3100 Series","PUMA 3100ULY","(비어 있음)","4월","MV0000","UNMAPPED_FALLBACK"
"01. 남산","23. P3100 Series","PUMA 3100ULY","(비어 있음)","4월","MV0000","UNMAPPED_FALLBACK"
"01. 남산","23. P3100 Series","PUMA 3100ULY","(비어 있음)","4월","MV0000","UNMAPPED_FALLBACK"
"01. 남산","23. P3100 Series","PUMA 3100ULY","(비어 있음)","4월","MV0000","UNMAPPED_FALLBACK"
"01. 남산","23. P3100 Series","PUMA 3100ULY","(비어 있음)","5월","MV0000","UNMAPPED_FALLBACK"
"01. 남산","23. P3100 Series","PUMA 3100ULY","(비어 있음)","6월","MV0000","UNMAPPED_FALLBACK"
"01. 남산","23. P3100 Series","PUMA 3100ULY","(비어 있음)","7월","MV0000","UNMAPPED_FALLBACK"
"01. 남산","23. P3100 Series","PUMA 3100ULY","지멘스","2월","MV0000","UNMAPPED_FALLBACK"
"01. 남산","23. P3100 Series","PUMA 3100ULY","지멘스","7월","MV0000","UNMAPPED_FALLBACK"
"01. 남산","23. P3100 Series","PUMA 3100SY","지멘스","2월","MV0000","UNMAPPED_FALLBACK"
"01. 남산","23. P3100 Series","PUMA 3100SY","지멘스","6월","MV0000","UNMAPPED_FALLBACK"
"01. 남산","23. P3100 Series","PUMA 3100SY","지멘스","6월","MV0000","UNMAPPED_FALLBACK"
"01. 남산","23. P3100 Series","PUMA 3100SY","지멘스","6월","MV0000","UNMAPPED_FALLBACK"
"01. 남산","23. P3100 Series","PUMA 3100SY","지멘스","7월","MV0000","UNMAPPED_FALLBACK"
"01. 남산","23. P3100 Series","PUMA 3100LSY","지멘스","2월","MV0000","UNMAPPED_FALLBACK"
"01. 남산","23. P3100 Series","PUMA 3100LSY","지멘스","2월","MV0000","UNMAPPED_FALLBACK"
"01. 남산","23. P3100 Series","PUMA 3100LSY","지멘스","2월","MV0000","UNMAPPED_FALLBACK"
"01. 남산","23. P3100 Series","PUMA 3100LSY","지멘스","3월","MV0000","UNMAPPED_FALLBACK"
"01. 남산","23. P3100 Series","PUMA 3100LSY","지멘스","3월","MV0000","UNMAPPED_FALLBACK"
"01. 남산","23. P3100 Series","PUMA 3100LSY","지멘스","3월","MV0000","UNMAPPED_FALLBACK"
"01. 남산","23. P3100 Series","PUMA 3100LSY","지멘스","3월","MV0000","UNMAPPED_FALLBACK"
"01. 남산","23. P3100 Series","PUMA 3100LSY","지멘스","4월","MV0000","UNMAPPED_FALLBACK"
"01. 남산","23. P3100 Series","PUMA 3100LSY","지멘스","4월","MV0000","UNMAPPED_FALLBACK"
"01. 남산","23. P3100 Series","PUMA 3100LSY","지멘스","4월","MV0000","UNMAPPED_FALLBACK"
"01. 남산","23. P3100 Series","PUMA 3100LSY","지멘스","4월","MV0000","UNMAPPED_FALLBACK"
"01. 남산","23. P3100 Series","PUMA 3100LSY","지멘스","4월","MV0000","UNMAPPED_FALLBACK"
"01. 남산","23. P3100 Series","PUMA 3100LSY","지멘스","4월","MV0000","UNMAPPED_FALLBACK"
"01. 남산","23. P3100 Series","PUMA 3100LSY","지멘스","6월","MV0000","UNMAPPED_FALLBACK"
"01. 남산","23. P3100 Series","PUMA 3100LSY","지멘스","6월","MV0000","UNMAPPED_FALLBACK"
"01. 남산","23. P3100 Series","PUMA 3100LSY","지멘스","6월","MV0000","UNMAPPED_FALLBACK"
"01. 남산","23. P3100 Series","PUMA 3100LSY","지멘스","7월","MV0000","UNMAPPED_FALLBACK"
"01. 남산","23. P3100 Series","PUMA 3100LSY","지멘스","7월","MV0000","UNMAPPED_FALLBACK"
"01. 남산","23. P3100 Series","PUMA 3100LSY","지멘스","7월","MV0000","UNMAPPED_FALLBACK"
"01. 남산","23. P3100 Series","PUMA 3100LSY","지멘스","7월","MV0000","UNMAPPED_FALLBACK"
"01. 남산","23. P3100 Series","PUMA 3100LSY","지멘스","4월","MV0000","UNMAPPED_FALLBACK"
"01. 남산","23. P3100 Series","PUMA 3100UL","지멘스","5월","MV0000","UNMAPPED_FALLBACK"
"01. 남산","23. P3100 Series","PUMA 3100UL","지멘스","5월","MV0000","UNMAPPED_FALLBACK"
"01. 남산","23. P3100 Series","PUMA 3100","지멘스","6월","ML0113","P3100-F0TP-0-E30"
"01. 남산","31. PVX/AW  Series","PUMA AW660 II","지멘스","6월","MV0000","UNMAPPED_FALLBACK"
"01. 남산","31. PVX/AW  Series","PUMA AW560 II","지멘스","3월","MV0000","UNMAPPED_FALLBACK"
"01. 남산","31. PVX/AW  Series","PUMA AW560 II","지멘스","3월","MV0000","UNMAPPED_FALLBACK"
"01. 남산","31. PVX/AW  Series","PUMA AW560 II","지멘스","6월","MV0000","UNMAPPED_FALLBACK"
"01. 남산","31. PVX/AW  Series","PUMA AW560 II","지멘스","6월","MV0000","UNMAPPED_FALLBACK"
"01. 남산","31. PVX/AW  Series","PUMA AW560-MF II","지멘스","4월","MV0000","UNMAPPED_FALLBACK"
"01. 남산","31. PVX/AW  Series","PUMA AW560-MF II","지멘스","4월","MV0000","UNMAPPED_FALLBACK"
"01. 남산","31. PVX/AW  Series","PUMA AW560-MF II","지멘스","4월","MV0000","UNMAPPED_FALLBACK"
"01. 남산","31. PVX/AW  Series","PUMA AW560-MF II","지멘스","4월","MV0000","UNMAPPED_FALLBACK"
"01. 남산","31. PVX/AW  Series","PUMA AW560-MF II","지멘스","4월","MV0000","UNMAPPED_FALLBACK"
"01. 남산","29. TL/TT Series","PUMA TT2100SYY","지멘스","2월","ML0422","TT21SYY-F0TP-0-E30"
"01. 남산","29. TL/TT Series","PUMA TT2100SYY","지멘스","4월","ML0422","TT21SYY-F0TP-0-E30"
"01. 남산","29. TL/TT Series","PUMA TT2100SYY","지멘스","4월","ML0422","TT21SYY-F0TP-0-E30"
"01. 남산","29. TL/TT Series","PUMA TT2100SYY","지멘스","4월","ML0422","TT21SYY-F0TP-0-E30"
"01. 남산","29. TL/TT Series","PUMA TT2100SYY","지멘스","6월","ML0422","TT21SYY-F0TP-0-E30"
"01. 남산","29. TL/TT Series","PUMA TT2100SYY","지멘스","6월","ML0422","TT21SYY-F0TP-0-E30"
"01. 남산","29. TL/TT Series","PUMA TT2100SYY","지멘스","7월","ML0422","TT21SYY-F0TP-0-E30"
"01. 남산","29. TL/TT Series","PUMA TT2100SYY","지멘스","7월","ML0422","TT21SYY-F0TP-0-E30"
"01. 남산","29. TL/TT Series","PUMA TT1800SY","지멘스","2월","ML0177","TT18SY-F0TP-0-B31"
"01. 남산","29. TL/TT Series","PUMA TT1800SY","지멘스","2월","ML0177","TT18SY-F0TP-0-B31"
"01. 남산","29. TL/TT Series","PUMA TT1800SY","지멘스","2월","ML0177","TT18SY-F0TP-0-B31"
"01. 남산","29. TL/TT Series","PUMA TT1800SY","지멘스","2월","ML0177","TT18SY-F0TP-0-B31"
"01. 남산","29. TL/TT Series","PUMA TT1800SY","지멘스","4월","ML0177","TT18SY-F0TP-0-B31"
"01. 남산","29. TL/TT Series","PUMA TT1800SY","지멘스","4월","ML0177","TT18SY-F0TP-0-B31"
"01. 남산","29. TL/TT Series","PUMA TT1800SY","지멘스","4월","ML0177","TT18SY-F0TP-0-B31"
"01. 남산","29. TL/TT Series","PUMA TT1800SY","지멘스","5월","ML0177","TT18SY-F0TP-0-B31"
"01. 남산","29. TL/TT Series","PUMA TT1800SY","지멘스","5월","ML0177","TT18SY-F0TP-0-B31"
"01. 남산","29. TL/TT Series","PUMA TT1800SY","지멘스","5월","ML0177","TT18SY-F0TP-0-B31"
"01. 남산","29. TL/TT Series","PUMA TT1800SY","지멘스","5월","ML0177","TT18SY-F0TP-0-B31"
"01. 남산","29. TL/TT Series","PUMA TT1800SY","지멘스","5월","ML0177","TT18SY-F0TP-0-B31"
"01. 남산","29. TL/TT Series","PUMA TT1800SY","지멘스","6월","ML0177","TT18SY-F0TP-0-B31"
"01. 남산","29. TL/TT Series","PUMA TT1800SY","지멘스","6월","ML0177","TT18SY-F0TP-0-B31"
"01. 남산","29. TL/TT Series","PUMA TT1800SY","지멘스","6월","ML0177","TT18SY-F0TP-0-B31"
"01. 남산","29. TL/TT Series","PUMA TT1800SY","지멘스","6월","ML0177","TT18SY-F0TP-0-B31"
"01. 남산","29. TL/TT Series","PUMA TT1800SY","지멘스","7월","ML0177","TT18SY-F0TP-0-B31"
"01. 남산","29. TL/TT Series","PUMA TT1800SY","지멘스","7월","ML0177","TT18SY-F0TP-0-B31"
"01. 남산","29. TL/TT Series","PUMA TT1800SY","지멘스","7월","ML0177","TT18SY-F0TP-0-B31"
"01. 남산","29. TL/TT Series","PUMA TT1800SY","지멘스","7월","ML0177","TT18SY-F0TP-0-B31"
"01. 남산","29. TL/TT Series","PUMA TT1800SY","SONE","4월","ML0177","TT18SY-F0TP-0-B31"
"01. 남산","29. TL/TT Series","PUMA TT2500SY","지멘스","2월","ML0186","TT25SY-F0TP-0-S31"
"01. 남산","29. TL/TT Series","PUMA TT2500SY","지멘스","2월","ML0186","TT25SY-F0TP-0-S31"
"01. 남산","29. TL/TT Series","PUMA TT2500SY","지멘스","2월","ML0186","TT25SY-F0TP-0-S31"
"01. 남산","29. TL/TT Series","PUMA TT2500SY","지멘스","3월","ML0186","TT25SY-F0TP-0-S31"
"01. 남산","29. TL/TT Series","PUMA TT2500SY","지멘스","3월","ML0186","TT25SY-F0TP-0-S31"
"01. 남산","29. TL/TT Series","PUMA TT2500SY","지멘스","4월","ML0186","TT25SY-F0TP-0-S31"
"01. 남산","29. TL/TT Series","PUMA TT2500SY","지멘스","4월","ML0186","TT25SY-F0TP-0-S31"
"01. 남산","29. TL/TT Series","PUMA TT2500SY","지멘스","4월","ML0186","TT25SY-F0TP-0-S31"
"01. 남산","29. TL/TT Series","PUMA TT2500SY","지멘스","4월","ML0186","TT25SY-F0TP-0-S31"
"01. 남산","29. TL/TT Series","PUMA TT2500SY","지멘스","4월","ML0186","TT25SY-F0TP-0-S31"
"01. 남산","29. TL/TT Series","PUMA TT2500SY","지멘스","5월","ML0186","TT25SY-F0TP-0-S31"
"01. 남산","29. TL/TT Series","PUMA TT2500SY","지멘스","5월","ML0186","TT25SY-F0TP-0-S31"
"01. 남산","29. TL/TT Series","PUMA TT2500SY","지멘스","5월","ML0186","TT25SY-F0TP-0-S31"
"01. 남산","29. TL/TT Series","PUMA TT2500SY","지멘스","5월","ML0186","TT25SY-F0TP-0-S31"
"01. 남산","29. TL/TT Series","PUMA TT2500SY","지멘스","5월","ML0186","TT25SY-F0TP-0-S31"
"01. 남산","29. TL/TT Series","PUMA TT2500SY","지멘스","5월","ML0186","TT25SY-F0TP-0-S31"
"01. 남산","29. TL/TT Series","PUMA TT2500SY","지멘스","6월","ML0186","TT25SY-F0TP-0-S31"
"01. 남산","29. TL/TT Series","PUMA TT2500SY","지멘스","6월","ML0186","TT25SY-F0TP-0-S31"
"01. 남산","29. TL/TT Series","PUMA TT2500SY","지멘스","6월","ML0186","TT25SY-F0TP-0-S31"
"01. 남산","29. TL/TT Series","PUMA TT2500SY","지멘스","6월","ML0186","TT25SY-F0TP-0-S31"
"01. 남산","29. TL/TT Series","PUMA TT2500SY","지멘스","6월","ML0186","TT25SY-F0TP-0-S31"
"01. 남산","29. TL/TT Series","PUMA TT2500SY","지멘스","6월","ML0186","TT25SY-F0TP-0-S31"
"01. 남산","29. TL/TT Series","PUMA TT2500SY","지멘스","6월","ML0186","TT25SY-F0TP-0-S31"
"01. 남산","29. TL/TT Series","PUMA TT2500SY","지멘스","7월","ML0186","TT25SY-F0TP-0-S31"
"01. 남산","29. TL/TT Series","PUMA TT2500SY","지멘스","7월","ML0186","TT25SY-F0TP-0-S31"
"01. 남산","29. TL/TT Series","PUMA TT2500SY","지멘스","7월","ML0186","TT25SY-F0TP-0-S31"
"01. 남산","29. TL/TT Series","PUMA TT2500SY","지멘스","7월","ML0186","TT25SY-F0TP-0-S31"
"01. 남산","29. TL/TT Series","PUMA TT2500SY","지멘스","7월","ML0186","TT25SY-F0TP-0-S31"
"01. 남산","29. TL/TT Series","PUMA TT2500SY","지멘스","7월","ML0186","TT25SY-F0TP-0-S31"
"01. 남산","29. TL/TT Series","PUMA TT2500SY","지멘스","7월","ML0186","TT25SY-F0TP-0-S31"
"01. 남산","29. TL/TT Series","PUMA TT1300SYYB","(비어 있음)","2월","ML0428","T13SYYB-F0TP-0-B30"
"01. 남산","29. TL/TT Series","PUMA TT1300SYYB","(비어 있음)","4월","ML0428","T13SYYB-F0TP-0-B30"
"01. 남산","29. TL/TT Series","PUMA TT1300SYYB","(비어 있음)","4월","ML0428","T13SYYB-F0TP-0-B30"
"01. 남산","29. TL/TT Series","PUMA TT1300SYYB","(비어 있음)","5월","ML0428","T13SYYB-F0TP-0-B30"
"01. 남산","29. TL/TT Series","PUMA TT1300SYYB","(비어 있음)","6월","ML0428","T13SYYB-F0TP-0-B30"
"01. 남산","29. TL/TT Series","PUMA TT1300SYYB","(비어 있음)","7월","ML0428","T13SYYB-F0TP-0-B30"
"01. 남산","29. TL/TT Series","PUMA TT2100SYYB","(비어 있음)","2월","ML0429","T21SYYB-F0TP-0-E30"
"01. 남산","29. TL/TT Series","PUMA TT2100SYYB","(비어 있음)","2월","ML0429","T21SYYB-F0TP-0-E30"
"01. 남산","29. TL/TT Series","PUMA TT2100SYYB","(비어 있음)","2월","ML0429","T21SYYB-F0TP-0-E30"
"01. 남산","29. TL/TT Series","PUMA TT2100SYYB","(비어 있음)","3월","ML0429","T21SYYB-F0TP-0-E30"
"01. 남산","29. TL/TT Series","PUMA TT2100SYYB","(비어 있음)","3월","ML0429","T21SYYB-F0TP-0-E30"
"01. 남산","29. TL/TT Series","PUMA TT2100SYYB","(비어 있음)","3월","ML0429","T21SYYB-F0TP-0-E30"
"01. 남산","29. TL/TT Series","PUMA TT2100SYYB","(비어 있음)","4월","ML0429","T21SYYB-F0TP-0-E30"
"01. 남산","29. TL/TT Series","PUMA TT2100SYYB","(비어 있음)","5월","ML0429","T21SYYB-F0TP-0-E30"
"01. 남산","29. TL/TT Series","PUMA TT2100SYYB","(비어 있음)","5월","ML0429","T21SYYB-F0TP-0-E30"
"01. 남산","29. TL/TT Series","PUMA TT2100SYYB","(비어 있음)","5월","ML0429","T21SYYB-F0TP-0-E30"
"01. 남산","29. TL/TT Series","PUMA TT2100SYYB","(비어 있음)","6월","ML0429","T21SYYB-F0TP-0-E30"
"01. 남산","29. TL/TT Series","PUMA TT2100SYYB","(비어 있음)","6월","ML0429","T21SYYB-F0TP-0-E30"
"01. 남산","29. TL/TT Series","PUMA TT2100SYYB","(비어 있음)","7월","ML0429","T21SYYB-F0TP-0-E30"
"01. 남산","29. TL/TT Series","PUMA TT2100SYYB","(비어 있음)","7월","ML0429","T21SYYB-F0TP-0-E30"
"01. 남산","29. TL/TT Series","PUMA TL2500L","(비어 있음)","4월","MV0000","UNMAPPED_FALLBACK"
"01. 남산","26. P500/600/700/800 Series","PUMA 800 II","(비어 있음)","2월","MV0000","UNMAPPED_FALLBACK"
"01. 남산","26. P500/600/700/800 Series","PUMA 800 II","(비어 있음)","2월","MV0000","UNMAPPED_FALLBACK"
"01. 남산","26. P500/600/700/800 Series","PUMA 700L II","(비어 있음)","5월","MV0000","UNMAPPED_FALLBACK"
"01. 남산","26. P500/600/700/800 Series","PUMA 700L II","(비어 있음)","5월","MV0000","UNMAPPED_FALLBACK"
"01. 남산","26. P500/600/700/800 Series","PUMA 700L II","(비어 있음)","7월","MV0000","UNMAPPED_FALLBACK"
"01. 남산","26. P500/600/700/800 Series","PUMA 600LM II","(비어 있음)","6월","MV0000","UNMAPPED_FALLBACK"
"01. 남산","26. P500/600/700/800 Series","PUMA 600 II","(비어 있음)","4월","MV0000","UNMAPPED_FALLBACK"
"01. 남산","26. P500/600/700/800 Series","PUMA 600 II","(비어 있음)","4월","MV0000","UNMAPPED_FALLBACK"
"01. 남산","26. P500/600/700/800 Series","PUMA 600 II","(비어 있음)","6월","MV0000","UNMAPPED_FALLBACK"
"01. 남산","26. P500/600/700/800 Series","PUMA 600 II","(비어 있음)","7월","MV0000","UNMAPPED_FALLBACK"
"01. 남산","26. P500/600/700/800 Series","PUMA 600 II","(비어 있음)","7월","MV0000","UNMAPPED_FALLBACK"
"01. 남산","26. P500/600/700/800 Series","PUMA 700 II","지멘스","6월","MV0000","UNMAPPED_FALLBACK"
"01. 남산","26. P500/600/700/800 Series","PUMA 600M II","(비어 있음)","4월","MV0000","UNMAPPED_FALLBACK"
"01. 남산","26. P500/600/700/800 Series","PUMA 800L II","(비어 있음)","3월","MV0000","UNMAPPED_FALLBACK"
"01. 남산","26. P500/600/700/800 Series","PUMA 800L II","(비어 있음)","6월","MV0000","UNMAPPED_FALLBACK"
"01. 남산","26. P500/600/700/800 Series","PUMA 800L II","(비어 있음)","6월","MV0000","UNMAPPED_FALLBACK"
"01. 남산","26. P500/600/700/800 Series","PUMA 700LM II","(비어 있음)","2월","MV0000","UNMAPPED_FALLBACK"
"01. 남산","26. P500/600/700/800 Series","PUMA 700LM II","(비어 있음)","2월","MV0000","UNMAPPED_FALLBACK"
"01. 남산","26. P500/600/700/800 Series","PUMA 700LM II","(비어 있음)","3월","MV0000","UNMAPPED_FALLBACK"
"01. 남산","26. P500/600/700/800 Series","PUMA 700LM II","(비어 있음)","5월","MV0000","UNMAPPED_FALLBACK"
"01. 남산","26. P500/600/700/800 Series","PUMA 700LM II","(비어 있음)","5월","MV0000","UNMAPPED_FALLBACK"
"01. 남산","26. P500/600/700/800 Series","PUMA 700LM II","(비어 있음)","5월","MV0000","UNMAPPED_FALLBACK"
"01. 남산","26. P500/600/700/800 Series","PUMA 700LM II","(비어 있음)","6월","MV0000","UNMAPPED_FALLBACK"
"01. 남산","26. P500/600/700/800 Series","PUMA 700LM II","(비어 있음)","7월","MV0000","UNMAPPED_FALLBACK"
"01. 남산","26. P500/600/700/800 Series","PUMA 700LM II","(비어 있음)","7월","MV0000","UNMAPPED_FALLBACK"
"01. 남산","26. P500/600/700/800 Series","PUMA 700LM II","(비어 있음)","7월","MV0000","UNMAPPED_FALLBACK"
"01. 남산","26. P500/600/700/800 Series","PUMA 800B II","(비어 있음)","5월","MV0000","UNMAPPED_FALLBACK"
"01. 남산","26. P500/600/700/800 Series","PUMA 800B II","(비어 있음)","6월","MV0000","UNMAPPED_FALLBACK"
"01. 남산","26. P500/600/700/800 Series","PUMA 1000B","(비어 있음)","2월","MV0000","UNMAPPED_FALLBACK"
"01. 남산","26. P500/600/700/800 Series","PUMA 1000B","(비어 있음)","3월","MV0000","UNMAPPED_FALLBACK"
"01. 남산","26. P500/600/700/800 Series","PUMA 1000B","(비어 있음)","5월","MV0000","UNMAPPED_FALLBACK"
"01. 남산","26. P500/600/700/800 Series","PUMA 1000B","(비어 있음)","6월","MV0000","UNMAPPED_FALLBACK"
"01. 남산","26. P500/600/700/800 Series","PUMA 800LM II","(비어 있음)","3월","MV0000","UNMAPPED_FALLBACK"
"01. 남산","26. P500/600/700/800 Series","PUMA 800LM II","(비어 있음)","4월","MV0000","UNMAPPED_FALLBACK"
"01. 남산","26. P500/600/700/800 Series","PUMA 800LB II","(비어 있음)","7월","MV0000","UNMAPPED_FALLBACK"
"02. 성주","01. HM Series","HM1250","6K","2월","MH0014","HM1250-F31P-0-K30"
"02. 성주","01. HM Series","HM1250","6K","2월","MH0014","HM1250-F31P-0-K30"
"02. 성주","01. HM Series","HM1250","6K","4월","MH0014","HM1250-F31P-0-K30"
"02. 성주","01. HM Series","HM1250","6K","4월","MH0014","HM1250-F31P-0-K30"
"02. 성주","01. HM Series","HM1250","6K","6월","MH0014","HM1250-F31P-0-K30"
"02. 성주","01. HM Series","HM1250","6K","7월","MH0014","HM1250-F31P-0-K30"
"02. 성주","01. HM Series","HM1250","8K","2월","MH0014","HM1250-F31P-0-K30"
"02. 성주","01. HM Series","HM1250","8K","5월","MH0014","HM1250-F31P-0-K30"
"02. 성주","01. HM Series","HM1250W","3K","3월","MH0031","HM1250W-F31P-0-E31"
"02. 성주","02. HFP Series","HFP1540","SONE","3월","MH0034","HFP1540-SONF-0-U70"
"02. 성주","02. HFP Series","HFP 2060","SONE","7월","MY0534","HFP2060-SONF-0-K09"
"02. 성주","05. 문형MC(W/F TYPE)","DCM2760F II","6K","5월","MV0000","UNMAPPED_FALLBACK"
"02. 성주","05. 문형MC(W/F TYPE)","DCM 3150H","6K","3월","MD0044","DCM315H-F31P-0-K30"
"02. 성주","05. 문형MC(W/F TYPE)","DCM 3150H","6K","3월","MD0044","DCM315H-F31P-0-K30"
"02. 성주","05. 문형MC(W/F TYPE)","DCM 3150H","6K","3월","MD0044","DCM315H-F31P-0-K30"
"02. 성주","05. 문형MC(W/F TYPE)","DCM3250F II","6K","2월","MV0000","UNMAPPED_FALLBACK"
"02. 성주","05. 문형MC(W/F TYPE)","DCM 2640H","6K","3월","MV0000","UNMAPPED_FALLBACK"
"02. 성주","05. 문형MC(W/F TYPE)","DCM3160H","6K","4월","MD0045","DCM316H-F31P-0-K30"
"02. 성주","05. 문형MC(W/F TYPE)","DCM3160H","6K","6월","MD0045","DCM316H-F31P-0-K30"
"02. 성주","05. 문형MC(W/F TYPE)","DCM4280F","6K","5월","MV0000","UNMAPPED_FALLBACK"
"02. 성주","05. 문형MC(W/F TYPE)","DCM37100F","6K","7월","MV0000","UNMAPPED_FALLBACK"
"02. 성주","06. BM Series","BM1530M","12K","5월","MV0105","BM1530M-F31P-0-K30"
"02. 성주","06. BM Series","BM1530M","12K","7월","MV0105","BM1530M-F31P-0-K30"
"02. 성주","06. BM Series","BM2035M","12K","6월","MV0104","BM2035M-F31P-0-K30"
"02. 성주","06. BM Series","BM274M","12K","3월","MV0085","BM274M-F31P-0-K30"
"02. 성주","06. BM Series","BM274M","12K","7월","MV0085","BM274M-F31P-0-K30"
"02. 성주","06. BM Series","BM274U","12K","3월","MY0113","BM274U-F35P-0-E09"
"02. 성주","06. BM Series","BM2740","10K","3월","MV0057","BM2740-F32P-0-U30"
"02. 성주","06. BM Series","BM2740","10K","4월","MV0057","BM2740-F32P-0-U30"
"02. 성주","06. BM Series","BM2035U","15K(H/H)","6월","MV0197","BM2035U-F35P-0-K30"
"02. 성주","06. BM Series","BM2035U","15K(SONE)","2월","MV0197","BM2035U-F35P-0-K30"
"02. 성주","06. BM Series","BM2035U","15K(SONE)","3월","MV0197","BM2035U-F35P-0-K30"
"02. 성주","06. BM Series","BM2035U","15K(SONE)","5월","MV0197","BM2035U-F35P-0-K30"
"02. 성주","06. BM Series","BM2035U","15K(SONE)","6월","MV0197","BM2035U-F35P-0-K30"
"02. 성주","07. DBM Series","DBM3060","6K","4월","MD0041","DBM3060-F31P-0-K30"
"02. 성주","07. DBM Series","DBM2550U","8K","2월","MY0431","DBM255U-F35P-0-U09"
"02. 성주","07. DBM Series","DBM2550U","8K","3월","MY0431","DBM255U-F35P-0-U09"
"02. 성주","07. DBM Series","DBM2550U","8K","6월","MY0431","DBM255U-F35P-0-U09"
"02. 성주","07. DBM Series","DBM3080","8K","5월","MY0510","DBM3080-F31P-0-K09"
"02. 성주","07. DBM Series","DBM2540","6K","3월","MD0036","DBM2540-F31P-0-K30"
"02. 성주","07. DBM Series","DBM2540U","6K","3월","MY0480","DBM254U-F35P-0-K09"
"02. 성주","07. DBM Series","DBM203U","6K","2월","MY0531","DBM203U-F35P-0-U09"
"02. 성주","07. DBM Series","DBM203U","6K","6월","MY0531","DBM203U-F35P-0-U09"
"02. 성주","07. DBM Series","DBM2550","8K","4월","MD0037","DBM2550-F31P-0-U30"
"02. 성주","07. DBM Series","DBM2030","6K","4월","MD0038","DBM2030-F31P-0-K30"
"02. 성주","07. DBM Series","DBM1525","8K","7월","MD0043","DBM1525-F31P-1-U30"
"02. 성주","12. MYNX Series","MYNX9500/50","10K BUILT IN","6월","MV0000","UNMAPPED_FALLBACK"
"02. 성주","12. MYNX Series","MYNX9500/50","10K BUILT IN","7월","MV0000","UNMAPPED_FALLBACK"
"02. 성주","12. MYNX Series","MYNX9500/50","6K","3월","MV0000","UNMAPPED_FALLBACK"
"02. 성주","12. MYNX Series","MYNX9500/50","6K G/B","2월","MV0000","UNMAPPED_FALLBACK"
"02. 성주","12. MYNX Series","MYNX9500/50","6K G/B","2월","MV0000","UNMAPPED_FALLBACK"
"02. 성주","12. MYNX Series","MYNX9500/50","6K G/B","2월","MV0000","UNMAPPED_FALLBACK"
"02. 성주","12. MYNX Series","MYNX9500/50","6K G/B","2월","MV0000","UNMAPPED_FALLBACK"
"02. 성주","12. MYNX Series","MYNX9500/50","6K G/B","3월","MV0000","UNMAPPED_FALLBACK"
"02. 성주","12. MYNX Series","MYNX9500/50","6K G/B","3월","MV0000","UNMAPPED_FALLBACK"
"02. 성주","12. MYNX Series","MYNX9500/50","6K G/B","4월","MV0000","UNMAPPED_FALLBACK"
"02. 성주","12. MYNX Series","MYNX9500/50","6K G/B","4월","MV0000","UNMAPPED_FALLBACK"
"02. 성주","12. MYNX Series","MYNX9500/50","6K G/B","5월","MV0000","UNMAPPED_FALLBACK"
"02. 성주","12. MYNX Series","MYNX9500/50","6K G/B","6월","MV0000","UNMAPPED_FALLBACK"
"02. 성주","12. MYNX Series","MYNX9500/50","6K G/B","7월","MV0000","UNMAPPED_FALLBACK"
"02. 성주","12. MYNX Series","MYNX9500/50","6K(H/H)","5월","MV0000","UNMAPPED_FALLBACK"
"02. 성주","17. VCF 5500 Series","VCF5500L","12K","5월","MV0000","UNMAPPED_FALLBACK"
"02. 성주","17. VCF 5500 Series","VCF5500L","12K","7월","MV0000","UNMAPPED_FALLBACK"
"02. 성주","17. VCF 5500 Series","VCF5500SL","12K","4월","MV0158","VCF55SL-F0MP-0-K30"
"02. 성주","11. DVF Series","DVF6500","12K(H/H)","2월","MV0127","DVF6500-F35P-0-K30"
"02. 성주","11. DVF Series","DVF6500","12K(H/H)","4월","MV0127","DVF6500-F35P-0-K30"
"02. 성주","11. DVF Series","DVF6500","12K(H/H)","4월","MV0127","DVF6500-F35P-0-K30"
"02. 성주","11. DVF Series","DVF6500","18K","2월","MV0127","DVF6500-F35P-0-K30"
"02. 성주","11. DVF Series","DVF6500","18K","3월","MV0127","DVF6500-F35P-0-K30"
"02. 성주","11. DVF Series","DVF6500","18K","4월","MV0127","DVF6500-F35P-0-K30"
"02. 성주","11. DVF Series","DVF6500","18K","4월","MV0127","DVF6500-F35P-0-K30"
"02. 성주","11. DVF Series","DVF6500","18K","5월","MV0127","DVF6500-F35P-0-K30"
"02. 성주","11. DVF Series","DVF6500","18K","5월","MV0127","DVF6500-F35P-0-K30"
"02. 성주","11. DVF Series","DVF6500","18K","5월","MV0127","DVF6500-F35P-0-K30"
"02. 성주","11. DVF Series","DVF6500","18K","5월","MV0127","DVF6500-F35P-0-K30"
"02. 성주","11. DVF Series","DVF6500","18K","5월","MV0127","DVF6500-F35P-0-K30"
"02. 성주","11. DVF Series","DVF6500","18K","6월","MV0127","DVF6500-F35P-0-K30"
"02. 성주","11. DVF Series","DVF6500","18K","6월","MV0127","DVF6500-F35P-0-K30"
"02. 성주","11. DVF Series","DVF6500","18K","6월","MV0127","DVF6500-F35P-0-K30"
"02. 성주","11. DVF Series","DVF6500","18K","6월","MV0127","DVF6500-F35P-0-K30"
"02. 성주","11. DVF Series","DVF6500","18K","6월","MV0127","DVF6500-F35P-0-K30"
"02. 성주","11. DVF Series","DVF6500","18K","6월","MV0127","DVF6500-F35P-0-K30"
"02. 성주","11. DVF Series","DVF6500","18K","6월","MV0127","DVF6500-F35P-0-K30"
"02. 성주","11. DVF Series","DVF6500","18K","6월","MV0127","DVF6500-F35P-0-K30"
"02. 성주","11. DVF Series","DVF6500","18K","7월","MV0127","DVF6500-F35P-0-K30"
"02. 성주","11. DVF Series","DVF6500","18K","7월","MV0127","DVF6500-F35P-0-K30"
"02. 성주","11. DVF Series","DVF6500","18K","7월","MV0127","DVF6500-F35P-0-K30"
"02. 성주","11. DVF Series","DVF6500","18K","7월","MV0127","DVF6500-F35P-0-K30"
"02. 성주","11. DVF Series","DVF6500","18K","7월","MV0127","DVF6500-F35P-0-K30"
"02. 성주","11. DVF Series","DVF6500","18K","7월","MV0127","DVF6500-F35P-0-K30"
"02. 성주","11. DVF Series","DVF6500","18K(H/H)","2월","MV0127","DVF6500-F35P-0-K30"
"02. 성주","11. DVF Series","DVF6500","18K(H/H)","2월","MV0127","DVF6500-F35P-0-K30"
"02. 성주","11. DVF Series","DVF6500","18K(H/H)","3월","MV0127","DVF6500-F35P-0-K30"
"02. 성주","11. DVF Series","DVF6500","18K(H/H)","3월","MV0127","DVF6500-F35P-0-K30"
"02. 성주","11. DVF Series","DVF6500","18K(H/H)","4월","MV0127","DVF6500-F35P-0-K30"
"02. 성주","11. DVF Series","DVF6500","18K(H/H)","4월","MV0127","DVF6500-F35P-0-K30"
"02. 성주","11. DVF Series","DVF6500","18K(H/H)","5월","MV0127","DVF6500-F35P-0-K30"
"02. 성주","11. DVF Series","DVF6500","18K(H/H)","5월","MV0127","DVF6500-F35P-0-K30"
"02. 성주","11. DVF Series","DVF6500","18K(H/H)","5월","MV0127","DVF6500-F35P-0-K30"
"02. 성주","11. DVF Series","DVF6500","18K(H/H)","5월","MV0127","DVF6500-F35P-0-K30"
"02. 성주","11. DVF Series","DVF6500","18K(SONE)","3월","MV0127","DVF6500-F35P-0-K30"
"02. 성주","11. DVF Series","DVF6500","18K(SONE)","3월","MV0127","DVF6500-F35P-0-K30"
"02. 성주","11. DVF Series","DVF6500","12K","2월","MV0127","DVF6500-F35P-0-K30"
"02. 성주","11. DVF Series","DVF6500","12K","3월","MV0127","DVF6500-F35P-0-K30"
"02. 성주","11. DVF Series","DVF6500","12K","3월","MV0127","DVF6500-F35P-0-K30"
"02. 성주","11. DVF Series","DVF6500","12K","4월","MV0127","DVF6500-F35P-0-K30"
"02. 성주","11. DVF Series","DVF6500","12K","5월","MV0127","DVF6500-F35P-0-K30"
"02. 성주","11. DVF Series","DVF6500","12K","5월","MV0127","DVF6500-F35P-0-K30"
"02. 성주","11. DVF Series","DVF6500","12K","5월","MV0127","DVF6500-F35P-0-K30"
"02. 성주","11. DVF Series","DVF6500","12K","6월","MV0127","DVF6500-F35P-0-K30"
"02. 성주","11. DVF Series","DVF6500","12K","6월","MV0127","DVF6500-F35P-0-K30"
"02. 성주","11. DVF Series","DVF6500","12K","6월","MV0127","DVF6500-F35P-0-K30"
"02. 성주","11. DVF Series","DVF6500","12K","7월","MV0127","DVF6500-F35P-0-K30"
"02. 성주","11. DVF Series","DVF6500T","18K(H/H)","6월","MV0000","UNMAPPED_FALLBACK"
"02. 성주","11. DVF Series","DVF6500T","18K(SONE)","3월","MV0000","UNMAPPED_FALLBACK"
"02. 성주","11. DVF Series","DVF6500T","18K(SONE)","4월","MV0000","UNMAPPED_FALLBACK"
"02. 성주","11. DVF Series","DVF6500T","18K(SONE)","4월","MV0000","UNMAPPED_FALLBACK"
"02. 성주","11. DVF Series","DVF4000","15K(H/H)","2월","MV0166","DVF4000-HT07-1-B51"
"02. 성주","11. DVF Series","DVF4000","15K(H/H)","2월","MV0166","DVF4000-HT07-1-B51"
"02. 성주","11. DVF Series","DVF4000","15K(H/H)","3월","MV0166","DVF4000-HT07-1-B51"
"02. 성주","11. DVF Series","DVF4000","15K(H/H)","3월","MV0166","DVF4000-HT07-1-B51"
"02. 성주","11. DVF Series","DVF4000","15K(H/H)","4월","MV0166","DVF4000-HT07-1-B51"
"02. 성주","11. DVF Series","DVF4000","15K(H/H)","4월","MV0166","DVF4000-HT07-1-B51"
"02. 성주","11. DVF Series","DVF4000","15K(H/H)","7월","MV0166","DVF4000-HT07-1-B51"
"02. 성주","11. DVF Series","DVF4000","15K(SONE)","3월","MV0166","DVF4000-HT07-1-B51"
"02. 성주","11. DVF Series","DVF4000","15K","2월","MV0166","DVF4000-HT07-1-B51"
"02. 성주","11. DVF Series","DVF4000","15K","2월","MV0166","DVF4000-HT07-1-B51"
"02. 성주","11. DVF Series","DVF4000","15K","3월","MV0166","DVF4000-HT07-1-B51"
"02. 성주","11. DVF Series","DVF4000","15K","3월","MV0166","DVF4000-HT07-1-B51"
"02. 성주","11. DVF Series","DVF4000","15K","3월","MV0166","DVF4000-HT07-1-B51"
"02. 성주","11. DVF Series","DVF4000","15K","5월","MV0166","DVF4000-HT07-1-B51"
"02. 성주","11. DVF Series","DVF4000","15K","5월","MV0166","DVF4000-HT07-1-B51"
"02. 성주","11. DVF Series","DVF4000","15K","5월","MV0166","DVF4000-HT07-1-B51"
"02. 성주","11. DVF Series","DVF4000","15K","6월","MV0166","DVF4000-HT07-1-B51"
"02. 성주","11. DVF Series","DVF4000","15K","7월","MV0166","DVF4000-HT07-1-B51"
"02. 성주","11. DVF Series","DVF4000","15K","7월","MV0166","DVF4000-HT07-1-B51"
"02. 성주","11. DVF Series","DVF4000","(비어 있음)","6월","MV0166","DVF4000-HT07-1-B51"
"02. 성주","11. DVF Series","DVF4000","(비어 있음)","6월","MV0166","DVF4000-HT07-1-B51"
"02. 성주","11. DVF Series","DVF4000","(비어 있음)","6월","MV0166","DVF4000-HT07-1-B51"
"02. 성주","11. DVF Series","DVF4000","12K","2월","MV0166","DVF4000-HT07-1-B51"
"02. 성주","11. DVF Series","DVF4000","12K","3월","MV0166","DVF4000-HT07-1-B51"
"02. 성주","11. DVF Series","DVF4000","12K","4월","MV0166","DVF4000-HT07-1-B51"
"02. 성주","11. DVF Series","DVF4000","12K","4월","MV0166","DVF4000-HT07-1-B51"
"02. 성주","11. DVF Series","DVF4000","12K","5월","MV0166","DVF4000-HT07-1-B51"
"02. 성주","11. DVF Series","DVF4000","12K","5월","MV0166","DVF4000-HT07-1-B51"
"02. 성주","11. DVF Series","DVF4000","12K","6월","MV0166","DVF4000-HT07-1-B51"
"02. 성주","11. DVF Series","DVF4000","12K","6월","MV0166","DVF4000-HT07-1-B51"
"02. 성주","11. DVF Series","DVF4000","12K","6월","MV0166","DVF4000-HT07-1-B51"
"02. 성주","11. DVF Series","DVF4000","12K","7월","MV0166","DVF4000-HT07-1-B51"
"02. 성주","11. DVF Series","DVF4000","12K","7월","MV0166","DVF4000-HT07-1-B51"
"02. 성주","11. DVF Series","DVF4000","12K","7월","MV0166","DVF4000-HT07-1-B51"
"02. 성주","11. DVF Series","DVF4000","12K","7월","MV0166","DVF4000-HT07-1-B51"
"02. 성주","17. VCF 850 Series","VCF850LSR","12K(H/H)","2월","MV0000","UNMAPPED_FALLBACK"
"02. 성주","17. VCF 850 Series","VCF850LSR","18K(H/H)","3월","MV0000","UNMAPPED_FALLBACK"
"02. 성주","17. VCF 850 Series","VCF850LSR","(비어 있음)","7월","MV0000","UNMAPPED_FALLBACK"
"02. 성주","17. VCF 850 Series","VCF850LSR","(비어 있음)","7월","MV0000","UNMAPPED_FALLBACK"
"02. 성주","17. VCF 850 Series","VCF850LSR","12K","3월","MV0000","UNMAPPED_FALLBACK"
"02. 성주","17. VCF 850 Series","VCF850LSR","12K","3월","MV0000","UNMAPPED_FALLBACK"
"02. 성주","17. VCF 850 Series","VCF850LSR","12K","4월","MV0000","UNMAPPED_FALLBACK"
"02. 성주","17. VCF 850 Series","VCF850LSR","12K","4월","MV0000","UNMAPPED_FALLBACK"
"02. 성주","17. VCF 850 Series","VCF850LSR","12K","5월","MV0000","UNMAPPED_FALLBACK"
"02. 성주","34. BORING","DBC110-II","4000","6월","MV0000","UNMAPPED_FALLBACK"
"02. 성주","34. BORING","DBC110-II","4000","7월","MV0000","UNMAPPED_FALLBACK"
"02. 성주","34. BORING","DBC110-II","4000","7월","MV0000","UNMAPPED_FALLBACK"
"02. 성주","34. BORING","DBC11S","3000","5월","MB0001","DBC11S-F32P-0-K30"
"02. 성주","34. BORING","DBC11S","3000","7월","MB0001","DBC11S-F32P-0-K30"
"02. 성주","34. BORING","DBC130-II","3000","3월","MV0000","UNMAPPED_FALLBACK"
"02. 성주","34. BORING","DBC130-II","3000","3월","MV0000","UNMAPPED_FALLBACK"
"02. 성주","34. BORING","DBC130-II","3000","4월","MV0000","UNMAPPED_FALLBACK"
"02. 성주","34. BORING","DBC130-II","3000","4월","MV0000","UNMAPPED_FALLBACK"
"02. 성주","34. BORING","DBC130-II","3000","6월","MV0000","UNMAPPED_FALLBACK"
"02. 성주","34. BORING","DBC130-II","3000","6월","MV0000","UNMAPPED_FALLBACK"
"02. 성주","34. BORING","DBC130-II","3000","6월","MV0000","UNMAPPED_FALLBACK"
"02. 성주","34. BORING","DBC130-II","3000","7월","MV0000","UNMAPPED_FALLBACK"
"02. 성주","34. BORING","DBC130L-II","3000","2월","MV0000","UNMAPPED_FALLBACK"
"02. 성주","34. BORING","DBC130L-II","3000","2월","MV0000","UNMAPPED_FALLBACK"
"02. 성주","34. BORING","DBC130L-II","3000","4월","MV0000","UNMAPPED_FALLBACK"
"02. 성주","34. BORING","DBC130L-II","3000","4월","MV0000","UNMAPPED_FALLBACK"
"02. 성주","34. BORING","DBC130L-II","3000","5월","MV0000","UNMAPPED_FALLBACK"
"02. 성주","34. BORING","DBC130L-II","3000","5월","MV0000","UNMAPPED_FALLBACK"
"02. 성주","34. BORING","DBC130L-II","3000","5월","MV0000","UNMAPPED_FALLBACK"
"02. 성주","34. BORING","DBC130L-II","3000","5월","MV0000","UNMAPPED_FALLBACK"
"02. 성주","34. BORING","DBC130L-II","3000","5월","MV0000","UNMAPPED_FALLBACK"
"02. 성주","34. BORING","DBC130L-II","3000","5월","MV0000","UNMAPPED_FALLBACK"
"02. 성주","34. BORING","DBC130L-II","3000","6월","MV0000","UNMAPPED_FALLBACK"
"02. 성주","34. BORING","DBC130L-II","3000","7월","MV0000","UNMAPPED_FALLBACK"
"02. 성주","34. BORING","DBC130L-II","3000","7월","MV0000","UNMAPPED_FALLBACK"
"02. 성주","34. BORING","DBC130L-II","3K","3월","MV0000","UNMAPPED_FALLBACK"
"02. 성주","34. BORING","DBC130S","2500","4월","MB0013","DBC13S-F0MP-0-Z30"
"02. 성주","34. BORING","DBC130S","2500","4월","MB0013","DBC13S-F0MP-0-Z30"
"02. 성주","25. P5100 Series","PUMA 5100XLYA","2500","6월","MV0000","UNMAPPED_FALLBACK"
"02. 성주","25. P5100 Series","PUMA 5100XLYB","2500","2월","MV0000","UNMAPPED_FALLBACK"
"02. 성주","25. P5100 Series","PUMA 5100XLYB","2500","3월","MV0000","UNMAPPED_FALLBACK"
"02. 성주","25. P5100 Series","PUMA 5100XLYB","2500","7월","MV0000","UNMAPPED_FALLBACK"
"02. 성주","25. P5100 Series","PUMA 5100XLYB","지멘스","4월","MV0000","UNMAPPED_FALLBACK"
"02. 성주","28. SMX Series","SMX5100LB","지멘스","5월","MM0037","SMX51LB-SONF-0-E70"
"02. 성주","28. SMX Series","SMX5100LB","지멘스","7월","MM0037","SMX51LB-SONF-0-E70"
"02. 성주","28. SMX Series","SMX5100LB","(비어 있음)","7월","MM0037","SMX51LB-SONF-0-E70"
"02. 성주","28. SMX Series","SMX5100XLB","(비어 있음)","6월","MM0044","SMX51XL-F3KQ-0-E51"
"02. 성주","28. SMX Series","SMX5100LSB","SONE","2월","MM0036","SMX51LS-F3KQ-0-U51"
"02. 성주","28. SMX Series","SMX5100XL","SONE","4월","MM0044","SMX51XL-F3KQ-0-E51"
"02. 성주","28. SMX Series","SMX5100L","SONE","6월","MM0036","SMX51LS-F3KQ-0-U51"
"02. 성주","30. PV/VT Series","PUMA VT1100","SONE","4월","MT0034","VT110R-F0TP-0-X31"
"02. 성주","30. PV/VT Series","PUMA VT1100","SONE","5월","MT0034","VT110R-F0TP-0-X31"
"02. 성주","30. PV/VT Series","PUMA VT1100","SONE","5월","MT0034","VT110R-F0TP-0-X31"
"02. 성주","30. PV/VT Series","PUMA VT1100","SONE","5월","MT0034","VT110R-F0TP-0-X31"
"02. 성주","30. PV/VT Series","PUMA VT1100","SONE","6월","MT0034","VT110R-F0TP-0-X31"
"02. 성주","30. PV/VT Series","PUMA VT1100","SONE","6월","MT0034","VT110R-F0TP-0-X31"
"02. 성주","30. PV/VT Series","PUMA VT1100","SONE","7월","MT0034","VT110R-F0TP-0-X31"
"02. 성주","30. PV/VT Series","PUMA VT1100","SONE","7월","MT0034","VT110R-F0TP-0-X31"
"02. 성주","30. PV/VT Series","PUMA VT1100","SONE","7월","MT0034","VT110R-F0TP-0-X31"
"02. 성주","30. PV/VT Series","PUMA VT1100","지멘스","2월","MT0034","VT110R-F0TP-0-X31"
"02. 성주","30. PV/VT Series","PUMA VT1100","지멘스","4월","MT0034","VT110R-F0TP-0-X31"
"02. 성주","30. PV/VT Series","PUMA VT1100","지멘스","4월","MT0034","VT110R-F0TP-0-X31"
"02. 성주","30. PV/VT Series","PUMA VT1100","(비어 있음)","5월","MT0034","VT110R-F0TP-0-X31"
"02. 성주","30. PV/VT Series","PUMA VT1100M","(비어 있음)","2월","MV0000","UNMAPPED_FALLBACK"
"02. 성주","30. PV/VT Series","PUMA VT1100M","(비어 있음)","2월","MV0000","UNMAPPED_FALLBACK"
"02. 성주","30. PV/VT Series","PUMA VT1100M","(비어 있음)","3월","MV0000","UNMAPPED_FALLBACK"
"02. 성주","30. PV/VT Series","PUMA VT1100M","(비어 있음)","3월","MV0000","UNMAPPED_FALLBACK"
"02. 성주","30. PV/VT Series","PUMA VT1100M","(비어 있음)","3월","MV0000","UNMAPPED_FALLBACK"
"02. 성주","30. PV/VT Series","PUMA VT1100M","(비어 있음)","4월","MV0000","UNMAPPED_FALLBACK"
"02. 성주","30. PV/VT Series","PUMA VT1100M","(비어 있음)","4월","MV0000","UNMAPPED_FALLBACK"
"02. 성주","30. PV/VT Series","PUMA VT1100M","(비어 있음)","5월","MV0000","UNMAPPED_FALLBACK"
"02. 성주","30. PV/VT Series","PUMA VT1100M","(비어 있음)","6월","MV0000","UNMAPPED_FALLBACK"
"02. 성주","30. PV/VT Series","PUMA VT1100M","(비어 있음)","6월","MV0000","UNMAPPED_FALLBACK"
"02. 성주","30. PV/VT Series","PUMA VT1100M","(비어 있음)","6월","MV0000","UNMAPPED_FALLBACK"
"02. 성주","30. PV/VT Series","PUMA VT1100M","(비어 있음)","7월","MV0000","UNMAPPED_FALLBACK"
"02. 성주","30. PV/VT Series","PUMA VT1100M","(비어 있음)","7월","MV0000","UNMAPPED_FALLBACK"
"02. 성주","33. VTR Series","PUMA VTR1216M","(비어 있음)","2월","MT0045","VTR1216-F0TP-0-K30"
"02. 성주","33. VTR Series","PUMA VTR1216M","(비어 있음)","2월","MT0045","VTR1216-F0TP-0-K30"
"02. 성주","33. VTR Series","PUMA VTR1216M","(비어 있음)","3월","MT0045","VTR1216-F0TP-0-K30"
"02. 성주","33. VTR Series","PUMA VTR1216M","(비어 있음)","3월","MT0045","VTR1216-F0TP-0-K30"
"02. 성주","33. VTR Series","PUMA VTR1216M","(비어 있음)","4월","MT0045","VTR1216-F0TP-0-K30"
"02. 성주","33. VTR Series","PUMA VTR1216M","(비어 있음)","4월","MT0045","VTR1216-F0TP-0-K30"
"02. 성주","33. VTR Series","PUMA VTR1216M","(비어 있음)","4월","MT0045","VTR1216-F0TP-0-K30"
"02. 성주","33. VTR Series","PUMA VTR1216M","(비어 있음)","4월","MT0045","VTR1216-F0TP-0-K30"
"02. 성주","33. VTR Series","PUMA VTR1216M","(비어 있음)","5월","MT0045","VTR1216-F0TP-0-K30"
"02. 성주","33. VTR Series","PUMA VTR1216M","(비어 있음)","5월","MT0045","VTR1216-F0TP-0-K30"
"02. 성주","33. VTR Series","PUMA VTR1216M","(비어 있음)","5월","MT0045","VTR1216-F0TP-0-K30"
"02. 성주","33. VTR Series","PUMA VTR1216M","(비어 있음)","5월","MT0045","VTR1216-F0TP-0-K30"
"02. 성주","33. VTR Series","PUMA VTR1216M","(비어 있음)","5월","MT0045","VTR1216-F0TP-0-K30"
"02. 성주","33. VTR Series","PUMA VTR1216M","(비어 있음)","6월","MT0045","VTR1216-F0TP-0-K30"
"02. 성주","33. VTR Series","PUMA VTR1216M","(비어 있음)","6월","MT0045","VTR1216-F0TP-0-K30"
"02. 성주","33. VTR Series","PUMA VTR1216M","(비어 있음)","7월","MT0045","VTR1216-F0TP-0-K30"
"02. 성주","33. VTR Series","PUMA VTR1216M","(비어 있음)","6월","MT0045","VTR1216-F0TP-0-K30"
"02. 성주","33. VTR Series","PUMA VTR1620","(비어 있음)","2월","MT0054","VTR1620-F0TP-0-K30"
"02. 성주","33. VTR Series","PUMA VTR1620","(비어 있음)","2월","MT0054","VTR1620-F0TP-0-K30"
"02. 성주","33. VTR Series","PUMA VTR1620","(비어 있음)","2월","MT0054","VTR1620-F0TP-0-K30"
"02. 성주","33. VTR Series","PUMA VTR1620","(비어 있음)","3월","MT0054","VTR1620-F0TP-0-K30"
"02. 성주","33. VTR Series","PUMA VTR1620","(비어 있음)","3월","MT0054","VTR1620-F0TP-0-K30"
"02. 성주","33. VTR Series","PUMA VTR1620","(비어 있음)","7월","MT0054","VTR1620-F0TP-0-K30"
"02. 성주","33. VTR Series","PUMA VTR1620","(비어 있음)","7월","MT0054","VTR1620-F0TP-0-K30"
"02. 성주","33. VTR Series","PUMA VTR1620M","(비어 있음)","2월","MT0055","VTR162M-F0TP-1-S30"
"02. 성주","33. VTR Series","PUMA VTR1620M","(비어 있음)","3월","MT0055","VTR162M-F0TP-1-S30"
"02. 성주","33. VTR Series","PUMA VTR1620M","(비어 있음)","3월","MT0055","VTR162M-F0TP-1-S30"
"02. 성주","33. VTR Series","PUMA VTR1620M","(비어 있음)","3월","MT0055","VTR162M-F0TP-1-S30"
"02. 성주","33. VTR Series","PUMA VTR1620M","(비어 있음)","3월","MT0055","VTR162M-F0TP-1-S30"
"02. 성주","33. VTR Series","PUMA VTR1620M","(비어 있음)","4월","MT0055","VTR162M-F0TP-1-S30"
"02. 성주","33. VTR Series","PUMA VTR1620M","(비어 있음)","4월","MT0055","VTR162M-F0TP-1-S30"
"02. 성주","33. VTR Series","PUMA VTR1620M","(비어 있음)","5월","MT0055","VTR162M-F0TP-1-S30"
"02. 성주","33. VTR Series","PUMA VTR1620M","(비어 있음)","6월","MT0055","VTR162M-F0TP-1-S30"
"02. 성주","33. VTR Series","PUMA VTR1620M","(비어 있음)","6월","MT0055","VTR162M-F0TP-1-S30"
"02. 성주","33. VTR Series","PUMA VTR2025M","(비어 있음)","2월","MV0000","UNMAPPED_FALLBACK"
"02. 성주","33. VTR Series","PUMA VTR2025M","(비어 있음)","3월","MV0000","UNMAPPED_FALLBACK"
"02. 성주","33. VTR Series","PUMA VTR2025M","(비어 있음)","4월","MV0000","UNMAPPED_FALLBACK"
"02. 성주","33. VTR Series","PUMA VTR2025M","(비어 있음)","5월","MV0000","UNMAPPED_FALLBACK"
"02. 성주","33. VTR Series","PUMA VTR2025M","(비어 있음)","6월","MV0000","UNMAPPED_FALLBACK"
"02. 성주","33. VTR Series","PUMA VTR2025M","(비어 있음)","7월","MV0000","UNMAPPED_FALLBACK"
"02. 성주","33. VTR Series","PUMA VTR2025M","(비어 있음)","7월","MV0000","UNMAPPED_FALLBACK"
"02. 성주","33. VTR Series","PUMA VTR1216FC","SONE","5월","MT0045","VTR1216-F0TP-0-K30"
"02. 성주","33. VTR Series","PUMA VTR1012FC","SONE","6월","MV0000","UNMAPPED_FALLBACK"
"02. 성주","33. VTR Series","PUMA VTR1216","SONE","5월","MT0045","VTR1216-F0TP-0-K30"
"02. 성주","33. VTR Series","PUMA VTR1216","SONE","7월","MT0045","VTR1216-F0TP-0-K30"
"02. 성주","33. VTR Series","PUMA VTR10FM","SONE","2월","MT0083","VTR10FM-S828-0-E30"
"02. 성주","33. VTR Series","PUMA VTR10FM","SONE","6월","MT0083","VTR10FM-S828-0-E30"
"02. 성주","33. VTR Series","PUMA VTR10FM","SONE","7월","MT0083","VTR10FM-S828-0-E30"
"02. 성주","33. VTR Series","PUMA VTR10FM","SONE","7월","MT0083","VTR10FM-S828-0-E30"
"02. 성주","33. VTR Series","PUMA VTR10FM","지멘스","7월","MT0083","VTR10FM-S828-0-E30"
"02. 성주","26. P500/600/700/800 Series","PUMA 700LY II","지멘스","3월","MV0000","UNMAPPED_FALLBACK"
"02. 성주","26. P500/600/700/800 Series","PUMA 700LY II","지멘스","4월","MV0000","UNMAPPED_FALLBACK"
"02. 성주","26. P500/600/700/800 Series","PUMA 700LY II","지멘스","5월","MV0000","UNMAPPED_FALLBACK"
"02. 성주","26. P500/600/700/800 Series","PUMA 700LY II","지멘스","7월","MV0000","UNMAPPED_FALLBACK"
"02. 성주","27. P600/700/800 XLY/XLM Series","PUMA 600XLY II","지멘스","4월","MV0000","UNMAPPED_FALLBACK"
"02. 성주","27. P600/700/800 XLY/XLM Series","PUMA 600XLY II","지멘스","4월","MV0000","UNMAPPED_FALLBACK"
"02. 성주","27. P600/700/800 XLY/XLM Series","PUMA 600XLY II","지멘스","5월","MV0000","UNMAPPED_FALLBACK"
"02. 성주","27. P600/700/800 XLY/XLM Series","PUMA 600XLY II","지멘스","5월","MV0000","UNMAPPED_FALLBACK"
"02. 성주","27. P600/700/800 XLY/XLM Series","PUMA 600XLY II","(비어 있음)","7월","MV0000","UNMAPPED_FALLBACK"
"02. 성주","27. P600/700/800 XLY/XLM Series","PUMA 600XLY II","(비어 있음)","7월","MV0000","UNMAPPED_FALLBACK"
"02. 성주","27. P600/700/800 XLY/XLM Series","PUMA 700XLM II","(비어 있음)","2월","MV0000","UNMAPPED_FALLBACK"
"02. 성주","27. P600/700/800 XLY/XLM Series","PUMA 700XLM II","(비어 있음)","3월","MV0000","UNMAPPED_FALLBACK"
"02. 성주","27. P600/700/800 XLY/XLM Series","PUMA 700XLY II","(비어 있음)","2월","MV0000","UNMAPPED_FALLBACK"
"02. 성주","27. P600/700/800 XLY/XLM Series","PUMA 700XLY II","(비어 있음)","4월","MV0000","UNMAPPED_FALLBACK"
"02. 성주","27. P600/700/800 XLY/XLM Series","PUMA 700XLY II","(비어 있음)","6월","MV0000","UNMAPPED_FALLBACK"
"02. 성주","27. P600/700/800 XLY/XLM Series","PUMA 700XLY II","(비어 있음)","6월","MV0000","UNMAPPED_FALLBACK"
"02. 성주","27. P600/700/800 XLY/XLM Series","PUMA 700XLY II","지멘스","2월","MV0000","UNMAPPED_FALLBACK"
"02. 성주","27. P600/700/800 XLY/XLM Series","PUMA 700XLY II","지멘스","2월","MV0000","UNMAPPED_FALLBACK"
"02. 성주","27. P600/700/800 XLY/XLM Series","PUMA 700XLY II","지멘스","3월","MV0000","UNMAPPED_FALLBACK"
"02. 성주","27. P600/700/800 XLY/XLM Series","PUMA 800XLY II","지멘스","5월","MV0000","UNMAPPED_FALLBACK"
"02. 성주","27. P600/700/800 XLY/XLM Series","PUMA 800XL II","SONE","2월","MV0000","UNMAPPED_FALLBACK"
"02. 성주","27. P600/700/800 XLY/XLM Series","PUMA 800XL II","(비어 있음)","6월","MV0000","UNMAPPED_FALLBACK"
"02. 성주","27. P600/700/800 XLY/XLM Series","PUMA 700XL II","(비어 있음)","5월","MV0000","UNMAPPED_FALLBACK"
"02. 성주","27. P600/700/800 XLY/XLM Series","PUMA 600XL II","(비어 있음)","5월","MV0000","UNMAPPED_FALLBACK"
"04. 성우","13-5. BVM5700","BVM5700","15K","7월","MV0156","BVM5700-F0MP-0-K30"
"04. 성우","13-5. BVM5700","BVM5700","15K","7월","MV0156","BVM5700-F0MP-0-K30"
"04. 성우","13-5. BVM5700","BVM5700","20K","5월","MV0156","BVM5700-F0MP-0-K30"
"04. 성우","13-5. BVM5700","BVM5700","20K","5월","MV0156","BVM5700-F0MP-0-K30"
"04. 성우","13-5. BVM5700","BVM5700","20K","5월","MV0156","BVM5700-F0MP-0-K30"
"04. 성우","13-5. BVM5700","BVM5700","20K","5월","MV0156","BVM5700-F0MP-0-K30"
"04. 성우","13-5. BVM5700","BVM5700","20K","6월","MV0156","BVM5700-F0MP-0-K30"
"04. 성우","20. New LYNX Series","LYNX2000G","20K","2월","ML0485","L2000G-F0TP-0-K10"
"04. 성우","20. New LYNX Series","LYNX2000G","20K","2월","ML0485","L2000G-F0TP-0-K10"
"04. 성우","20. New LYNX Series","LYNX2000G","20K","2월","ML0485","L2000G-F0TP-0-K10"
"04. 성우","20. New LYNX Series","LYNX2000G","20K","2월","ML0485","L2000G-F0TP-0-K10"
"04. 성우","20. New LYNX Series","LYNX2000G","20K","2월","ML0485","L2000G-F0TP-0-K10"
"04. 성우","20. New LYNX Series","LYNX2000G","20K","2월","ML0485","L2000G-F0TP-0-K10"
"04. 성우","20. New LYNX Series","LYNX2000G","20K","2월","ML0485","L2000G-F0TP-0-K10"
"04. 성우","20. New LYNX Series","LYNX2000G","20K","2월","ML0485","L2000G-F0TP-0-K10"
"04. 성우","20. New LYNX Series","LYNX2000G","20K","3월","ML0485","L2000G-F0TP-0-K10"
"04. 성우","20. New LYNX Series","LYNX2000G","20K","3월","ML0485","L2000G-F0TP-0-K10"
"04. 성우","20. New LYNX Series","LYNX2000G","20K","3월","ML0485","L2000G-F0TP-0-K10"
"04. 성우","20. New LYNX Series","LYNX2000G","20K","4월","ML0485","L2000G-F0TP-0-K10"
"04. 성우","20. New LYNX Series","LYNX2000G","20K","4월","ML0485","L2000G-F0TP-0-K10"
"04. 성우","20. New LYNX Series","LYNX2000G","20K","4월","ML0485","L2000G-F0TP-0-K10"
"04. 성우","20. New LYNX Series","LYNX2000G","20K","4월","ML0485","L2000G-F0TP-0-K10"
"04. 성우","20. New LYNX Series","LYNX2000G","20K","4월","ML0485","L2000G-F0TP-0-K10"
"04. 성우","20. New LYNX Series","LYNX2000G","20K","6월","ML0485","L2000G-F0TP-0-K10"
"04. 성우","20. New LYNX Series","LYNX2000G","20K","6월","ML0485","L2000G-F0TP-0-K10"
"04. 성우","20. New LYNX Series","LYNX2000G","20K","6월","ML0485","L2000G-F0TP-0-K10"
"04. 성우","20. New LYNX Series","LYNX2000G","20K","6월","ML0485","L2000G-F0TP-0-K10"
"04. 성우","20. New LYNX Series","LYNX2000G","20K","7월","ML0485","L2000G-F0TP-0-K10"
"04. 성우","20. New LYNX Series","LYNX2000G","20K","7월","ML0485","L2000G-F0TP-0-K10"
"04. 성우","20. New LYNX Series","LYNX2000G","20K","7월","ML0485","L2000G-F0TP-0-K10"
"04. 성우","20. New LYNX Series","LYNX2000G","20K","7월","ML0485","L2000G-F0TP-0-K10"
"04. 성우","20. New LYNX Series","LYNX2000G","20K","7월","ML0485","L2000G-F0TP-0-K10"
"04. 성우","20. New LYNX Series","LYNX2100A","20K","2월","ML0330","L2100A-F0TP-0-K30"
"04. 성우","20. New LYNX Series","LYNX2100A","20K","2월","ML0330","L2100A-F0TP-0-K30"
"04. 성우","20. New LYNX Series","LYNX2100A","20K","2월","ML0330","L2100A-F0TP-0-K30"
"04. 성우","20. New LYNX Series","LYNX2100A","20K","3월","ML0330","L2100A-F0TP-0-K30"
"04. 성우","20. New LYNX Series","LYNX2100A","20K","3월","ML0330","L2100A-F0TP-0-K30"
"04. 성우","20. New LYNX Series","LYNX2100A","20K","4월","ML0330","L2100A-F0TP-0-K30"
"04. 성우","20. New LYNX Series","LYNX2100A","20K","4월","ML0330","L2100A-F0TP-0-K30"
"04. 성우","20. New LYNX Series","LYNX2100A","20K","4월","ML0330","L2100A-F0TP-0-K30"
"04. 성우","20. New LYNX Series","LYNX2100A","20K","4월","ML0330","L2100A-F0TP-0-K30"
"04. 성우","20. New LYNX Series","LYNX2100A","20K","4월","ML0330","L2100A-F0TP-0-K30"
"04. 성우","20. New LYNX Series","LYNX2100A","20K","5월","ML0330","L2100A-F0TP-0-K30"
"04. 성우","20. New LYNX Series","LYNX2100A","20K","5월","ML0330","L2100A-F0TP-0-K30"
"04. 성우","20. New LYNX Series","LYNX2100A","20K","6월","ML0330","L2100A-F0TP-0-K30"
"04. 성우","20. New LYNX Series","LYNX2100A","20K","6월","ML0330","L2100A-F0TP-0-K30"
"04. 성우","20. New LYNX Series","LYNX2100A","20K","6월","ML0330","L2100A-F0TP-0-K30"
"04. 성우","20. New LYNX Series","LYNX2100A","20K","6월","ML0330","L2100A-F0TP-0-K30"
"04. 성우","20. New LYNX Series","LYNX2100A","20K","6월","ML0330","L2100A-F0TP-0-K30"
"04. 성우","20. New LYNX Series","LYNX2100A","20K","6월","ML0330","L2100A-F0TP-0-K30"
"04. 성우","20. New LYNX Series","LYNX2100A","20K","7월","ML0330","L2100A-F0TP-0-K30"
"04. 성우","20. New LYNX Series","LYNX2100A","20K","7월","ML0330","L2100A-F0TP-0-K30"
"04. 성우","20. New LYNX Series","LYNX2100A","20K","7월","ML0330","L2100A-F0TP-0-K30"
"04. 성우","20. New LYNX Series","LYNX2100A","20K","7월","ML0330","L2100A-F0TP-0-K30"
"04. 성우","20. New LYNX Series","LYNX2100A","20K","7월","ML0330","L2100A-F0TP-0-K30"
"04. 성우","20. New LYNX Series","LYNX2100A","20K","7월","ML0330","L2100A-F0TP-0-K30"
"04. 성우","20. New LYNX Series","LYNX2100A","20K","7월","ML0330","L2100A-F0TP-0-K30"
"04. 성우","20. New LYNX Series","LYNX2100A","20K","7월","ML0330","L2100A-F0TP-0-K30"
"04. 성우","20. New LYNX Series","LYNX2100A","20K","7월","ML0330","L2100A-F0TP-0-K30"
"04. 성우","20. New LYNX Series","LYNX2100A","20K","7월","ML0330","L2100A-F0TP-0-K30"
"04. 성우","20. New LYNX Series","LYNX2100A","20K","7월","ML0330","L2100A-F0TP-0-K30"
"04. 성우","20. New LYNX Series","LYNX2100A","20K","7월","ML0330","L2100A-F0TP-0-K30"
"04. 성우","20. New LYNX Series","LYNX2100A","지멘스","3월","ML0330","L2100A-F0TP-0-K30"
"04. 성우","20. New LYNX Series","LYNX2100A","지멘스","6월","ML0330","L2100A-F0TP-0-K30"
"04. 성우","20. New LYNX Series","LYNX2100A-NT","지멘스","2월","ML0330","L2100A-F0TP-0-K30"
"04. 성우","20. New LYNX Series","LYNX2100A-NT","지멘스","2월","ML0330","L2100A-F0TP-0-K30"
"04. 성우","20. New LYNX Series","LYNX2100A-NT","지멘스","2월","ML0330","L2100A-F0TP-0-K30"
"04. 성우","20. New LYNX Series","LYNX2100A-NT","지멘스","3월","ML0330","L2100A-F0TP-0-K30"
"04. 성우","20. New LYNX Series","LYNX2100A-NT","지멘스","3월","ML0330","L2100A-F0TP-0-K30"
"04. 성우","20. New LYNX Series","LYNX2100A-NT","지멘스","3월","ML0330","L2100A-F0TP-0-K30"
"04. 성우","20. New LYNX Series","LYNX2100A-NT","지멘스","3월","ML0330","L2100A-F0TP-0-K30"
"04. 성우","20. New LYNX Series","LYNX2100A-NT","지멘스","3월","ML0330","L2100A-F0TP-0-K30"
"04. 성우","20. New LYNX Series","LYNX2100A-NT","지멘스","4월","ML0330","L2100A-F0TP-0-K30"
"04. 성우","20. New LYNX Series","LYNX2100A-NT","지멘스","4월","ML0330","L2100A-F0TP-0-K30"
"04. 성우","20. New LYNX Series","LYNX2100A-NT","지멘스","4월","ML0330","L2100A-F0TP-0-K30"
"04. 성우","20. New LYNX Series","LYNX2100A-NT","지멘스","4월","ML0330","L2100A-F0TP-0-K30"
"04. 성우","20. New LYNX Series","LYNX2100A-NT","지멘스","4월","ML0330","L2100A-F0TP-0-K30"
"04. 성우","20. New LYNX Series","LYNX2100A-NT","지멘스","4월","ML0330","L2100A-F0TP-0-K30"
"04. 성우","20. New LYNX Series","LYNX2100A-NT","지멘스","5월","ML0330","L2100A-F0TP-0-K30"
"04. 성우","20. New LYNX Series","LYNX2100A-NT","지멘스","5월","ML0330","L2100A-F0TP-0-K30"
"04. 성우","20. New LYNX Series","LYNX2100A-NT","지멘스","5월","ML0330","L2100A-F0TP-0-K30"
"04. 성우","20. New LYNX Series","LYNX2100A-NT","지멘스","5월","ML0330","L2100A-F0TP-0-K30"
"04. 성우","20. New LYNX Series","LYNX2100A-NT","지멘스","5월","ML0330","L2100A-F0TP-0-K30"
"04. 성우","20. New LYNX Series","LYNX2100A-NT","지멘스","5월","ML0330","L2100A-F0TP-0-K30"
"04. 성우","20. New LYNX Series","LYNX2100A-NT","지멘스","5월","ML0330","L2100A-F0TP-0-K30"
"04. 성우","20. New LYNX Series","LYNX2100A-NT","지멘스","5월","ML0330","L2100A-F0TP-0-K30"
"04. 성우","20. New LYNX Series","LYNX2100A-NT","지멘스","6월","ML0330","L2100A-F0TP-0-K30"
"04. 성우","20. New LYNX Series","LYNX2100A-NT","지멘스","6월","ML0330","L2100A-F0TP-0-K30"
"04. 성우","20. New LYNX Series","LYNX2100A-NT","지멘스","6월","ML0330","L2100A-F0TP-0-K30"
"04. 성우","20. New LYNX Series","LYNX2100A-NT","지멘스","6월","ML0330","L2100A-F0TP-0-K30"
"04. 성우","20. New LYNX Series","LYNX2100A-NT","지멘스","6월","ML0330","L2100A-F0TP-0-K30"
"04. 성우","20. New LYNX Series","LYNX2100A-NT","지멘스","6월","ML0330","L2100A-F0TP-0-K30"
"04. 성우","20. New LYNX Series","LYNX2100A-NT","지멘스","7월","ML0330","L2100A-F0TP-0-K30"
"04. 성우","20. New LYNX Series","LYNX2100A-NT","지멘스","7월","ML0330","L2100A-F0TP-0-K30"
"04. 성우","20. New LYNX Series","LYNX2100A-NT","지멘스","7월","ML0330","L2100A-F0TP-0-K30"
"04. 성우","20. New LYNX Series","LYNX2100A-NT","지멘스","7월","ML0330","L2100A-F0TP-0-K30"
"04. 성우","20. New LYNX Series","LYNX2100A-NT","지멘스","7월","ML0330","L2100A-F0TP-0-K30"
"04. 성우","20. New LYNX Series","LYNX2100A-NT","지멘스","7월","ML0330","L2100A-F0TP-0-K30"
"04. 성우","20. New LYNX Series","LYNX2100A-NT","지멘스","7월","ML0330","L2100A-F0TP-0-K30"
"04. 성우","20. New LYNX Series","LYNX2100A-NT","지멘스","7월","ML0330","L2100A-F0TP-0-K30"
"04. 성우","20. New LYNX Series","LYNX2100B","지멘스","3월","ML0331","L2100B-F0TP-0-K30"
"04. 성우","20. New LYNX Series","LYNX2100B","지멘스","3월","ML0331","L2100B-F0TP-0-K30"
"04. 성우","20. New LYNX Series","LYNX2100B","지멘스","3월","ML0331","L2100B-F0TP-0-K30"
"04. 성우","20. New LYNX Series","LYNX2100B","지멘스","3월","ML0331","L2100B-F0TP-0-K30"
"04. 성우","20. New LYNX Series","LYNX2100B","지멘스","3월","ML0331","L2100B-F0TP-0-K30"
"04. 성우","20. New LYNX Series","LYNX2100B","지멘스","3월","ML0331","L2100B-F0TP-0-K30"
"04. 성우","20. New LYNX Series","LYNX2100B","지멘스","3월","ML0331","L2100B-F0TP-0-K30"
"04. 성우","20. New LYNX Series","LYNX2100B","지멘스","4월","ML0331","L2100B-F0TP-0-K30"
"04. 성우","20. New LYNX Series","LYNX2100B","지멘스","4월","ML0331","L2100B-F0TP-0-K30"
"04. 성우","20. New LYNX Series","LYNX2100B","지멘스","4월","ML0331","L2100B-F0TP-0-K30"
"04. 성우","20. New LYNX Series","LYNX2100B","지멘스","4월","ML0331","L2100B-F0TP-0-K30"
"04. 성우","20. New LYNX Series","LYNX2100B","지멘스","4월","ML0331","L2100B-F0TP-0-K30"
"04. 성우","20. New LYNX Series","LYNX2100B","지멘스","4월","ML0331","L2100B-F0TP-0-K30"
"04. 성우","20. New LYNX Series","LYNX2100B","지멘스","5월","ML0331","L2100B-F0TP-0-K30"
"04. 성우","20. New LYNX Series","LYNX2100B","지멘스","5월","ML0331","L2100B-F0TP-0-K30"
"04. 성우","20. New LYNX Series","LYNX2100B","지멘스","5월","ML0331","L2100B-F0TP-0-K30"
"04. 성우","20. New LYNX Series","LYNX2100B","지멘스","5월","ML0331","L2100B-F0TP-0-K30"
"04. 성우","20. New LYNX Series","LYNX2100B","지멘스","6월","ML0331","L2100B-F0TP-0-K30"
"04. 성우","20. New LYNX Series","LYNX2100B","지멘스","6월","ML0331","L2100B-F0TP-0-K30"
"04. 성우","20. New LYNX Series","LYNX2100B","지멘스","6월","ML0331","L2100B-F0TP-0-K30"
"04. 성우","20. New LYNX Series","LYNX2100B","지멘스","6월","ML0331","L2100B-F0TP-0-K30"
"04. 성우","20. New LYNX Series","LYNX2100B","지멘스","6월","ML0331","L2100B-F0TP-0-K30"
"04. 성우","20. New LYNX Series","LYNX2100B","지멘스","6월","ML0331","L2100B-F0TP-0-K30"
"04. 성우","20. New LYNX Series","LYNX2100B","지멘스","6월","ML0331","L2100B-F0TP-0-K30"
"04. 성우","20. New LYNX Series","LYNX2100B","지멘스","7월","ML0331","L2100B-F0TP-0-K30"
"04. 성우","20. New LYNX Series","LYNX2100B","지멘스","7월","ML0331","L2100B-F0TP-0-K30"
"04. 성우","20. New LYNX Series","LYNX2100B","지멘스","7월","ML0331","L2100B-F0TP-0-K30"
"04. 성우","20. New LYNX Series","LYNX2100B","지멘스","7월","ML0331","L2100B-F0TP-0-K30"
"04. 성우","20. New LYNX Series","LYNX2100B","지멘스","7월","ML0331","L2100B-F0TP-0-K30"
"04. 성우","20. New LYNX Series","LYNX2100B","지멘스","7월","ML0331","L2100B-F0TP-0-K30"
"04. 성우","20. New LYNX Series","LYNX2100B","지멘스","7월","ML0331","L2100B-F0TP-0-K30"
"04. 성우","20. New LYNX Series","LYNX2100B-NT","지멘스","3월","ML0331","L2100B-F0TP-0-K30"
"04. 성우","20. New LYNX Series","LYNX2100B-NT","지멘스","3월","ML0331","L2100B-F0TP-0-K30"
"04. 성우","20. New LYNX Series","LYNX2100B-NT","지멘스","4월","ML0331","L2100B-F0TP-0-K30"
"04. 성우","20. New LYNX Series","LYNX2100B-NT","지멘스","4월","ML0331","L2100B-F0TP-0-K30"
"04. 성우","20. New LYNX Series","LYNX2100B-NT","지멘스","4월","ML0331","L2100B-F0TP-0-K30"
"04. 성우","20. New LYNX Series","LYNX2100B-NT","지멘스","4월","ML0331","L2100B-F0TP-0-K30"
"04. 성우","20. New LYNX Series","LYNX2100B-NT","지멘스","4월","ML0331","L2100B-F0TP-0-K30"
"04. 성우","20. New LYNX Series","LYNX2100B-NT","지멘스","4월","ML0331","L2100B-F0TP-0-K30"
"04. 성우","20. New LYNX Series","LYNX2100B-NT","지멘스","5월","ML0331","L2100B-F0TP-0-K30"
"04. 성우","20. New LYNX Series","LYNX2100B-NT","지멘스","5월","ML0331","L2100B-F0TP-0-K30"
"04. 성우","20. New LYNX Series","LYNX2100B-NT","지멘스","5월","ML0331","L2100B-F0TP-0-K30"
"04. 성우","20. New LYNX Series","LYNX2100B-NT","지멘스","5월","ML0331","L2100B-F0TP-0-K30"
"04. 성우","20. New LYNX Series","LYNX2100B-NT","지멘스","5월","ML0331","L2100B-F0TP-0-K30"
"04. 성우","20. New LYNX Series","LYNX2100B-NT","지멘스","5월","ML0331","L2100B-F0TP-0-K30"
"04. 성우","20. New LYNX Series","LYNX2100B-NT","지멘스","6월","ML0331","L2100B-F0TP-0-K30"
"04. 성우","20. New LYNX Series","LYNX2100B-NT","지멘스","6월","ML0331","L2100B-F0TP-0-K30"
"04. 성우","20. New LYNX Series","LYNX2100B-NT","지멘스","6월","ML0331","L2100B-F0TP-0-K30"
"04. 성우","20. New LYNX Series","LYNX2100B-NT","지멘스","7월","ML0331","L2100B-F0TP-0-K30"
"04. 성우","20. New LYNX Series","LYNX2100B-NT","지멘스","7월","ML0331","L2100B-F0TP-0-K30"
"04. 성우","20. New LYNX Series","LYNX2100B-NT","지멘스","7월","ML0331","L2100B-F0TP-0-K30"
"04. 성우","20. New LYNX Series","LYNX2100LA","지멘스","2월","ML0334","L2100LA-F0TP-0-K30"
"04. 성우","20. New LYNX Series","LYNX2100LA","지멘스","2월","ML0334","L2100LA-F0TP-0-K30"
"04. 성우","20. New LYNX Series","LYNX2100LA","지멘스","2월","ML0334","L2100LA-F0TP-0-K30"
"04. 성우","20. New LYNX Series","LYNX2100LA","지멘스","2월","ML0334","L2100LA-F0TP-0-K30"
"04. 성우","20. New LYNX Series","LYNX2100LA","지멘스","2월","ML0334","L2100LA-F0TP-0-K30"
"04. 성우","20. New LYNX Series","LYNX2100LA","지멘스","2월","ML0334","L2100LA-F0TP-0-K30"
"04. 성우","20. New LYNX Series","LYNX2100LA","지멘스","2월","ML0334","L2100LA-F0TP-0-K30"
"04. 성우","20. New LYNX Series","LYNX2100LA","지멘스","3월","ML0334","L2100LA-F0TP-0-K30"
"04. 성우","20. New LYNX Series","LYNX2100LA","지멘스","3월","ML0334","L2100LA-F0TP-0-K30"
"04. 성우","20. New LYNX Series","LYNX2100LA","지멘스","4월","ML0334","L2100LA-F0TP-0-K30"
"04. 성우","20. New LYNX Series","LYNX2100LA","지멘스","4월","ML0334","L2100LA-F0TP-0-K30"
"04. 성우","20. New LYNX Series","LYNX2100LA","지멘스","4월","ML0334","L2100LA-F0TP-0-K30"
"04. 성우","20. New LYNX Series","LYNX2100LA","지멘스","6월","ML0334","L2100LA-F0TP-0-K30"
"04. 성우","20. New LYNX Series","LYNX2100LA","지멘스","6월","ML0334","L2100LA-F0TP-0-K30"
"04. 성우","20. New LYNX Series","LYNX2100LA","지멘스","7월","ML0334","L2100LA-F0TP-0-K30"
"04. 성우","20. New LYNX Series","LYNX2100LA","지멘스","7월","ML0334","L2100LA-F0TP-0-K30"
"04. 성우","20. New LYNX Series","LYNX2100LA","지멘스","7월","ML0334","L2100LA-F0TP-0-K30"
"04. 성우","20. New LYNX Series","LYNX2100LA","지멘스","7월","ML0334","L2100LA-F0TP-0-K30"
"04. 성우","20. New LYNX Series","LYNX2100LA","지멘스","2월","ML0334","L2100LA-F0TP-0-K30"
"04. 성우","20. New LYNX Series","LYNX2100LA","지멘스","7월","ML0334","L2100LA-F0TP-0-K30"
"04. 성우","20. New LYNX Series","LYNX2100LB","지멘스","2월","ML0335","L2100LB-F0TP-0-K30"
"04. 성우","20. New LYNX Series","LYNX2100LB","지멘스","2월","ML0335","L2100LB-F0TP-0-K30"
"04. 성우","20. New LYNX Series","LYNX2100LB","지멘스","2월","ML0335","L2100LB-F0TP-0-K30"
"04. 성우","20. New LYNX Series","LYNX2100LB","지멘스","2월","ML0335","L2100LB-F0TP-0-K30"
"04. 성우","20. New LYNX Series","LYNX2100LB","지멘스","2월","ML0335","L2100LB-F0TP-0-K30"
"04. 성우","20. New LYNX Series","LYNX2100LB","지멘스","2월","ML0335","L2100LB-F0TP-0-K30"
"04. 성우","20. New LYNX Series","LYNX2100LB","지멘스","3월","ML0335","L2100LB-F0TP-0-K30"
"04. 성우","20. New LYNX Series","LYNX2100LB","지멘스","3월","ML0335","L2100LB-F0TP-0-K30"
"04. 성우","20. New LYNX Series","LYNX2100LB","지멘스","3월","ML0335","L2100LB-F0TP-0-K30"
"04. 성우","20. New LYNX Series","LYNX2100LB","지멘스","3월","ML0335","L2100LB-F0TP-0-K30"
"04. 성우","20. New LYNX Series","LYNX2100LB","지멘스","3월","ML0335","L2100LB-F0TP-0-K30"
"04. 성우","20. New LYNX Series","LYNX2100LB","지멘스","3월","ML0335","L2100LB-F0TP-0-K30"
"04. 성우","20. New LYNX Series","LYNX2100LB","지멘스","3월","ML0335","L2100LB-F0TP-0-K30"
"04. 성우","20. New LYNX Series","LYNX2100LB","지멘스","3월","ML0335","L2100LB-F0TP-0-K30"
"04. 성우","20. New LYNX Series","LYNX2100LB","지멘스","3월","ML0335","L2100LB-F0TP-0-K30"
"04. 성우","20. New LYNX Series","LYNX2100LB","지멘스","3월","ML0335","L2100LB-F0TP-0-K30"
"04. 성우","20. New LYNX Series","LYNX2100LB","지멘스","3월","ML0335","L2100LB-F0TP-0-K30"
"04. 성우","20. New LYNX Series","LYNX2100LB","지멘스","3월","ML0335","L2100LB-F0TP-0-K30"
"04. 성우","20. New LYNX Series","LYNX2100LB","지멘스","3월","ML0335","L2100LB-F0TP-0-K30"
"04. 성우","20. New LYNX Series","LYNX2100LB","지멘스","4월","ML0335","L2100LB-F0TP-0-K30"
"04. 성우","20. New LYNX Series","LYNX2100LB","지멘스","4월","ML0335","L2100LB-F0TP-0-K30"
"04. 성우","20. New LYNX Series","LYNX2100LB","지멘스","4월","ML0335","L2100LB-F0TP-0-K30"
"04. 성우","20. New LYNX Series","LYNX2100LB","지멘스","4월","ML0335","L2100LB-F0TP-0-K30"
"04. 성우","20. New LYNX Series","LYNX2100LB","지멘스","4월","ML0335","L2100LB-F0TP-0-K30"
"04. 성우","20. New LYNX Series","LYNX2100LB","지멘스","4월","ML0335","L2100LB-F0TP-0-K30"
"04. 성우","20. New LYNX Series","LYNX2100LB","지멘스","4월","ML0335","L2100LB-F0TP-0-K30"
"04. 성우","20. New LYNX Series","LYNX2100LB","지멘스","4월","ML0335","L2100LB-F0TP-0-K30"
"04. 성우","20. New LYNX Series","LYNX2100LB","지멘스","4월","ML0335","L2100LB-F0TP-0-K30"
"04. 성우","20. New LYNX Series","LYNX2100LB","지멘스","4월","ML0335","L2100LB-F0TP-0-K30"
"04. 성우","20. New LYNX Series","LYNX2100LB","지멘스","4월","ML0335","L2100LB-F0TP-0-K30"
"04. 성우","20. New LYNX Series","LYNX2100LB","지멘스","4월","ML0335","L2100LB-F0TP-0-K30"
"04. 성우","20. New LYNX Series","LYNX2100LB","지멘스","4월","ML0335","L2100LB-F0TP-0-K30"
"04. 성우","20. New LYNX Series","LYNX2100LB","지멘스","5월","ML0335","L2100LB-F0TP-0-K30"
"04. 성우","20. New LYNX Series","LYNX2100LB","지멘스","5월","ML0335","L2100LB-F0TP-0-K30"
"04. 성우","20. New LYNX Series","LYNX2100LB","지멘스","5월","ML0335","L2100LB-F0TP-0-K30"
"04. 성우","20. New LYNX Series","LYNX2100LB","지멘스","5월","ML0335","L2100LB-F0TP-0-K30"
"04. 성우","20. New LYNX Series","LYNX2100LB","지멘스","5월","ML0335","L2100LB-F0TP-0-K30"
"04. 성우","20. New LYNX Series","LYNX2100LB","지멘스","5월","ML0335","L2100LB-F0TP-0-K30"
"04. 성우","20. New LYNX Series","LYNX2100LB","지멘스","5월","ML0335","L2100LB-F0TP-0-K30"
"04. 성우","20. New LYNX Series","LYNX2100LB","지멘스","5월","ML0335","L2100LB-F0TP-0-K30"
"04. 성우","20. New LYNX Series","LYNX2100LB","지멘스","5월","ML0335","L2100LB-F0TP-0-K30"
"04. 성우","20. New LYNX Series","LYNX2100LB","지멘스","5월","ML0335","L2100LB-F0TP-0-K30"
"04. 성우","20. New LYNX Series","LYNX2100LB","지멘스","5월","ML0335","L2100LB-F0TP-0-K30"
"04. 성우","20. New LYNX Series","LYNX2100LB","지멘스","5월","ML0335","L2100LB-F0TP-0-K30"
"04. 성우","20. New LYNX Series","LYNX2100LB","지멘스","5월","ML0335","L2100LB-F0TP-0-K30"
"04. 성우","20. New LYNX Series","LYNX2100LB","지멘스","5월","ML0335","L2100LB-F0TP-0-K30"
"04. 성우","20. New LYNX Series","LYNX2100LB","지멘스","5월","ML0335","L2100LB-F0TP-0-K30"
"04. 성우","20. New LYNX Series","LYNX2100LB","지멘스","5월","ML0335","L2100LB-F0TP-0-K30"
"04. 성우","20. New LYNX Series","LYNX2100LB","지멘스","6월","ML0335","L2100LB-F0TP-0-K30"
"04. 성우","20. New LYNX Series","LYNX2100LB","지멘스","6월","ML0335","L2100LB-F0TP-0-K30"
"04. 성우","20. New LYNX Series","LYNX2100LB","지멘스","6월","ML0335","L2100LB-F0TP-0-K30"
"04. 성우","20. New LYNX Series","LYNX2100LB","지멘스","6월","ML0335","L2100LB-F0TP-0-K30"
"04. 성우","20. New LYNX Series","LYNX2100LB","지멘스","6월","ML0335","L2100LB-F0TP-0-K30"
"04. 성우","20. New LYNX Series","LYNX2100LB","지멘스","6월","ML0335","L2100LB-F0TP-0-K30"
"04. 성우","20. New LYNX Series","LYNX2100LB","지멘스","6월","ML0335","L2100LB-F0TP-0-K30"
"04. 성우","20. New LYNX Series","LYNX2100LB","지멘스","6월","ML0335","L2100LB-F0TP-0-K30"
"04. 성우","20. New LYNX Series","LYNX2100LB","지멘스","6월","ML0335","L2100LB-F0TP-0-K30"
"04. 성우","20. New LYNX Series","LYNX2100LB","지멘스","6월","ML0335","L2100LB-F0TP-0-K30"
"04. 성우","20. New LYNX Series","LYNX2100LB","지멘스","6월","ML0335","L2100LB-F0TP-0-K30"
"04. 성우","20. New LYNX Series","LYNX2100LB","지멘스","7월","ML0335","L2100LB-F0TP-0-K30"
"04. 성우","20. New LYNX Series","LYNX2100LB","지멘스","7월","ML0335","L2100LB-F0TP-0-K30"
"04. 성우","20. New LYNX Series","LYNX2100LB","지멘스","7월","ML0335","L2100LB-F0TP-0-K30"
"04. 성우","20. New LYNX Series","LYNX2100LB","지멘스","7월","ML0335","L2100LB-F0TP-0-K30"
"04. 성우","20. New LYNX Series","LYNX2100LB","지멘스","7월","ML0335","L2100LB-F0TP-0-K30"
"04. 성우","20. New LYNX Series","LYNX2100LB","지멘스","7월","ML0335","L2100LB-F0TP-0-K30"
"04. 성우","20. New LYNX Series","LYNX2100LB","지멘스","7월","ML0335","L2100LB-F0TP-0-K30"
"04. 성우","20. New LYNX Series","LYNX2100LB","지멘스","7월","ML0335","L2100LB-F0TP-0-K30"
"04. 성우","20. New LYNX Series","LYNX2100LB","지멘스","7월","ML0335","L2100LB-F0TP-0-K30"
"04. 성우","20. New LYNX Series","LYNX2100LB","지멘스","7월","ML0335","L2100LB-F0TP-0-K30"
"04. 성우","20. New LYNX Series","LYNX2100LB","지멘스","7월","ML0335","L2100LB-F0TP-0-K30"
"04. 성우","20. New LYNX Series","LYNX2100LB","지멘스","7월","ML0335","L2100LB-F0TP-0-K30"
"04. 성우","20. New LYNX Series","LYNX2100LB","지멘스","7월","ML0335","L2100LB-F0TP-0-K30"
"04. 성우","20. New LYNX Series","LYNX2100LB","지멘스","7월","ML0335","L2100LB-F0TP-0-K30"
"04. 성우","20. New LYNX Series","LYNX2100LB","지멘스","7월","ML0335","L2100LB-F0TP-0-K30"
"04. 성우","20. New LYNX Series","LYNX2100LB","지멘스","7월","ML0335","L2100LB-F0TP-0-K30"
"04. 성우","20. New LYNX Series","LYNX2100LB","지멘스","7월","ML0335","L2100LB-F0TP-0-K30"
"04. 성우","20. New LYNX Series","LYNX2100LB","지멘스","2월","ML0335","L2100LB-F0TP-0-K30"
"04. 성우","20. New LYNX Series","LYNX2100LB","지멘스","3월","ML0335","L2100LB-F0TP-0-K30"
"04. 성우","20. New LYNX Series","LYNX2100LB","지멘스","5월","ML0335","L2100LB-F0TP-0-K30"
"04. 성우","20. New LYNX Series","LYNX2100LB","지멘스","6월","ML0335","L2100LB-F0TP-0-K30"
"04. 성우","20. New LYNX Series","LYNX2100LB","지멘스","7월","ML0335","L2100LB-F0TP-0-K30"
"04. 성우","20. New LYNX Series","LYNX2100LC","지멘스","3월","ML0396","L2100LC-F0TP-0-K30"
"04. 성우","20. New LYNX Series","LYNX2100LC","지멘스","3월","ML0396","L2100LC-F0TP-0-K30"
"04. 성우","20. New LYNX Series","LYNX2100LC","지멘스","4월","ML0396","L2100LC-F0TP-0-K30"
"04. 성우","20. New LYNX Series","LYNX2100LC","지멘스","4월","ML0396","L2100LC-F0TP-0-K30"
"04. 성우","20. New LYNX Series","LYNX2100LC","지멘스","5월","ML0396","L2100LC-F0TP-0-K30"
"04. 성우","20. New LYNX Series","LYNX2100LC","지멘스","5월","ML0396","L2100LC-F0TP-0-K30"
"04. 성우","20. New LYNX Series","LYNX2100LC","지멘스","5월","ML0396","L2100LC-F0TP-0-K30"
"04. 성우","20. New LYNX Series","LYNX2100LC","지멘스","6월","ML0396","L2100LC-F0TP-0-K30"
"04. 성우","20. New LYNX Series","LYNX2100LC","지멘스","6월","ML0396","L2100LC-F0TP-0-K30"
"04. 성우","20. New LYNX Series","LYNX2100LC","지멘스","7월","ML0396","L2100LC-F0TP-0-K30"
"04. 성우","20. New LYNX Series","LYNX2100LC","지멘스","7월","ML0396","L2100LC-F0TP-0-K30"
"04. 성우","20. New LYNX Series","LYNX2100LC","지멘스","7월","ML0396","L2100LC-F0TP-0-K30"
"04. 성우","20. New LYNX Series","LYNX2100LC","지멘스","7월","ML0396","L2100LC-F0TP-0-K30"
"04. 성우","20. New LYNX Series","LYNX2100LMA","지멘스","2월","MV0000","UNMAPPED_FALLBACK"
"04. 성우","20. New LYNX Series","LYNX2100LMA","지멘스","2월","MV0000","UNMAPPED_FALLBACK"
"04. 성우","20. New LYNX Series","LYNX2100LMA","지멘스","2월","MV0000","UNMAPPED_FALLBACK"
"04. 성우","20. New LYNX Series","LYNX2100LMA","지멘스","2월","MV0000","UNMAPPED_FALLBACK"
"04. 성우","20. New LYNX Series","LYNX2100LMA","지멘스","2월","MV0000","UNMAPPED_FALLBACK"
"04. 성우","20. New LYNX Series","LYNX2100LMA","지멘스","7월","MV0000","UNMAPPED_FALLBACK"
"04. 성우","20. New LYNX Series","LYNX2100LMA","지멘스","3월","MV0000","UNMAPPED_FALLBACK"
"04. 성우","20. New LYNX Series","LYNX2100LMA","지멘스","5월","MV0000","UNMAPPED_FALLBACK"
"04. 성우","20. New LYNX Series","LYNX2100LMB","지멘스","2월","MV0000","UNMAPPED_FALLBACK"
"04. 성우","20. New LYNX Series","LYNX2100LMB","지멘스","2월","MV0000","UNMAPPED_FALLBACK"
"04. 성우","20. New LYNX Series","LYNX2100LMB","지멘스","2월","MV0000","UNMAPPED_FALLBACK"
"04. 성우","20. New LYNX Series","LYNX2100LMB","지멘스","2월","MV0000","UNMAPPED_FALLBACK"
"04. 성우","20. New LYNX Series","LYNX2100LMB","지멘스","2월","MV0000","UNMAPPED_FALLBACK"
"04. 성우","20. New LYNX Series","LYNX2100LMB","지멘스","2월","MV0000","UNMAPPED_FALLBACK"
"04. 성우","20. New LYNX Series","LYNX2100LMB","지멘스","3월","MV0000","UNMAPPED_FALLBACK"
"04. 성우","20. New LYNX Series","LYNX2100LMB","지멘스","3월","MV0000","UNMAPPED_FALLBACK"
"04. 성우","20. New LYNX Series","LYNX2100LMB","지멘스","3월","MV0000","UNMAPPED_FALLBACK"
"04. 성우","20. New LYNX Series","LYNX2100LMB","지멘스","3월","MV0000","UNMAPPED_FALLBACK"
"04. 성우","20. New LYNX Series","LYNX2100LMB","지멘스","3월","MV0000","UNMAPPED_FALLBACK"
"04. 성우","20. New LYNX Series","LYNX2100LMB","지멘스","3월","MV0000","UNMAPPED_FALLBACK"
"04. 성우","20. New LYNX Series","LYNX2100LMB","지멘스","4월","MV0000","UNMAPPED_FALLBACK"
"04. 성우","20. New LYNX Series","LYNX2100LMB","지멘스","4월","MV0000","UNMAPPED_FALLBACK"
"04. 성우","20. New LYNX Series","LYNX2100LMB","지멘스","5월","MV0000","UNMAPPED_FALLBACK"
"04. 성우","20. New LYNX Series","LYNX2100LMB","지멘스","5월","MV0000","UNMAPPED_FALLBACK"
"04. 성우","20. New LYNX Series","LYNX2100LMB","지멘스","5월","MV0000","UNMAPPED_FALLBACK"
"04. 성우","20. New LYNX Series","LYNX2100LMB","지멘스","5월","MV0000","UNMAPPED_FALLBACK"
"04. 성우","20. New LYNX Series","LYNX2100LMB","지멘스","5월","MV0000","UNMAPPED_FALLBACK"
"04. 성우","20. New LYNX Series","LYNX2100LMB","지멘스","6월","MV0000","UNMAPPED_FALLBACK"
"04. 성우","20. New LYNX Series","LYNX2100LMB","지멘스","6월","MV0000","UNMAPPED_FALLBACK"
"04. 성우","20. New LYNX Series","LYNX2100LMB","지멘스","6월","MV0000","UNMAPPED_FALLBACK"
"04. 성우","20. New LYNX Series","LYNX2100LMB","지멘스","6월","MV0000","UNMAPPED_FALLBACK"
"04. 성우","20. New LYNX Series","LYNX2100LMB","지멘스","6월","MV0000","UNMAPPED_FALLBACK"
"04. 성우","20. New LYNX Series","LYNX2100LMB","지멘스","6월","MV0000","UNMAPPED_FALLBACK"
"04. 성우","20. New LYNX Series","LYNX2100LMB","지멘스","7월","MV0000","UNMAPPED_FALLBACK"
"04. 성우","20. New LYNX Series","LYNX2100LMB","지멘스","7월","MV0000","UNMAPPED_FALLBACK"
"04. 성우","20. New LYNX Series","LYNX2100LMB","지멘스","7월","MV0000","UNMAPPED_FALLBACK"
"04. 성우","20. New LYNX Series","LYNX2100LMB","지멘스","3월","MV0000","UNMAPPED_FALLBACK"
"04. 성우","20. New LYNX Series","LYNX2100LMB","지멘스","4월","MV0000","UNMAPPED_FALLBACK"
"04. 성우","20. New LYNX Series","LYNX2100LMB","지멘스","4월","MV0000","UNMAPPED_FALLBACK"
"04. 성우","20. New LYNX Series","LYNX2100LMB","지멘스","6월","MV0000","UNMAPPED_FALLBACK"
"04. 성우","20. New LYNX Series","LYNX2100LMC","지멘스","6월","MV0000","UNMAPPED_FALLBACK"
"04. 성우","20. New LYNX Series","LYNX2100LMSB","지멘스","2월","MV0000","UNMAPPED_FALLBACK"
"04. 성우","20. New LYNX Series","LYNX2100LMSB","지멘스","3월","MV0000","UNMAPPED_FALLBACK"
"04. 성우","20. New LYNX Series","LYNX2100LMSB","지멘스","3월","MV0000","UNMAPPED_FALLBACK"
"04. 성우","20. New LYNX Series","LYNX2100LMSB","지멘스","3월","MV0000","UNMAPPED_FALLBACK"
"04. 성우","20. New LYNX Series","LYNX2100LMSB","지멘스","3월","MV0000","UNMAPPED_FALLBACK"
"04. 성우","20. New LYNX Series","LYNX2100LMSB","지멘스","5월","MV0000","UNMAPPED_FALLBACK"
"04. 성우","20. New LYNX Series","LYNX2100LMSB","지멘스","5월","MV0000","UNMAPPED_FALLBACK"
"04. 성우","20. New LYNX Series","LYNX2100LMSB","지멘스","5월","MV0000","UNMAPPED_FALLBACK"
"04. 성우","20. New LYNX Series","LYNX2100LMSB","지멘스","5월","MV0000","UNMAPPED_FALLBACK"
"04. 성우","20. New LYNX Series","LYNX2100LMSB","지멘스","7월","MV0000","UNMAPPED_FALLBACK"
"04. 성우","20. New LYNX Series","LYNX2100MA","지멘스","4월","ML0332","L2100MA-F0TP-0-K30"
"04. 성우","20. New LYNX Series","LYNX2100MA","지멘스","4월","ML0332","L2100MA-F0TP-0-K30"
"04. 성우","20. New LYNX Series","LYNX2100MA","지멘스","4월","ML0332","L2100MA-F0TP-0-K30"
"04. 성우","20. New LYNX Series","LYNX2100MA","지멘스","5월","ML0332","L2100MA-F0TP-0-K30"
"04. 성우","20. New LYNX Series","LYNX2100MA","지멘스","5월","ML0332","L2100MA-F0TP-0-K30"
"04. 성우","20. New LYNX Series","LYNX2100MA","지멘스","7월","ML0332","L2100MA-F0TP-0-K30"
"04. 성우","20. New LYNX Series","LYNX2100MA","지멘스","7월","ML0332","L2100MA-F0TP-0-K30"
"04. 성우","20. New LYNX Series","LYNX2100MA-NT","지멘스","2월","ML0332","L2100MA-F0TP-0-K30"
"04. 성우","20. New LYNX Series","LYNX2100MA-NT","지멘스","3월","ML0332","L2100MA-F0TP-0-K30"
"04. 성우","20. New LYNX Series","LYNX2100MA-NT","지멘스","3월","ML0332","L2100MA-F0TP-0-K30"
"04. 성우","20. New LYNX Series","LYNX2100MA-NT","지멘스","3월","ML0332","L2100MA-F0TP-0-K30"
"04. 성우","20. New LYNX Series","LYNX2100MA-NT","지멘스","4월","ML0332","L2100MA-F0TP-0-K30"
"04. 성우","20. New LYNX Series","LYNX2100MA-NT","지멘스","4월","ML0332","L2100MA-F0TP-0-K30"
"04. 성우","20. New LYNX Series","LYNX2100MA-NT","지멘스","4월","ML0332","L2100MA-F0TP-0-K30"
"04. 성우","20. New LYNX Series","LYNX2100MA-NT","지멘스","7월","ML0332","L2100MA-F0TP-0-K30"
"04. 성우","20. New LYNX Series","LYNX2100MB","지멘스","2월","ML0333","L2100MB-F0TP-0-K30"
"04. 성우","20. New LYNX Series","LYNX2100MB","지멘스","4월","ML0333","L2100MB-F0TP-0-K30"
"04. 성우","20. New LYNX Series","LYNX2100MB","지멘스","6월","ML0333","L2100MB-F0TP-0-K30"
"04. 성우","20. New LYNX Series","LYNX2100MB","지멘스","7월","ML0333","L2100MB-F0TP-0-K30"
"04. 성우","20. New LYNX Series","LYNX2100MB","지멘스","7월","ML0333","L2100MB-F0TP-0-K30"
"04. 성우","20. New LYNX Series","LYNX210LMSA","지멘스","2월","MV0000","UNMAPPED_FALLBACK"
"04. 성우","20. New LYNX Series","LYNX210LMSA","지멘스","2월","MV0000","UNMAPPED_FALLBACK"
"04. 성우","20. New LYNX Series","LYNX210LMSA","지멘스","5월","MV0000","UNMAPPED_FALLBACK"
"04. 성우","20. New LYNX Series","LYNX210LMSA","지멘스","7월","MV0000","UNMAPPED_FALLBACK"
"04. 성우","20. New LYNX Series","LYNX210LMSA","지멘스","7월","MV0000","UNMAPPED_FALLBACK"
"04. 성우","20. New LYNX Series","LYNX2100MB-NT","지멘스","7월","ML0333","L2100MB-F0TP-0-K30"
"04. 성우","21. P2100 Series","PUMA 2100LY","지멘스","2월","MV0000","UNMAPPED_FALLBACK"
"04. 성우","21. P2100 Series","PUMA 2100LY","지멘스","3월","MV0000","UNMAPPED_FALLBACK"
"04. 성우","21. P2100 Series","PUMA 2100LY","지멘스","3월","MV0000","UNMAPPED_FALLBACK"
"04. 성우","21. P2100 Series","PUMA 2100LY","지멘스","3월","MV0000","UNMAPPED_FALLBACK"
"04. 성우","21. P2100 Series","PUMA 2100LY","지멘스","7월","MV0000","UNMAPPED_FALLBACK"
"04. 성우","21. P2100 Series","PUMA 2100Y","지멘스","2월","ML0093","P2100Y-F0TP-0-S30"
"04. 성우","21. P2100 Series","PUMA 2100Y","지멘스","4월","ML0093","P2100Y-F0TP-0-S30"
"04. 성우","21. P2100 Series","PUMA 2100MS","지멘스","5월","MV0000","UNMAPPED_FALLBACK"
"04. 성우","21. P2100 Series","PUMA 2100MS","지멘스","5월","MV0000","UNMAPPED_FALLBACK"
"04. 성우","21. P2100 Series","PUMA 2100MS","지멘스","6월","MV0000","UNMAPPED_FALLBACK"
"04. 성우","21. P2100 Series","PUMA 2100LSY","지멘스","3월","MV0000","UNMAPPED_FALLBACK"
"04. 성우","21. P2100 Series","PUMA 2100LSY","지멘스","3월","MV0000","UNMAPPED_FALLBACK"
"04. 성우","21.1. P2100 Series II","PUMA 2100LSY II","지멘스","2월","MV0000","UNMAPPED_FALLBACK"
"04. 성우","21.1. P2100 Series II","PUMA 2100LSY II","지멘스","2월","MV0000","UNMAPPED_FALLBACK"
"04. 성우","21.1. P2100 Series II","PUMA 2100LSY II","지멘스","6월","MV0000","UNMAPPED_FALLBACK"
"04. 성우","21.1. P2100 Series II","PUMA 2100LY II","지멘스","6월","MV0000","UNMAPPED_FALLBACK"
"04. 성우","21.1. P2100 Series II","PUMA 2100LY II","지멘스","6월","MV0000","UNMAPPED_FALLBACK"
"04. 성우","21.1. P2100 Series II","PUMA 2100LY II","지멘스","7월","MV0000","UNMAPPED_FALLBACK"
"04. 성우","21.1. P2100 Series II","PUMA 2100LY II","지멘스","4월","MV0000","UNMAPPED_FALLBACK"
"04. 성우","21.1. P2100 Series II","PUMA 2100LY II","지멘스","7월","MV0000","UNMAPPED_FALLBACK"
"04. 성우","21.1. P2100 Series II","PUMA 2100SY II","지멘스","2월","MV0000","UNMAPPED_FALLBACK"
"04. 성우","21.1. P2100 Series II","PUMA 2100SY II","지멘스","2월","MV0000","UNMAPPED_FALLBACK"
"04. 성우","21.1. P2100 Series II","PUMA 2100SY II","지멘스","2월","MV0000","UNMAPPED_FALLBACK"
"04. 성우","21.1. P2100 Series II","PUMA 2100SY II","지멘스","2월","MV0000","UNMAPPED_FALLBACK"
"04. 성우","21.1. P2100 Series II","PUMA 2100SY II","지멘스","4월","MV0000","UNMAPPED_FALLBACK"
"04. 성우","21.1. P2100 Series II","PUMA 2100SY II","지멘스","4월","MV0000","UNMAPPED_FALLBACK"
"04. 성우","21.1. P2100 Series II","PUMA 2100SY II","지멘스","4월","MV0000","UNMAPPED_FALLBACK"
"04. 성우","21.1. P2100 Series II","PUMA 2100SY II","지멘스","5월","MV0000","UNMAPPED_FALLBACK"
"04. 성우","21.1. P2100 Series II","PUMA 2100SY II","지멘스","5월","MV0000","UNMAPPED_FALLBACK"
"04. 성우","21.1. P2100 Series II","PUMA 2100SY II","지멘스","5월","MV0000","UNMAPPED_FALLBACK"
"04. 성우","21.1. P2100 Series II","PUMA 2100SY II","지멘스","6월","MV0000","UNMAPPED_FALLBACK"
"04. 성우","21.1. P2100 Series II","PUMA 2100SY II","지멘스","6월","MV0000","UNMAPPED_FALLBACK"
"04. 성우","21.1. P2100 Series II","PUMA 2100SY II","지멘스","7월","MV0000","UNMAPPED_FALLBACK"
"04. 성우","21.1. P2100 Series II","PUMA 2100SY II","지멘스","7월","MV0000","UNMAPPED_FALLBACK"
"04. 성우","21.1. P2100 Series II","PUMA 2100SY II","지멘스","2월","MV0000","UNMAPPED_FALLBACK"
"04. 성우","21.1. P2100 Series II","PUMA 2100SY II","지멘스","7월","MV0000","UNMAPPED_FALLBACK"
"04. 성우","21.1. P2100 Series II","PUMA 2100Y II","지멘스","2월","MV0000","UNMAPPED_FALLBACK"
"04. 성우","21.1. P2100 Series II","PUMA 2100Y II","지멘스","2월","MV0000","UNMAPPED_FALLBACK"
"04. 성우","21.1. P2100 Series II","PUMA 2100Y II","지멘스","2월","MV0000","UNMAPPED_FALLBACK"
"04. 성우","21.1. P2100 Series II","PUMA 2100Y II","지멘스","4월","MV0000","UNMAPPED_FALLBACK"
"04. 성우","21.1. P2100 Series II","PUMA 2100Y II","지멘스","4월","MV0000","UNMAPPED_FALLBACK"
"04. 성우","21.1. P2100 Series II","PUMA 2100Y II","지멘스","5월","MV0000","UNMAPPED_FALLBACK"
"04. 성우","21.1. P2100 Series II","PUMA 2100Y II","지멘스","5월","MV0000","UNMAPPED_FALLBACK"
"04. 성우","21.1. P2100 Series II","PUMA 2100Y II","지멘스","5월","MV0000","UNMAPPED_FALLBACK"
"04. 성우","21.1. P2100 Series II","PUMA 2100Y II","지멘스","5월","MV0000","UNMAPPED_FALLBACK"
"04. 성우","21.1. P2100 Series II","PUMA 2100Y II","지멘스","6월","MV0000","UNMAPPED_FALLBACK"
"04. 성우","21.1. P2100 Series II","PUMA 2100Y II","지멘스","7월","MV0000","UNMAPPED_FALLBACK"
"04. 성우","21.1. P2100 Series II","PUMA 2100Y II","지멘스","3월","MV0000","UNMAPPED_FALLBACK"
"04. 성우","21.1. P2100 Series II","PUMA 2100Y II","지멘스","3월","MV0000","UNMAPPED_FALLBACK"
"04. 성우","21.1. P2100 Series II","PUMA 2100Y II","지멘스","3월","MV0000","UNMAPPED_FALLBACK"
"04. 성우","21.1. P2100 Series II","PUMA 2100Y II","지멘스","3월","MV0000","UNMAPPED_FALLBACK"
"04. 성우","21.1. P2100 Series II","PUMA 2100Y II","(비어 있음)","7월","MV0000","UNMAPPED_FALLBACK"
"04. 성우","22. P2600 Series","PUMA 2600LM","(비어 있음)","6월","MV0000","UNMAPPED_FALLBACK"
"04. 성우","22. P2600 Series","PUMA 2600LM","(비어 있음)","6월","MV0000","UNMAPPED_FALLBACK"
"04. 성우","22. P2600 Series","PUMA 2600LM","(비어 있음)","6월","MV0000","UNMAPPED_FALLBACK"
"04. 성우","22. P2600 Series","PUMA 2600LM","지멘스","5월","MV0000","UNMAPPED_FALLBACK"
"04. 성우","22. P2600 Series","PUMA 2600LM","지멘스","6월","MV0000","UNMAPPED_FALLBACK"
"04. 성우","22. P2600 Series","PUMA 2600Y","지멘스","4월","ML0105","P2600Y-F0TP-0-S30"
"04. 성우","22. P2600 Series","PUMA 2600Y","지멘스","6월","ML0105","P2600Y-F0TP-0-S30"
"04. 성우","22. P2600 Series","PUMA 2600Y","지멘스","7월","ML0105","P2600Y-F0TP-0-S30"
"04. 성우","22. P2600 Series","PUMA 2600Y","지멘스","2월","ML0105","P2600Y-F0TP-0-S30"
"04. 성우","22. P2600 Series","PUMA 2600LMB","지멘스","3월","MV0000","UNMAPPED_FALLBACK"
"04. 성우","22. P2600 Series","PUMA 2600LMB","(비어 있음)","6월","MV0000","UNMAPPED_FALLBACK"
"04. 성우","22. P2600 Series","PUMA 2600LMB","(비어 있음)","6월","MV0000","UNMAPPED_FALLBACK"
"04. 성우","22. P2600 Series","PUMA 2600LMB","(비어 있음)","6월","MV0000","UNMAPPED_FALLBACK"
"04. 성우","22. P2600 Series","PUMA 2600LY","(비어 있음)","3월","MV0000","UNMAPPED_FALLBACK"
"04. 성우","22. P2600 Series","PUMA 2600LY","(비어 있음)","3월","MV0000","UNMAPPED_FALLBACK"
"04. 성우","22. P2600 Series","PUMA 2600LY","(비어 있음)","6월","MV0000","UNMAPPED_FALLBACK"
"04. 성우","22. P2600 Series","PUMA 2600LMS","(비어 있음)","3월","MV0000","UNMAPPED_FALLBACK"
"04. 성우","22. P2600 Series","PUMA 2600LMS","(비어 있음)","3월","MV0000","UNMAPPED_FALLBACK"
"04. 성우","22. P2600 Series","PUMA 2600SY","(비어 있음)","2월","ML0440","L2600SY-F0TP-0-K30"
"04. 성우","22. P2600 Series","PUMA 2600SY","(비어 있음)","2월","ML0440","L2600SY-F0TP-0-K30"
"04. 성우","22. P2600 Series","PUMA 2600SY","(비어 있음)","6월","ML0440","L2600SY-F0TP-0-K30"
"04. 성우","22. P2600 Series","PUMA 2600SY","(비어 있음)","7월","ML0440","L2600SY-F0TP-0-K30"
"04. 성우","22. P2600 Series","PUMA 2600LSY","(비어 있음)","4월","MV0000","UNMAPPED_FALLBACK"
"04. 성우","22. P2600 Series","PUMA 2600LSY","(비어 있음)","4월","MV0000","UNMAPPED_FALLBACK"
"04. 성우","22. P2600 Series","PUMA 2600LSY","(비어 있음)","4월","MV0000","UNMAPPED_FALLBACK"
"04. 성우","22. P2600 Series","PUMA 2600LSY","(비어 있음)","4월","MV0000","UNMAPPED_FALLBACK"
"04. 성우","22. P2600 Series","PUMA 2600MS","(비어 있음)","5월","ML0482","L2600M-S828-0-B30"
"04. 성우","22. P2600 Series","PUMA 2600MS","(비어 있음)","5월","ML0482","L2600M-S828-0-B30"
"04. 성우","22. P2600 Series","PUMA 2600MSB","(비어 있음)","5월","MV0000","UNMAPPED_FALLBACK"
"04. 성우","22.1. P2600 Series II","PUMA 2600LSY II","(비어 있음)","2월","MV0000","UNMAPPED_FALLBACK"
"04. 성우","22.1. P2600 Series II","PUMA 2600LSY II","(비어 있음)","2월","MV0000","UNMAPPED_FALLBACK"
"04. 성우","22.1. P2600 Series II","PUMA 2600LSY II","(비어 있음)","3월","MV0000","UNMAPPED_FALLBACK"
"04. 성우","22.1. P2600 Series II","PUMA 2600LSY II","(비어 있음)","4월","MV0000","UNMAPPED_FALLBACK"
"04. 성우","22.1. P2600 Series II","PUMA 2600LSY II","(비어 있음)","4월","MV0000","UNMAPPED_FALLBACK"
"04. 성우","22.1. P2600 Series II","PUMA 2600LSY II","(비어 있음)","4월","MV0000","UNMAPPED_FALLBACK"
"04. 성우","22.1. P2600 Series II","PUMA 2600LSY II","(비어 있음)","7월","MV0000","UNMAPPED_FALLBACK"
"04. 성우","22.1. P2600 Series II","PUMA 2600LY II","지멘스","3월","MV0000","UNMAPPED_FALLBACK"
"04. 성우","22.1. P2600 Series II","PUMA 2600LY II","지멘스","4월","MV0000","UNMAPPED_FALLBACK"
"04. 성우","22.1. P2600 Series II","PUMA 2600LY II","지멘스","4월","MV0000","UNMAPPED_FALLBACK"
"04. 성우","22.1. P2600 Series II","PUMA 2600LY II","지멘스","4월","MV0000","UNMAPPED_FALLBACK"
"04. 성우","22.1. P2600 Series II","PUMA 2600LY II","지멘스","4월","MV0000","UNMAPPED_FALLBACK"
"04. 성우","22.1. P2600 Series II","PUMA 2600LY II","지멘스","4월","MV0000","UNMAPPED_FALLBACK"
"04. 성우","22.1. P2600 Series II","PUMA 2600LY II","지멘스","6월","MV0000","UNMAPPED_FALLBACK"
"04. 성우","22.1. P2600 Series II","PUMA 2600LY II","지멘스","6월","MV0000","UNMAPPED_FALLBACK"
"04. 성우","22.1. P2600 Series II","PUMA 2600LY II","지멘스","6월","MV0000","UNMAPPED_FALLBACK"
"04. 성우","22.1. P2600 Series II","PUMA 2600LY II","지멘스","7월","MV0000","UNMAPPED_FALLBACK"
"04. 성우","22.1. P2600 Series II","PUMA 2600LY II","지멘스","7월","MV0000","UNMAPPED_FALLBACK"
"04. 성우","22.1. P2600 Series II","PUMA 2600LY II","지멘스","7월","MV0000","UNMAPPED_FALLBACK"
"04. 성우","22.1. P2600 Series II","PUMA 2600LY II","지멘스","4월","MV0000","UNMAPPED_FALLBACK"
"04. 성우","22.1. P2600 Series II","PUMA 2600LY II","지멘스","4월","MV0000","UNMAPPED_FALLBACK"
"04. 성우","22.1. P2600 Series II","PUMA 2600LY II","지멘스","5월","MV0000","UNMAPPED_FALLBACK"
"04. 성우","22.1. P2600 Series II","PUMA 2600LY II","지멘스","7월","MV0000","UNMAPPED_FALLBACK"
"04. 성우","22.1. P2600 Series II","PUMA 2600SY II","지멘스","2월","MV0000","UNMAPPED_FALLBACK"
"04. 성우","22.1. P2600 Series II","PUMA 2600SY II","지멘스","2월","MV0000","UNMAPPED_FALLBACK"
"04. 성우","22.1. P2600 Series II","PUMA 2600SY II","지멘스","2월","MV0000","UNMAPPED_FALLBACK"
"04. 성우","22.1. P2600 Series II","PUMA 2600SY II","지멘스","3월","MV0000","UNMAPPED_FALLBACK"
"04. 성우","22.1. P2600 Series II","PUMA 2600SY II","지멘스","3월","MV0000","UNMAPPED_FALLBACK"
"04. 성우","22.1. P2600 Series II","PUMA 2600SY II","지멘스","3월","MV0000","UNMAPPED_FALLBACK"
"04. 성우","22.1. P2600 Series II","PUMA 2600SY II","지멘스","4월","MV0000","UNMAPPED_FALLBACK"
"04. 성우","22.1. P2600 Series II","PUMA 2600SY II","지멘스","4월","MV0000","UNMAPPED_FALLBACK"
"04. 성우","22.1. P2600 Series II","PUMA 2600SY II","지멘스","5월","MV0000","UNMAPPED_FALLBACK"
"04. 성우","22.1. P2600 Series II","PUMA 2600SY II","지멘스","5월","MV0000","UNMAPPED_FALLBACK"
"04. 성우","22.1. P2600 Series II","PUMA 2600SY II","지멘스","5월","MV0000","UNMAPPED_FALLBACK"
"04. 성우","22.1. P2600 Series II","PUMA 2600SY II","지멘스","5월","MV0000","UNMAPPED_FALLBACK"
"04. 성우","22.1. P2600 Series II","PUMA 2600SY II","지멘스","5월","MV0000","UNMAPPED_FALLBACK"
"04. 성우","22.1. P2600 Series II","PUMA 2600SY II","지멘스","5월","MV0000","UNMAPPED_FALLBACK"
"04. 성우","22.1. P2600 Series II","PUMA 2600SY II","지멘스","5월","MV0000","UNMAPPED_FALLBACK"
"04. 성우","22.1. P2600 Series II","PUMA 2600SY II","지멘스","5월","MV0000","UNMAPPED_FALLBACK"
"04. 성우","22.1. P2600 Series II","PUMA 2600SY II","지멘스","5월","MV0000","UNMAPPED_FALLBACK"
"04. 성우","22.1. P2600 Series II","PUMA 2600SY II","지멘스","6월","MV0000","UNMAPPED_FALLBACK"
"04. 성우","22.1. P2600 Series II","PUMA 2600SY II","지멘스","6월","MV0000","UNMAPPED_FALLBACK"
"04. 성우","22.1. P2600 Series II","PUMA 2600SY II","지멘스","7월","MV0000","UNMAPPED_FALLBACK"
"04. 성우","22.1. P2600 Series II","PUMA 2600SY II","지멘스","7월","MV0000","UNMAPPED_FALLBACK"
"04. 성우","22.1. P2600 Series II","PUMA 2600SY II","지멘스","7월","MV0000","UNMAPPED_FALLBACK"
"04. 성우","22.1. P2600 Series II","PUMA 2600SY II","지멘스","7월","MV0000","UNMAPPED_FALLBACK"
"04. 성우","22.1. P2600 Series II","PUMA 2600SY II","지멘스","7월","MV0000","UNMAPPED_FALLBACK"
"04. 성우","22.1. P2600 Series II","PUMA 2600SY II","지멘스","3월","MV0000","UNMAPPED_FALLBACK"
"04. 성우","22.1. P2600 Series II","PUMA 2600SY II","지멘스","4월","MV0000","UNMAPPED_FALLBACK"
"04. 성우","22.1. P2600 Series II","PUMA 2600SY II","지멘스","5월","MV0000","UNMAPPED_FALLBACK"
"04. 성우","22.1. P2600 Series II","PUMA 2600SY II","지멘스","6월","MV0000","UNMAPPED_FALLBACK"
"04. 성우","22.1. P2600 Series II","PUMA 2600SY II","지멘스","7월","MV0000","UNMAPPED_FALLBACK"
"04. 성우","22.1. P2600 Series II","PUMA 2600SY II","지멘스","7월","MV0000","UNMAPPED_FALLBACK"
"04. 성우","22.1. P2600 Series II","PUMA 2600SYB II","지멘스","5월","MV0000","UNMAPPED_FALLBACK"
"04. 성우","22.1. P2600 Series II","PUMA 2600Y II","지멘스","2월","MV0000","UNMAPPED_FALLBACK"
"04. 성우","22.1. P2600 Series II","PUMA 2600Y II","지멘스","2월","MV0000","UNMAPPED_FALLBACK"
"04. 성우","22.1. P2600 Series II","PUMA 2600Y II","지멘스","3월","MV0000","UNMAPPED_FALLBACK"
"04. 성우","22.1. P2600 Series II","PUMA 2600Y II","지멘스","3월","MV0000","UNMAPPED_FALLBACK"
"04. 성우","22.1. P2600 Series II","PUMA 2600Y II","지멘스","4월","MV0000","UNMAPPED_FALLBACK"
"04. 성우","22.1. P2600 Series II","PUMA 2600Y II","지멘스","4월","MV0000","UNMAPPED_FALLBACK"
"04. 성우","22.1. P2600 Series II","PUMA 2600Y II","지멘스","4월","MV0000","UNMAPPED_FALLBACK"
"04. 성우","22.1. P2600 Series II","PUMA 2600Y II","지멘스","5월","MV0000","UNMAPPED_FALLBACK"
"04. 성우","22.1. P2600 Series II","PUMA 2600Y II","지멘스","5월","MV0000","UNMAPPED_FALLBACK"
"04. 성우","22.1. P2600 Series II","PUMA 2600Y II","지멘스","6월","MV0000","UNMAPPED_FALLBACK"
"04. 성우","22.1. P2600 Series II","PUMA 2600Y II","지멘스","6월","MV0000","UNMAPPED_FALLBACK"
"04. 성우","22.1. P2600 Series II","PUMA 2600Y II","지멘스","6월","MV0000","UNMAPPED_FALLBACK"
"04. 성우","22.1. P2600 Series II","PUMA 2600Y II","지멘스","6월","MV0000","UNMAPPED_FALLBACK"
"04. 성우","22.1. P2600 Series II","PUMA 2600Y II","지멘스","7월","MV0000","UNMAPPED_FALLBACK"
"04. 성우","22.1. P2600 Series II","PUMA 2600Y II","지멘스","7월","MV0000","UNMAPPED_FALLBACK"
"04. 성우","22.1. P2600 Series II","PUMA 2600Y II","SONE","3월","MV0000","UNMAPPED_FALLBACK"
"04. 성우","22.1. P2600 Series II","PUMA 2600Y II","지멘스","7월","MV0000","UNMAPPED_FALLBACK"
"04. 성우","22.1. P2600 Series II","PUMA 2600YB II","지멘스","3월","MV0000","UNMAPPED_FALLBACK"
"04. 성우","22.1. P2600 Series II","PUMA 2600YB II","지멘스","3월","MV0000","UNMAPPED_FALLBACK"
"04. 성우","22.1. P2600 Series II","PUMA 2600YB II","지멘스","7월","MV0000","UNMAPPED_FALLBACK"
"04. 성우","22.1. P2600 Series II","PUMA 2600LYB II","지멘스","5월","MV0000","UNMAPPED_FALLBACK"
"04. 성우","22.1. P2600 Series II","PUMA 2600LYB II","지멘스","7월","MV0000","UNMAPPED_FALLBACK"
"04. 성우","22.1. P2600 Series II","PUMA 2600LSYB II","(비어 있음)","6월","MV0000","UNMAPPED_FALLBACK"
"04. 성우","22.1. P2600 Series II","PUMA 2600LSYB II","(비어 있음)","7월","MV0000","UNMAPPED_FALLBACK"
"04. 성우","32. TW Series","TW2100Z","(비어 있음)","2월","ML0347","TW2100Z-F0TP-0-K30"
"04. 성우","32. TW Series","TW2100Z","(비어 있음)","2월","ML0347","TW2100Z-F0TP-0-K30"
"04. 성우","32. TW Series","TW2100Z","(비어 있음)","3월","ML0347","TW2100Z-F0TP-0-K30"
"04. 성우","32. TW Series","TW2100Z","(비어 있음)","3월","ML0347","TW2100Z-F0TP-0-K30"
"04. 성우","32. TW Series","TW2100Z","(비어 있음)","5월","ML0347","TW2100Z-F0TP-0-K30"
"04. 성우","32. TW Series","TW2600","(비어 있음)","3월","ML0316","TW2600-F0TP-0-K30"
"04. 성우","32. TW Series","TW2600","(비어 있음)","3월","ML0316","TW2600-F0TP-0-K30"
"04. 성우","32. TW Series","TW2600Z","(비어 있음)","5월","ML0317","TW2600Z-F0TP-0-K30"
"04. 성우","32. TW Series","TW2600Z","(비어 있음)","5월","ML0317","TW2600Z-F0TP-0-K30"
"04. 성우","32. TW Series","TW2600Z","(비어 있음)","7월","ML0317","TW2600Z-F0TP-0-K30"
"04. 성우","32. TW Series","TW2600Z","(비어 있음)","7월","ML0317","TW2600Z-F0TP-0-K30"
"04. 성우","32. TW Series","TW210MZ18","(비어 있음)","4월","MV0000","UNMAPPED_FALLBACK"
"04. 성우","32. TW Series","TW210MZ18","(비어 있음)","6월","MV0000","UNMAPPED_FALLBACK"
"04. 성우","32. TW Series","TW210MZ18","(비어 있음)","6월","MV0000","UNMAPPED_FALLBACK"
"04. 성우","32. TW Series","TW2600MZ","(비어 있음)","6월","MV0000","UNMAPPED_FALLBACK"
"04. 성우","32. TW Series","TW2600MZ","(비어 있음)","6월","MV0000","UNMAPPED_FALLBACK"
"04. 성우","32. TW Series","TW2600B","(비어 있음)","2월","ML0444","TW2600B-F0TP-0-I30"
"04. 성우","32. TW Series","TW2100","(비어 있음)","3월","ML0345","TW2100-F0TP-0-K30"
"04. 성우","32. TW Series","TW2100","(비어 있음)","3월","ML0345","TW2100-F0TP-0-K30"
"04. 성우","32. TW Series","TW2100","(비어 있음)","7월","ML0345","TW2100-F0TP-0-K30"
"04. 성우","32. TW Series","TW2100","(비어 있음)","7월","ML0345","TW2100-F0TP-0-K30"
"04. 성우","32. TW Series","TW2100","(비어 있음)","7월","ML0345","TW2100-F0TP-0-K30"
"04. 성우","32. TW Series","TW2100","(비어 있음)","7월","ML0345","TW2100-F0TP-0-K30"
"04. 성우","32. TW Series","TW210MZ","(비어 있음)","2월","ML0348","TW210MZ-F0TP-0-K30"
"04. 성우","32. TW Series","TW210MZ","(비어 있음)","2월","ML0348","TW210MZ-F0TP-0-K30"
"04. 성우","32. TW Series","TW210MZ","(비어 있음)","6월","ML0348","TW210MZ-F0TP-0-K30"
"04. 성우","32. TW Series","TW210MZ","(비어 있음)","6월","ML0348","TW210MZ-F0TP-0-K30"
"04. 성우","13-4. SVM Series","SVM4100","12K","2월","MV0157","SVM4100-D300-0-K30"
"04. 성우","13-4. SVM Series","SVM4100","12K","2월","MV0157","SVM4100-D300-0-K30"
"04. 성우","13-4. SVM Series","SVM4100","12K","2월","MV0157","SVM4100-D300-0-K30"
"04. 성우","13-4. SVM Series","SVM4100","12K","2월","MV0157","SVM4100-D300-0-K30"
"04. 성우","13-4. SVM Series","SVM4100","12K","2월","MV0157","SVM4100-D300-0-K30"
"04. 성우","13-4. SVM Series","SVM4100","12K","2월","MV0157","SVM4100-D300-0-K30"
"04. 성우","13-4. SVM Series","SVM4100","12K","2월","MV0157","SVM4100-D300-0-K30"
"04. 성우","13-4. SVM Series","SVM4100","12K","3월","MV0157","SVM4100-D300-0-K30"
"04. 성우","13-4. SVM Series","SVM4100","12K","3월","MV0157","SVM4100-D300-0-K30"
"04. 성우","13-4. SVM Series","SVM4100","12K","3월","MV0157","SVM4100-D300-0-K30"
"04. 성우","13-4. SVM Series","SVM4100","12K","3월","MV0157","SVM4100-D300-0-K30"
"04. 성우","13-4. SVM Series","SVM4100","12K","3월","MV0157","SVM4100-D300-0-K30"
"04. 성우","13-4. SVM Series","SVM4100","12K","3월","MV0157","SVM4100-D300-0-K30"
"04. 성우","13-4. SVM Series","SVM4100","12K","3월","MV0157","SVM4100-D300-0-K30"
"04. 성우","13-4. SVM Series","SVM4100","12K","3월","MV0157","SVM4100-D300-0-K30"
"04. 성우","13-4. SVM Series","SVM4100","12K","3월","MV0157","SVM4100-D300-0-K30"
"04. 성우","13-4. SVM Series","SVM4100","12K","5월","MV0157","SVM4100-D300-0-K30"
"04. 성우","13-4. SVM Series","SVM4100","12K","5월","MV0157","SVM4100-D300-0-K30"
"04. 성우","13-4. SVM Series","SVM4100","12K","5월","MV0157","SVM4100-D300-0-K30"
"04. 성우","13-4. SVM Series","SVM4100","12K","5월","MV0157","SVM4100-D300-0-K30"
"04. 성우","13-4. SVM Series","SVM4100","12K","5월","MV0157","SVM4100-D300-0-K30"
"04. 성우","13-4. SVM Series","SVM4100","12K","6월","MV0157","SVM4100-D300-0-K30"
"04. 성우","13-4. SVM Series","SVM4100","12K","6월","MV0157","SVM4100-D300-0-K30"
"04. 성우","13-4. SVM Series","SVM4100","12K","6월","MV0157","SVM4100-D300-0-K30"
"04. 성우","13-4. SVM Series","SVM4100","12K","6월","MV0157","SVM4100-D300-0-K30"
"04. 성우","13-4. SVM Series","SVM4100","12K","6월","MV0157","SVM4100-D300-0-K30"
"04. 성우","13-4. SVM Series","SVM4100","12K","6월","MV0157","SVM4100-D300-0-K30"
"04. 성우","13-4. SVM Series","SVM4100","12K","6월","MV0157","SVM4100-D300-0-K30"
"04. 성우","13-4. SVM Series","SVM4100","12K","6월","MV0157","SVM4100-D300-0-K30"
"04. 성우","13-4. SVM Series","SVM4100","12K","6월","MV0157","SVM4100-D300-0-K30"
"04. 성우","13-4. SVM Series","SVM4100","12K","7월","MV0157","SVM4100-D300-0-K30"
"04. 성우","13-4. SVM Series","SVM4100","12K(지멘스)","4월","MV0157","SVM4100-D300-0-K30"
"04. 성우","13-4. SVM Series","SVM4100","12K(지멘스)","5월","MV0157","SVM4100-D300-0-K30"
"04. 성우","13-4. SVM Series","SVM5100L","12K","3월","MV0196","SVM51LI-M8VA-0-X30"
"04. 성우","13-4. SVM Series","SVM5100L","12K","3월","MV0196","SVM51LI-M8VA-0-X30"
"04. 성우","13-4. SVM Series","SVM5100L","12K","4월","MV0196","SVM51LI-M8VA-0-X30"
"04. 성우","13-4. SVM Series","SVM5100L","12K","4월","MV0196","SVM51LI-M8VA-0-X30"
"04. 성우","13-4. SVM Series","SVM5100L","12K","4월","MV0196","SVM51LI-M8VA-0-X30"
"04. 성우","13-4. SVM Series","SVM5100L","12K","4월","MV0196","SVM51LI-M8VA-0-X30"
"04. 성우","13-4. SVM Series","SVM5100L","12K","4월","MV0196","SVM51LI-M8VA-0-X30"
"04. 성우","13-4. SVM Series","SVM5100L","12K","4월","MV0196","SVM51LI-M8VA-0-X30"
"04. 성우","13-4. SVM Series","SVM4100I","10K(미쓰비시)","2월","MV0000","UNMAPPED_FALLBACK"
"04. 성우","13-4. SVM Series","SVM4100I","10K(미쓰비시)","4월","MV0000","UNMAPPED_FALLBACK"
"04. 성우","13-4. SVM Series","SVM4100I","10K(미쓰비시)","4월","MV0000","UNMAPPED_FALLBACK"
"04. 성우","13-4. SVM Series","SVM 5100LI","10K(미쓰비시)","2월","MV0196","SVM51LI-M8VA-0-X30"
"04. 성우","13-4. SVM Series","SVM 5100LI","10K(미쓰비시)","2월","MV0196","SVM51LI-M8VA-0-X30"
"04. 성우","13-4. SVM Series","SVM 5100LI","10K(미쓰비시)","4월","MV0196","SVM51LI-M8VA-0-X30"
"04. 성우","23. P3100 Series","PUMA 3100LY","10K(미쓰비시)","3월","MV0000","UNMAPPED_FALLBACK"
"04. 성우","23. P3100 Series","PUMA 3100LSY","10K(미쓰비시)","3월","MV0000","UNMAPPED_FALLBACK"
"05. 세양","19. GT Series","GT3100L","10K(미쓰비시)","2월","ML0313","GT3100L-F0TP-0-K30"
"05. 세양","19. GT Series","GT3100L","10K(미쓰비시)","2월","ML0313","GT3100L-F0TP-0-K30"
"05. 세양","19. GT Series","GT3100L","10K(미쓰비시)","2월","ML0313","GT3100L-F0TP-0-K30"
"05. 세양","19. GT Series","GT3100L","10K(미쓰비시)","2월","ML0313","GT3100L-F0TP-0-K30"
"05. 세양","19. GT Series","GT3100L","10K(미쓰비시)","3월","ML0313","GT3100L-F0TP-0-K30"
"05. 세양","19. GT Series","GT3100L","10K(미쓰비시)","3월","ML0313","GT3100L-F0TP-0-K30"
"05. 세양","19. GT Series","GT3100L","10K(미쓰비시)","3월","ML0313","GT3100L-F0TP-0-K30"
"05. 세양","19. GT Series","GT3100L","10K(미쓰비시)","3월","ML0313","GT3100L-F0TP-0-K30"
"05. 세양","19. GT Series","GT3100L","10K(미쓰비시)","3월","ML0313","GT3100L-F0TP-0-K30"
"05. 세양","19. GT Series","GT3100L","10K(미쓰비시)","3월","ML0313","GT3100L-F0TP-0-K30"
"05. 세양","19. GT Series","GT3100L","10K(미쓰비시)","3월","ML0313","GT3100L-F0TP-0-K30"
"05. 세양","19. GT Series","GT3100L","10K(미쓰비시)","4월","ML0313","GT3100L-F0TP-0-K30"
"05. 세양","19. GT Series","GT3100L","10K(미쓰비시)","4월","ML0313","GT3100L-F0TP-0-K30"
"05. 세양","19. GT Series","GT3100L","10K(미쓰비시)","4월","ML0313","GT3100L-F0TP-0-K30"
"05. 세양","19. GT Series","GT3100L","10K(미쓰비시)","4월","ML0313","GT3100L-F0TP-0-K30"
"05. 세양","19. GT Series","GT3100L","10K(미쓰비시)","5월","ML0313","GT3100L-F0TP-0-K30"
"05. 세양","19. GT Series","GT3100L","10K(미쓰비시)","5월","ML0313","GT3100L-F0TP-0-K30"
"05. 세양","19. GT Series","GT3100L","10K(미쓰비시)","5월","ML0313","GT3100L-F0TP-0-K30"
"05. 세양","19. GT Series","GT3100L","10K(미쓰비시)","6월","ML0313","GT3100L-F0TP-0-K30"
"05. 세양","19. GT Series","GT3100L","10K(미쓰비시)","6월","ML0313","GT3100L-F0TP-0-K30"
"05. 세양","19. GT Series","GT3100L","10K(미쓰비시)","6월","ML0313","GT3100L-F0TP-0-K30"
"05. 세양","19. GT Series","GT3100L","10K(미쓰비시)","6월","ML0313","GT3100L-F0TP-0-K30"
"05. 세양","19. GT Series","GT3100L","10K(미쓰비시)","6월","ML0313","GT3100L-F0TP-0-K30"
"05. 세양","19. GT Series","GT3100L","10K(미쓰비시)","6월","ML0313","GT3100L-F0TP-0-K30"
"05. 세양","19. GT Series","GT3100L","10K(미쓰비시)","6월","ML0313","GT3100L-F0TP-0-K30"
"05. 세양","19. GT Series","GT3100L","10K(미쓰비시)","6월","ML0313","GT3100L-F0TP-0-K30"
"05. 세양","19. GT Series","GT3100L","10K(미쓰비시)","7월","ML0313","GT3100L-F0TP-0-K30"
"05. 세양","19. GT Series","GT3100L","10K(미쓰비시)","7월","ML0313","GT3100L-F0TP-0-K30"
"05. 세양","19. GT Series","GT3100L","10K(미쓰비시)","7월","ML0313","GT3100L-F0TP-0-K30"
"05. 세양","19. GT Series","GT3100L","10K(미쓰비시)","7월","ML0313","GT3100L-F0TP-0-K30"
"05. 세양","19. GT Series","GT3100L","10K(미쓰비시)","7월","ML0313","GT3100L-F0TP-0-K30"
"05. 세양","19. GT Series","GT3100L","10K(미쓰비시)","7월","ML0313","GT3100L-F0TP-0-K30"
"05. 세양","19. GT Series","GT3100L","10K(미쓰비시)","7월","ML0313","GT3100L-F0TP-0-K30"
"05. 세양","19. GT Series","GT3100L","10K(미쓰비시)","7월","ML0313","GT3100L-F0TP-0-K30"
"05. 세양","19. GT Series","GT3100L","10K(미쓰비시)","7월","ML0313","GT3100L-F0TP-0-K30"
"05. 세양","19. GT Series","GT3100L","10K(미쓰비시)","7월","ML0313","GT3100L-F0TP-0-K30"
"05. 세양","19. GT Series","GT3100L","10K(미쓰비시)","7월","ML0313","GT3100L-F0TP-0-K30"
"05. 세양","19. GT Series","GT3100L","10K(미쓰비시)","7월","ML0313","GT3100L-F0TP-0-K30"
"05. 세양","19. GT Series","GT3100L","지멘스","2월","ML0313","GT3100L-F0TP-0-K30"
"05. 세양","19. GT Series","GT3100L","지멘스","6월","ML0313","GT3100L-F0TP-0-K30"
"05. 세양","19. GT Series","GT3100","지멘스","2월","ML0311","GT3100-F0TP-0-K30"
"05. 세양","19. GT Series","GT3100","지멘스","2월","ML0311","GT3100-F0TP-0-K30"
"05. 세양","19. GT Series","GT3100","지멘스","3월","ML0311","GT3100-F0TP-0-K30"
"05. 세양","19. GT Series","GT3100","지멘스","3월","ML0311","GT3100-F0TP-0-K30"
"05. 세양","19. GT Series","GT3100","지멘스","3월","ML0311","GT3100-F0TP-0-K30"
"05. 세양","19. GT Series","GT3100","지멘스","3월","ML0311","GT3100-F0TP-0-K30"
"05. 세양","19. GT Series","GT3100","지멘스","3월","ML0311","GT3100-F0TP-0-K30"
"05. 세양","19. GT Series","GT3100","지멘스","3월","ML0311","GT3100-F0TP-0-K30"
"05. 세양","19. GT Series","GT3100","지멘스","3월","ML0311","GT3100-F0TP-0-K30"
"05. 세양","19. GT Series","GT3100","지멘스","3월","ML0311","GT3100-F0TP-0-K30"
"05. 세양","19. GT Series","GT3100","지멘스","4월","ML0311","GT3100-F0TP-0-K30"
"05. 세양","19. GT Series","GT3100","지멘스","4월","ML0311","GT3100-F0TP-0-K30"
"05. 세양","19. GT Series","GT3100","지멘스","4월","ML0311","GT3100-F0TP-0-K30"
"05. 세양","19. GT Series","GT3100","지멘스","4월","ML0311","GT3100-F0TP-0-K30"
"05. 세양","19. GT Series","GT3100","지멘스","4월","ML0311","GT3100-F0TP-0-K30"
"05. 세양","19. GT Series","GT3100","지멘스","4월","ML0311","GT3100-F0TP-0-K30"
"05. 세양","19. GT Series","GT3100","지멘스","4월","ML0311","GT3100-F0TP-0-K30"
"05. 세양","19. GT Series","GT3100","지멘스","4월","ML0311","GT3100-F0TP-0-K30"
"05. 세양","19. GT Series","GT3100","지멘스","5월","ML0311","GT3100-F0TP-0-K30"
"05. 세양","19. GT Series","GT3100","지멘스","5월","ML0311","GT3100-F0TP-0-K30"
"05. 세양","19. GT Series","GT3100","지멘스","5월","ML0311","GT3100-F0TP-0-K30"
"05. 세양","19. GT Series","GT3100","지멘스","5월","ML0311","GT3100-F0TP-0-K30"
"05. 세양","19. GT Series","GT3100","지멘스","5월","ML0311","GT3100-F0TP-0-K30"
"05. 세양","19. GT Series","GT3100","지멘스","5월","ML0311","GT3100-F0TP-0-K30"
"05. 세양","19. GT Series","GT3100","지멘스","5월","ML0311","GT3100-F0TP-0-K30"
"05. 세양","19. GT Series","GT3100","지멘스","5월","ML0311","GT3100-F0TP-0-K30"
"05. 세양","19. GT Series","GT3100","지멘스","5월","ML0311","GT3100-F0TP-0-K30"
"05. 세양","19. GT Series","GT3100","지멘스","6월","ML0311","GT3100-F0TP-0-K30"
"05. 세양","19. GT Series","GT3100","지멘스","6월","ML0311","GT3100-F0TP-0-K30"
"05. 세양","19. GT Series","GT3100","지멘스","6월","ML0311","GT3100-F0TP-0-K30"
"05. 세양","19. GT Series","GT3100","지멘스","7월","ML0311","GT3100-F0TP-0-K30"
"05. 세양","19. GT Series","GT3100","지멘스","7월","ML0311","GT3100-F0TP-0-K30"
"05. 세양","19. GT Series","GT3100","지멘스","7월","ML0311","GT3100-F0TP-0-K30"
"05. 세양","19. GT Series","GT3100","지멘스","7월","ML0311","GT3100-F0TP-0-K30"
"05. 세양","19. GT Series","GT3100","지멘스","7월","ML0311","GT3100-F0TP-0-K30"
"05. 세양","19. GT Series","GT3100","지멘스","7월","ML0311","GT3100-F0TP-0-K30"
"05. 세양","19. GT Series","GT3100","지멘스","7월","ML0311","GT3100-F0TP-0-K30"
"05. 세양","19. GT Series","GT3100","지멘스","7월","ML0311","GT3100-F0TP-0-K30"
"05. 세양","19. GT Series","GT3100","지멘스","7월","ML0311","GT3100-F0TP-0-K30"
"05. 세양","19. GT Series","GT3100","지멘스","7월","ML0311","GT3100-F0TP-0-K30"
"05. 세양","19. GT Series","GT3100M","지멘스","2월","ML0312","GT3100M-F0TP-0-K30"
"05. 세양","19. GT Series","GT3100M","지멘스","2월","ML0312","GT3100M-F0TP-0-K30"
"05. 세양","19. GT Series","GT3100M","지멘스","3월","ML0312","GT3100M-F0TP-0-K30"
"05. 세양","19. GT Series","GT3100M","지멘스","4월","ML0312","GT3100M-F0TP-0-K30"
"05. 세양","19. GT Series","GT3100M","지멘스","4월","ML0312","GT3100M-F0TP-0-K30"
"05. 세양","19. GT Series","GT3100M","지멘스","6월","ML0312","GT3100M-F0TP-0-K30"
"05. 세양","19. GT Series","GT3100M","지멘스","6월","ML0312","GT3100M-F0TP-0-K30"
"05. 세양","19. GT Series","GT3100M","지멘스","7월","ML0312","GT3100M-F0TP-0-K30"
"05. 세양","19. GT Series","GT3100M","지멘스","7월","ML0312","GT3100M-F0TP-0-K30"
"05. 세양","19. GT Series","GT3100LM","지멘스","3월","MV0000","UNMAPPED_FALLBACK"
"05. 세양","19. GT Series","GT3100LM","지멘스","3월","MV0000","UNMAPPED_FALLBACK"
"05. 세양","19. GT Series","GT3100LM","지멘스","5월","MV0000","UNMAPPED_FALLBACK"
"05. 세양","19. GT Series","GT3100LM","지멘스","6월","MV0000","UNMAPPED_FALLBACK"
"05. 세양","19. GT Series","GT3100LM","지멘스","6월","MV0000","UNMAPPED_FALLBACK"
"05. 세양","19. GT Series","GT3100LM","지멘스","7월","MV0000","UNMAPPED_FALLBACK"
"05. 세양","19. GT Series","GT3100LM","지멘스","7월","MV0000","UNMAPPED_FALLBACK"
"05. 세양","19. GT Series","GT3100LM","지멘스","2월","MV0000","UNMAPPED_FALLBACK"
"05. 세양","19. GT Series","GT3100LM","지멘스","2월","MV0000","UNMAPPED_FALLBACK"
"05. 세양","19. GT Series","GT2600XLA","지멘스","4월","ML0407","GT26XLA-F0TP-0-E30"
"05. 세양","19. GT Series","GT2600XLA","지멘스","4월","ML0407","GT26XLA-F0TP-0-E30"
"05. 세양","19. GT Series","GT2600XLA","지멘스","4월","ML0407","GT26XLA-F0TP-0-E30"
"05. 세양","19. GT Series","GT2600XLA","지멘스","4월","ML0407","GT26XLA-F0TP-0-E30"
"05. 세양","19. GT Series","GT2600XLA","지멘스","4월","ML0407","GT26XLA-F0TP-0-E30"
"05. 세양","19. GT Series","GT2600XLA","지멘스","4월","ML0407","GT26XLA-F0TP-0-E30"
"05. 세양","19. GT Series","GT2600XLA","지멘스","4월","ML0407","GT26XLA-F0TP-0-E30"
"05. 세양","19. GT Series","GT2600XLA","지멘스","4월","ML0407","GT26XLA-F0TP-0-E30"
"05. 세양","19. GT Series","GT2600XLA","지멘스","5월","ML0407","GT26XLA-F0TP-0-E30"
"05. 세양","19. GT Series","GT2600XLA","지멘스","7월","ML0407","GT26XLA-F0TP-0-E30"
"05. 세양","19. GT Series","GT2600XLB","지멘스","2월","ML0409","GT26XLB-F0TP-0-E30"
"05. 세양","19. GT Series","GT2600XLB","지멘스","2월","ML0409","GT26XLB-F0TP-0-E30"
"05. 세양","19. GT Series","GT2600XLB","지멘스","2월","ML0409","GT26XLB-F0TP-0-E30"
"05. 세양","19. GT Series","GT2600XLB","지멘스","2월","ML0409","GT26XLB-F0TP-0-E30"
"05. 세양","19. GT Series","GT2600XLB","지멘스","2월","ML0409","GT26XLB-F0TP-0-E30"
"05. 세양","19. GT Series","GT2600XLB","지멘스","2월","ML0409","GT26XLB-F0TP-0-E30"
"05. 세양","19. GT Series","GT2600XLB","지멘스","2월","ML0409","GT26XLB-F0TP-0-E30"
"05. 세양","19. GT Series","GT2600XLB","지멘스","2월","ML0409","GT26XLB-F0TP-0-E30"
"05. 세양","19. GT Series","GT2600XLB","지멘스","2월","ML0409","GT26XLB-F0TP-0-E30"
"05. 세양","19. GT Series","GT2600XLB","지멘스","2월","ML0409","GT26XLB-F0TP-0-E30"
"05. 세양","19. GT Series","GT2600XLB","지멘스","2월","ML0409","GT26XLB-F0TP-0-E30"
"05. 세양","19. GT Series","GT2600XLB","지멘스","3월","ML0409","GT26XLB-F0TP-0-E30"
"05. 세양","19. GT Series","GT2600XLB","지멘스","3월","ML0409","GT26XLB-F0TP-0-E30"
"05. 세양","19. GT Series","GT2600XLB","지멘스","3월","ML0409","GT26XLB-F0TP-0-E30"
"05. 세양","19. GT Series","GT2600XLB","지멘스","3월","ML0409","GT26XLB-F0TP-0-E30"
"05. 세양","19. GT Series","GT2600XLB","지멘스","4월","ML0409","GT26XLB-F0TP-0-E30"
"05. 세양","19. GT Series","GT2600XLB","지멘스","4월","ML0409","GT26XLB-F0TP-0-E30"
"05. 세양","19. GT Series","GT2600XLB","지멘스","4월","ML0409","GT26XLB-F0TP-0-E30"
"05. 세양","19. GT Series","GT2600XLB","지멘스","4월","ML0409","GT26XLB-F0TP-0-E30"
"05. 세양","19. GT Series","GT2600XLB","지멘스","4월","ML0409","GT26XLB-F0TP-0-E30"
"05. 세양","19. GT Series","GT2600XLB","지멘스","4월","ML0409","GT26XLB-F0TP-0-E30"
"05. 세양","19. GT Series","GT2600XLB","지멘스","4월","ML0409","GT26XLB-F0TP-0-E30"
"05. 세양","19. GT Series","GT2600XLB","지멘스","4월","ML0409","GT26XLB-F0TP-0-E30"
"05. 세양","19. GT Series","GT2600XLB","지멘스","6월","ML0409","GT26XLB-F0TP-0-E30"
"05. 세양","19. GT Series","GT2600XLB","지멘스","6월","ML0409","GT26XLB-F0TP-0-E30"
"05. 세양","19. GT Series","GT2600XLB","지멘스","6월","ML0409","GT26XLB-F0TP-0-E30"
"05. 세양","19. GT Series","GT2600XLMB","지멘스","2월","MV0000","UNMAPPED_FALLBACK"
"05. 세양","19. GT Series","GT2600XLMB","지멘스","2월","MV0000","UNMAPPED_FALLBACK"
"05. 세양","19. GT Series","GT2600XLMB","지멘스","3월","MV0000","UNMAPPED_FALLBACK"
"05. 세양","19. GT Series","GT2600XLMB","지멘스","4월","MV0000","UNMAPPED_FALLBACK"
"05. 세양","19. GT Series","GT2600XLMB","지멘스","4월","MV0000","UNMAPPED_FALLBACK"
"05. 세양","19. GT Series","GT2600XLMB","지멘스","5월","MV0000","UNMAPPED_FALLBACK"
"05. 세양","19. GT Series","GT2600XLMB","지멘스","6월","MV0000","UNMAPPED_FALLBACK"
"05. 세양","19. GT Series","GT2600XLMA","지멘스","4월","MV0000","UNMAPPED_FALLBACK"
"05. 세양","19. GT Series","GT2600XLMA","지멘스","4월","MV0000","UNMAPPED_FALLBACK"
"05. 세양","20. LYNX Series","LYNX210A","지멘스","2월","ML0001","L210A-D300-0-K10"
"05. 세양","20. LYNX Series","LYNX210A","지멘스","3월","ML0001","L210A-D300-0-K10"
"05. 세양","20. LYNX Series","LYNX210A","지멘스","4월","ML0001","L210A-D300-0-K10"
"05. 세양","20. LYNX Series","LYNX210A","지멘스","6월","ML0001","L210A-D300-0-K10"
"05. 세양","20. LYNX Series","LYNX210A","지멘스","6월","ML0001","L210A-D300-0-K10"
"05. 세양","20. LYNX Series","LYNX210A","지멘스","7월","ML0001","L210A-D300-0-K10"
"05. 세양","20. LYNX Series","LYNX210B","지멘스","2월","ML0002","L210B-F0TP-0-K30"
"05. 세양","20. LYNX Series","LYNX210B","지멘스","3월","ML0002","L210B-F0TP-0-K30"
"05. 세양","20. LYNX Series","LYNX210B","지멘스","6월","ML0002","L210B-F0TP-0-K30"
"05. 세양","20. LYNX Series","LYNX210B","지멘스","7월","ML0002","L210B-F0TP-0-K30"
"05. 세양","20. DNT Series","DNT 2600M","지멘스","2월","MV0000","UNMAPPED_FALLBACK"
"05. 세양","20. DNT Series","DNT 2600M","지멘스","2월","MV0000","UNMAPPED_FALLBACK"
"05. 세양","20. DNT Series","DNT 2600M","지멘스","3월","MV0000","UNMAPPED_FALLBACK"
"05. 세양","20. DNT Series","DNT 2600M","지멘스","3월","MV0000","UNMAPPED_FALLBACK"
"05. 세양","20. DNT Series","DNT 2600M","지멘스","3월","MV0000","UNMAPPED_FALLBACK"
"05. 세양","20. DNT Series","DNT 2600M","지멘스","3월","MV0000","UNMAPPED_FALLBACK"
"05. 세양","20. DNT Series","DNT 2600M","지멘스","3월","MV0000","UNMAPPED_FALLBACK"
"05. 세양","20. DNT Series","DNT 2600M","지멘스","4월","MV0000","UNMAPPED_FALLBACK"
"05. 세양","20. DNT Series","DNT 2600M","지멘스","4월","MV0000","UNMAPPED_FALLBACK"
"05. 세양","20. DNT Series","DNT 2600M","지멘스","5월","MV0000","UNMAPPED_FALLBACK"
"05. 세양","20. DNT Series","DNT 2600M","지멘스","5월","MV0000","UNMAPPED_FALLBACK"
"05. 세양","20. DNT Series","DNT 2600M","지멘스","5월","MV0000","UNMAPPED_FALLBACK"
"05. 세양","20. DNT Series","DNT 2600M","지멘스","5월","MV0000","UNMAPPED_FALLBACK"
"05. 세양","20. DNT Series","DNT 2600M","지멘스","5월","MV0000","UNMAPPED_FALLBACK"
"05. 세양","20. DNT Series","DNT 2600M","지멘스","5월","MV0000","UNMAPPED_FALLBACK"
"05. 세양","20. DNT Series","DNT 2600M","지멘스","6월","MV0000","UNMAPPED_FALLBACK"
"05. 세양","20. DNT Series","DNT 2600M","지멘스","6월","MV0000","UNMAPPED_FALLBACK"
"05. 세양","20. DNT Series","DNT 2600M","지멘스","6월","MV0000","UNMAPPED_FALLBACK"
"05. 세양","20. DNT Series","DNT 2600M","지멘스","6월","MV0000","UNMAPPED_FALLBACK"
"05. 세양","20. DNT Series","DNT 2600M","지멘스","6월","MV0000","UNMAPPED_FALLBACK"
"05. 세양","20. DNT Series","DNT 2600M","지멘스","7월","MV0000","UNMAPPED_FALLBACK"
"05. 세양","20. DNT Series","DNT 2600M","지멘스","7월","MV0000","UNMAPPED_FALLBACK"
"05. 세양","20. DNT Series","DNT 2600M","지멘스","7월","MV0000","UNMAPPED_FALLBACK"
"05. 세양","20. DNT Series","DNT 2600M","지멘스","7월","MV0000","UNMAPPED_FALLBACK"
"05. 세양","20. DNT Series","DNT 2600M","지멘스","2월","MV0000","UNMAPPED_FALLBACK"
"05. 세양","20. DNT Series","DNT 2600M","지멘스","4월","MV0000","UNMAPPED_FALLBACK"
"05. 세양","20. DNT Series","DNT 2600M","지멘스","7월","MV0000","UNMAPPED_FALLBACK"
"05. 세양","20. DNT Series","DNT 2100","지멘스","2월","ML0488","DNT2100-F0TP-0-K30"
"05. 세양","20. DNT Series","DNT 2100","지멘스","2월","ML0488","DNT2100-F0TP-0-K30"
"05. 세양","20. DNT Series","DNT 2100","지멘스","2월","ML0488","DNT2100-F0TP-0-K30"
"05. 세양","20. DNT Series","DNT 2100","지멘스","2월","ML0488","DNT2100-F0TP-0-K30"
"05. 세양","20. DNT Series","DNT 2100","지멘스","2월","ML0488","DNT2100-F0TP-0-K30"
"05. 세양","20. DNT Series","DNT 2100","지멘스","2월","ML0488","DNT2100-F0TP-0-K30"
"05. 세양","20. DNT Series","DNT 2100","지멘스","2월","ML0488","DNT2100-F0TP-0-K30"
"05. 세양","20. DNT Series","DNT 2100","지멘스","2월","ML0488","DNT2100-F0TP-0-K30"
"05. 세양","20. DNT Series","DNT 2100","지멘스","2월","ML0488","DNT2100-F0TP-0-K30"
"05. 세양","20. DNT Series","DNT 2100","지멘스","2월","ML0488","DNT2100-F0TP-0-K30"
"05. 세양","20. DNT Series","DNT 2100","지멘스","2월","ML0488","DNT2100-F0TP-0-K30"
"05. 세양","20. DNT Series","DNT 2100","지멘스","2월","ML0488","DNT2100-F0TP-0-K30"
"05. 세양","20. DNT Series","DNT 2100","지멘스","2월","ML0488","DNT2100-F0TP-0-K30"
"05. 세양","20. DNT Series","DNT 2100","지멘스","2월","ML0488","DNT2100-F0TP-0-K30"
"05. 세양","20. DNT Series","DNT 2100","지멘스","2월","ML0488","DNT2100-F0TP-0-K30"
"05. 세양","20. DNT Series","DNT 2100","지멘스","3월","ML0488","DNT2100-F0TP-0-K30"
"05. 세양","20. DNT Series","DNT 2100","지멘스","3월","ML0488","DNT2100-F0TP-0-K30"
"05. 세양","20. DNT Series","DNT 2100","지멘스","3월","ML0488","DNT2100-F0TP-0-K30"
"05. 세양","20. DNT Series","DNT 2100","지멘스","3월","ML0488","DNT2100-F0TP-0-K30"
"05. 세양","20. DNT Series","DNT 2100","지멘스","3월","ML0488","DNT2100-F0TP-0-K30"
"05. 세양","20. DNT Series","DNT 2100","지멘스","3월","ML0488","DNT2100-F0TP-0-K30"
"05. 세양","20. DNT Series","DNT 2100","지멘스","3월","ML0488","DNT2100-F0TP-0-K30"
"05. 세양","20. DNT Series","DNT 2100","지멘스","3월","ML0488","DNT2100-F0TP-0-K30"
"05. 세양","20. DNT Series","DNT 2100","지멘스","3월","ML0488","DNT2100-F0TP-0-K30"
"05. 세양","20. DNT Series","DNT 2100","지멘스","3월","ML0488","DNT2100-F0TP-0-K30"
"05. 세양","20. DNT Series","DNT 2100","지멘스","3월","ML0488","DNT2100-F0TP-0-K30"
"05. 세양","20. DNT Series","DNT 2100","지멘스","3월","ML0488","DNT2100-F0TP-0-K30"
"05. 세양","20. DNT Series","DNT 2100","지멘스","3월","ML0488","DNT2100-F0TP-0-K30"
"05. 세양","20. DNT Series","DNT 2100","지멘스","3월","ML0488","DNT2100-F0TP-0-K30"
"05. 세양","20. DNT Series","DNT 2100","지멘스","3월","ML0488","DNT2100-F0TP-0-K30"
"05. 세양","20. DNT Series","DNT 2100","지멘스","3월","ML0488","DNT2100-F0TP-0-K30"
"05. 세양","20. DNT Series","DNT 2100","지멘스","3월","ML0488","DNT2100-F0TP-0-K30"
"05. 세양","20. DNT Series","DNT 2100","지멘스","3월","ML0488","DNT2100-F0TP-0-K30"
"05. 세양","20. DNT Series","DNT 2100","지멘스","3월","ML0488","DNT2100-F0TP-0-K30"
"05. 세양","20. DNT Series","DNT 2100","지멘스","3월","ML0488","DNT2100-F0TP-0-K30"
"05. 세양","20. DNT Series","DNT 2100","지멘스","3월","ML0488","DNT2100-F0TP-0-K30"
"05. 세양","20. DNT Series","DNT 2100","지멘스","3월","ML0488","DNT2100-F0TP-0-K30"
"05. 세양","20. DNT Series","DNT 2100","지멘스","3월","ML0488","DNT2100-F0TP-0-K30"
"05. 세양","20. DNT Series","DNT 2100","지멘스","4월","ML0488","DNT2100-F0TP-0-K30"
"05. 세양","20. DNT Series","DNT 2100","지멘스","4월","ML0488","DNT2100-F0TP-0-K30"
"05. 세양","20. DNT Series","DNT 2100","지멘스","4월","ML0488","DNT2100-F0TP-0-K30"
"05. 세양","20. DNT Series","DNT 2100","지멘스","4월","ML0488","DNT2100-F0TP-0-K30"
"05. 세양","20. DNT Series","DNT 2100","지멘스","4월","ML0488","DNT2100-F0TP-0-K30"
"05. 세양","20. DNT Series","DNT 2100","지멘스","4월","ML0488","DNT2100-F0TP-0-K30"
"05. 세양","20. DNT Series","DNT 2100","지멘스","4월","ML0488","DNT2100-F0TP-0-K30"
"05. 세양","20. DNT Series","DNT 2100","지멘스","4월","ML0488","DNT2100-F0TP-0-K30"
"05. 세양","20. DNT Series","DNT 2100","지멘스","4월","ML0488","DNT2100-F0TP-0-K30"
"05. 세양","20. DNT Series","DNT 2100","지멘스","4월","ML0488","DNT2100-F0TP-0-K30"
"05. 세양","20. DNT Series","DNT 2100","지멘스","4월","ML0488","DNT2100-F0TP-0-K30"
"05. 세양","20. DNT Series","DNT 2100","지멘스","4월","ML0488","DNT2100-F0TP-0-K30"
"05. 세양","20. DNT Series","DNT 2100","지멘스","4월","ML0488","DNT2100-F0TP-0-K30"
"05. 세양","20. DNT Series","DNT 2100","지멘스","4월","ML0488","DNT2100-F0TP-0-K30"
"05. 세양","20. DNT Series","DNT 2100","지멘스","4월","ML0488","DNT2100-F0TP-0-K30"
"05. 세양","20. DNT Series","DNT 2100","지멘스","4월","ML0488","DNT2100-F0TP-0-K30"
"05. 세양","20. DNT Series","DNT 2100","지멘스","4월","ML0488","DNT2100-F0TP-0-K30"
"05. 세양","20. DNT Series","DNT 2100","지멘스","4월","ML0488","DNT2100-F0TP-0-K30"
"05. 세양","20. DNT Series","DNT 2100","지멘스","4월","ML0488","DNT2100-F0TP-0-K30"
"05. 세양","20. DNT Series","DNT 2100","지멘스","4월","ML0488","DNT2100-F0TP-0-K30"
"05. 세양","20. DNT Series","DNT 2100","지멘스","5월","ML0488","DNT2100-F0TP-0-K30"
"05. 세양","20. DNT Series","DNT 2100","지멘스","5월","ML0488","DNT2100-F0TP-0-K30"
"05. 세양","20. DNT Series","DNT 2100","지멘스","5월","ML0488","DNT2100-F0TP-0-K30"
"05. 세양","20. DNT Series","DNT 2100","지멘스","5월","ML0488","DNT2100-F0TP-0-K30"
"05. 세양","20. DNT Series","DNT 2100","지멘스","5월","ML0488","DNT2100-F0TP-0-K30"
"05. 세양","20. DNT Series","DNT 2100","지멘스","5월","ML0488","DNT2100-F0TP-0-K30"
"05. 세양","20. DNT Series","DNT 2100","지멘스","5월","ML0488","DNT2100-F0TP-0-K30"
"05. 세양","20. DNT Series","DNT 2100","지멘스","5월","ML0488","DNT2100-F0TP-0-K30"
"05. 세양","20. DNT Series","DNT 2100","지멘스","5월","ML0488","DNT2100-F0TP-0-K30"
"05. 세양","20. DNT Series","DNT 2100","지멘스","5월","ML0488","DNT2100-F0TP-0-K30"
"05. 세양","20. DNT Series","DNT 2100","지멘스","5월","ML0488","DNT2100-F0TP-0-K30"
"05. 세양","20. DNT Series","DNT 2100","지멘스","5월","ML0488","DNT2100-F0TP-0-K30"
"05. 세양","20. DNT Series","DNT 2100","지멘스","5월","ML0488","DNT2100-F0TP-0-K30"
"05. 세양","20. DNT Series","DNT 2100","지멘스","5월","ML0488","DNT2100-F0TP-0-K30"
"05. 세양","20. DNT Series","DNT 2100","지멘스","5월","ML0488","DNT2100-F0TP-0-K30"
"05. 세양","20. DNT Series","DNT 2100","지멘스","5월","ML0488","DNT2100-F0TP-0-K30"
"05. 세양","20. DNT Series","DNT 2100","지멘스","5월","ML0488","DNT2100-F0TP-0-K30"
"05. 세양","20. DNT Series","DNT 2100","지멘스","5월","ML0488","DNT2100-F0TP-0-K30"
"05. 세양","20. DNT Series","DNT 2100","지멘스","5월","ML0488","DNT2100-F0TP-0-K30"
"05. 세양","20. DNT Series","DNT 2100","지멘스","5월","ML0488","DNT2100-F0TP-0-K30"
"05. 세양","20. DNT Series","DNT 2100","지멘스","5월","ML0488","DNT2100-F0TP-0-K30"
"05. 세양","20. DNT Series","DNT 2100","지멘스","5월","ML0488","DNT2100-F0TP-0-K30"
"05. 세양","20. DNT Series","DNT 2100","지멘스","5월","ML0488","DNT2100-F0TP-0-K30"
"05. 세양","20. DNT Series","DNT 2100","지멘스","6월","ML0488","DNT2100-F0TP-0-K30"
"05. 세양","20. DNT Series","DNT 2100","지멘스","6월","ML0488","DNT2100-F0TP-0-K30"
"05. 세양","20. DNT Series","DNT 2100","지멘스","6월","ML0488","DNT2100-F0TP-0-K30"
"05. 세양","20. DNT Series","DNT 2100","지멘스","6월","ML0488","DNT2100-F0TP-0-K30"
"05. 세양","20. DNT Series","DNT 2100","지멘스","6월","ML0488","DNT2100-F0TP-0-K30"
"05. 세양","20. DNT Series","DNT 2100","지멘스","6월","ML0488","DNT2100-F0TP-0-K30"
"05. 세양","20. DNT Series","DNT 2100","지멘스","6월","ML0488","DNT2100-F0TP-0-K30"
"05. 세양","20. DNT Series","DNT 2100","지멘스","6월","ML0488","DNT2100-F0TP-0-K30"
"05. 세양","20. DNT Series","DNT 2100","지멘스","6월","ML0488","DNT2100-F0TP-0-K30"
"05. 세양","20. DNT Series","DNT 2100","지멘스","6월","ML0488","DNT2100-F0TP-0-K30"
"05. 세양","20. DNT Series","DNT 2100","지멘스","6월","ML0488","DNT2100-F0TP-0-K30"
"05. 세양","20. DNT Series","DNT 2100","지멘스","6월","ML0488","DNT2100-F0TP-0-K30"
"05. 세양","20. DNT Series","DNT 2100","지멘스","6월","ML0488","DNT2100-F0TP-0-K30"
"05. 세양","20. DNT Series","DNT 2100","지멘스","6월","ML0488","DNT2100-F0TP-0-K30"
"05. 세양","20. DNT Series","DNT 2100","지멘스","6월","ML0488","DNT2100-F0TP-0-K30"
"05. 세양","20. DNT Series","DNT 2100","지멘스","6월","ML0488","DNT2100-F0TP-0-K30"
"05. 세양","20. DNT Series","DNT 2100","지멘스","6월","ML0488","DNT2100-F0TP-0-K30"
"05. 세양","20. DNT Series","DNT 2100","지멘스","6월","ML0488","DNT2100-F0TP-0-K30"
"05. 세양","20. DNT Series","DNT 2100","지멘스","6월","ML0488","DNT2100-F0TP-0-K30"
"05. 세양","20. DNT Series","DNT 2100","지멘스","6월","ML0488","DNT2100-F0TP-0-K30"
"05. 세양","20. DNT Series","DNT 2100","지멘스","6월","ML0488","DNT2100-F0TP-0-K30"
"05. 세양","20. DNT Series","DNT 2100","지멘스","6월","ML0488","DNT2100-F0TP-0-K30"
"05. 세양","20. DNT Series","DNT 2100","지멘스","6월","ML0488","DNT2100-F0TP-0-K30"
"05. 세양","20. DNT Series","DNT 2100","지멘스","6월","ML0488","DNT2100-F0TP-0-K30"
"05. 세양","20. DNT Series","DNT 2100","지멘스","6월","ML0488","DNT2100-F0TP-0-K30"
"05. 세양","20. DNT Series","DNT 2100","지멘스","6월","ML0488","DNT2100-F0TP-0-K30"
"05. 세양","20. DNT Series","DNT 2100","지멘스","6월","ML0488","DNT2100-F0TP-0-K30"
"05. 세양","20. DNT Series","DNT 2100","지멘스","6월","ML0488","DNT2100-F0TP-0-K30"
"05. 세양","20. DNT Series","DNT 2100","지멘스","6월","ML0488","DNT2100-F0TP-0-K30"
"05. 세양","20. DNT Series","DNT 2100","지멘스","6월","ML0488","DNT2100-F0TP-0-K30"
"05. 세양","20. DNT Series","DNT 2100","지멘스","7월","ML0488","DNT2100-F0TP-0-K30"
"05. 세양","20. DNT Series","DNT 2100","지멘스","7월","ML0488","DNT2100-F0TP-0-K30"
"05. 세양","20. DNT Series","DNT 2100","지멘스","7월","ML0488","DNT2100-F0TP-0-K30"
"05. 세양","20. DNT Series","DNT 2100","지멘스","7월","ML0488","DNT2100-F0TP-0-K30"
"05. 세양","20. DNT Series","DNT 2100","지멘스","7월","ML0488","DNT2100-F0TP-0-K30"
"05. 세양","20. DNT Series","DNT 2100","지멘스","7월","ML0488","DNT2100-F0TP-0-K30"
"05. 세양","20. DNT Series","DNT 2100","지멘스","7월","ML0488","DNT2100-F0TP-0-K30"
"05. 세양","20. DNT Series","DNT 2100","지멘스","7월","ML0488","DNT2100-F0TP-0-K30"
"05. 세양","20. DNT Series","DNT 2100","지멘스","7월","ML0488","DNT2100-F0TP-0-K30"
"05. 세양","20. DNT Series","DNT 2100","지멘스","7월","ML0488","DNT2100-F0TP-0-K30"
"05. 세양","20. DNT Series","DNT 2100","지멘스","7월","ML0488","DNT2100-F0TP-0-K30"
"05. 세양","20. DNT Series","DNT 2100","지멘스","7월","ML0488","DNT2100-F0TP-0-K30"
"05. 세양","20. DNT Series","DNT 2100","지멘스","7월","ML0488","DNT2100-F0TP-0-K30"
"05. 세양","20. DNT Series","DNT 2100","지멘스","7월","ML0488","DNT2100-F0TP-0-K30"
"05. 세양","20. DNT Series","DNT 2100","지멘스","7월","ML0488","DNT2100-F0TP-0-K30"
"05. 세양","20. DNT Series","DNT 2100","지멘스","7월","ML0488","DNT2100-F0TP-0-K30"
"05. 세양","20. DNT Series","DNT 2100","지멘스","7월","ML0488","DNT2100-F0TP-0-K30"
"05. 세양","20. DNT Series","DNT 2100","지멘스","7월","ML0488","DNT2100-F0TP-0-K30"
"05. 세양","20. DNT Series","DNT 2100","지멘스","7월","ML0488","DNT2100-F0TP-0-K30"
"05. 세양","20. DNT Series","DNT 2100","지멘스","7월","ML0488","DNT2100-F0TP-0-K30"
"05. 세양","20. DNT Series","DNT 2100","지멘스","7월","ML0488","DNT2100-F0TP-0-K30"
"05. 세양","20. DNT Series","DNT 2100","지멘스","7월","ML0488","DNT2100-F0TP-0-K30"
"05. 세양","20. DNT Series","DNT 2100","지멘스","7월","ML0488","DNT2100-F0TP-0-K30"
"05. 세양","20. DNT Series","DNT 2100","지멘스","7월","ML0488","DNT2100-F0TP-0-K30"
"05. 세양","20. DNT Series","DNT 2100","지멘스","7월","ML0488","DNT2100-F0TP-0-K30"
"05. 세양","20. DNT Series","DNT 2100","지멘스","2월","ML0488","DNT2100-F0TP-0-K30"
"05. 세양","20. DNT Series","DNT 2100","지멘스","3월","ML0488","DNT2100-F0TP-0-K30"
"05. 세양","20. DNT Series","DNT 2100M","지멘스","2월","ML0491","DNT21MB-F0TP-0-E30"
"05. 세양","20. DNT Series","DNT 2100M","지멘스","2월","ML0491","DNT21MB-F0TP-0-E30"
"05. 세양","20. DNT Series","DNT 2100M","지멘스","2월","ML0491","DNT21MB-F0TP-0-E30"
"05. 세양","20. DNT Series","DNT 2100M","지멘스","2월","ML0491","DNT21MB-F0TP-0-E30"
"05. 세양","20. DNT Series","DNT 2100M","지멘스","2월","ML0491","DNT21MB-F0TP-0-E30"
"05. 세양","20. DNT Series","DNT 2100M","지멘스","2월","ML0491","DNT21MB-F0TP-0-E30"
"05. 세양","20. DNT Series","DNT 2100M","지멘스","2월","ML0491","DNT21MB-F0TP-0-E30"
"05. 세양","20. DNT Series","DNT 2100M","지멘스","2월","ML0491","DNT21MB-F0TP-0-E30"
"05. 세양","20. DNT Series","DNT 2100M","지멘스","2월","ML0491","DNT21MB-F0TP-0-E30"
"05. 세양","20. DNT Series","DNT 2100M","지멘스","3월","ML0491","DNT21MB-F0TP-0-E30"
"05. 세양","20. DNT Series","DNT 2100M","지멘스","3월","ML0491","DNT21MB-F0TP-0-E30"
"05. 세양","20. DNT Series","DNT 2100M","지멘스","3월","ML0491","DNT21MB-F0TP-0-E30"
"05. 세양","20. DNT Series","DNT 2100M","지멘스","3월","ML0491","DNT21MB-F0TP-0-E30"
"05. 세양","20. DNT Series","DNT 2100M","지멘스","4월","ML0491","DNT21MB-F0TP-0-E30"
"05. 세양","20. DNT Series","DNT 2100M","지멘스","4월","ML0491","DNT21MB-F0TP-0-E30"
"05. 세양","20. DNT Series","DNT 2100M","지멘스","4월","ML0491","DNT21MB-F0TP-0-E30"
"05. 세양","20. DNT Series","DNT 2100M","지멘스","4월","ML0491","DNT21MB-F0TP-0-E30"
"05. 세양","20. DNT Series","DNT 2100M","지멘스","4월","ML0491","DNT21MB-F0TP-0-E30"
"05. 세양","20. DNT Series","DNT 2100M","지멘스","4월","ML0491","DNT21MB-F0TP-0-E30"
"05. 세양","20. DNT Series","DNT 2100M","지멘스","4월","ML0491","DNT21MB-F0TP-0-E30"
"05. 세양","20. DNT Series","DNT 2100M","지멘스","4월","ML0491","DNT21MB-F0TP-0-E30"
"05. 세양","20. DNT Series","DNT 2100M","지멘스","4월","ML0491","DNT21MB-F0TP-0-E30"
"05. 세양","20. DNT Series","DNT 2100M","지멘스","4월","ML0491","DNT21MB-F0TP-0-E30"
"05. 세양","20. DNT Series","DNT 2100M","지멘스","4월","ML0491","DNT21MB-F0TP-0-E30"
"05. 세양","20. DNT Series","DNT 2100M","지멘스","5월","ML0491","DNT21MB-F0TP-0-E30"
"05. 세양","20. DNT Series","DNT 2100M","지멘스","5월","ML0491","DNT21MB-F0TP-0-E30"
"05. 세양","20. DNT Series","DNT 2100M","지멘스","5월","ML0491","DNT21MB-F0TP-0-E30"
"05. 세양","20. DNT Series","DNT 2100M","지멘스","5월","ML0491","DNT21MB-F0TP-0-E30"
"05. 세양","20. DNT Series","DNT 2100M","지멘스","5월","ML0491","DNT21MB-F0TP-0-E30"
"05. 세양","20. DNT Series","DNT 2100M","지멘스","5월","ML0491","DNT21MB-F0TP-0-E30"
"05. 세양","20. DNT Series","DNT 2100M","지멘스","5월","ML0491","DNT21MB-F0TP-0-E30"
"05. 세양","20. DNT Series","DNT 2100M","지멘스","5월","ML0491","DNT21MB-F0TP-0-E30"
"05. 세양","20. DNT Series","DNT 2100M","지멘스","5월","ML0491","DNT21MB-F0TP-0-E30"
"05. 세양","20. DNT Series","DNT 2100M","지멘스","5월","ML0491","DNT21MB-F0TP-0-E30"
"05. 세양","20. DNT Series","DNT 2100M","지멘스","5월","ML0491","DNT21MB-F0TP-0-E30"
"05. 세양","20. DNT Series","DNT 2100M","지멘스","5월","ML0491","DNT21MB-F0TP-0-E30"
"05. 세양","20. DNT Series","DNT 2100M","지멘스","5월","ML0491","DNT21MB-F0TP-0-E30"
"05. 세양","20. DNT Series","DNT 2100M","지멘스","5월","ML0491","DNT21MB-F0TP-0-E30"
"05. 세양","20. DNT Series","DNT 2100M","지멘스","6월","ML0491","DNT21MB-F0TP-0-E30"
"05. 세양","20. DNT Series","DNT 2100M","지멘스","6월","ML0491","DNT21MB-F0TP-0-E30"
"05. 세양","20. DNT Series","DNT 2100M","지멘스","6월","ML0491","DNT21MB-F0TP-0-E30"
"05. 세양","20. DNT Series","DNT 2100M","지멘스","6월","ML0491","DNT21MB-F0TP-0-E30"
"05. 세양","20. DNT Series","DNT 2100M","지멘스","6월","ML0491","DNT21MB-F0TP-0-E30"
"05. 세양","20. DNT Series","DNT 2100M","지멘스","6월","ML0491","DNT21MB-F0TP-0-E30"
"05. 세양","20. DNT Series","DNT 2100M","지멘스","6월","ML0491","DNT21MB-F0TP-0-E30"
"05. 세양","20. DNT Series","DNT 2100M","지멘스","6월","ML0491","DNT21MB-F0TP-0-E30"
"05. 세양","20. DNT Series","DNT 2100M","지멘스","6월","ML0491","DNT21MB-F0TP-0-E30"
"05. 세양","20. DNT Series","DNT 2100M","지멘스","7월","ML0491","DNT21MB-F0TP-0-E30"
"05. 세양","20. DNT Series","DNT 2100M","지멘스","7월","ML0491","DNT21MB-F0TP-0-E30"
"05. 세양","20. DNT Series","DNT 2100M","지멘스","7월","ML0491","DNT21MB-F0TP-0-E30"
"05. 세양","20. DNT Series","DNT 2100M","지멘스","7월","ML0491","DNT21MB-F0TP-0-E30"
"05. 세양","20. DNT Series","DNT 2100M","지멘스","7월","ML0491","DNT21MB-F0TP-0-E30"
"05. 세양","20. DNT Series","DNT 2100M","지멘스","7월","ML0491","DNT21MB-F0TP-0-E30"
"05. 세양","20. DNT Series","DNT 2100M","지멘스","7월","ML0491","DNT21MB-F0TP-0-E30"
"05. 세양","20. DNT Series","DNT 2100M","지멘스","2월","ML0491","DNT21MB-F0TP-0-E30"
"05. 세양","20. DNT Series","DNT 2100B","지멘스","2월","MV0000","UNMAPPED_FALLBACK"
"05. 세양","20. DNT Series","DNT 2100B","지멘스","3월","MV0000","UNMAPPED_FALLBACK"
"05. 세양","20. DNT Series","DNT 2100B","지멘스","3월","MV0000","UNMAPPED_FALLBACK"
"05. 세양","20. DNT Series","DNT 2100B","지멘스","3월","MV0000","UNMAPPED_FALLBACK"
"05. 세양","20. DNT Series","DNT 2100B","지멘스","3월","MV0000","UNMAPPED_FALLBACK"
"05. 세양","20. DNT Series","DNT 2100B","지멘스","3월","MV0000","UNMAPPED_FALLBACK"
"05. 세양","20. DNT Series","DNT 2100B","지멘스","4월","MV0000","UNMAPPED_FALLBACK"
"05. 세양","20. DNT Series","DNT 2100B","지멘스","4월","MV0000","UNMAPPED_FALLBACK"
"05. 세양","20. DNT Series","DNT 2100B","지멘스","4월","MV0000","UNMAPPED_FALLBACK"
"05. 세양","20. DNT Series","DNT 2100B","지멘스","4월","MV0000","UNMAPPED_FALLBACK"
"05. 세양","20. DNT Series","DNT 2100B","지멘스","4월","MV0000","UNMAPPED_FALLBACK"
"05. 세양","20. DNT Series","DNT 2100B","지멘스","4월","MV0000","UNMAPPED_FALLBACK"
"05. 세양","20. DNT Series","DNT 2100B","지멘스","4월","MV0000","UNMAPPED_FALLBACK"
"05. 세양","20. DNT Series","DNT 2100B","지멘스","5월","MV0000","UNMAPPED_FALLBACK"
"05. 세양","20. DNT Series","DNT 2100B","지멘스","5월","MV0000","UNMAPPED_FALLBACK"
"05. 세양","20. DNT Series","DNT 2100B","지멘스","5월","MV0000","UNMAPPED_FALLBACK"
"05. 세양","20. DNT Series","DNT 2100B","지멘스","5월","MV0000","UNMAPPED_FALLBACK"
"05. 세양","20. DNT Series","DNT 2100B","지멘스","5월","MV0000","UNMAPPED_FALLBACK"
"05. 세양","20. DNT Series","DNT 2100B","지멘스","5월","MV0000","UNMAPPED_FALLBACK"
"05. 세양","20. DNT Series","DNT 2100B","지멘스","5월","MV0000","UNMAPPED_FALLBACK"
"05. 세양","20. DNT Series","DNT 2100B","지멘스","6월","MV0000","UNMAPPED_FALLBACK"
"05. 세양","20. DNT Series","DNT 2100B","지멘스","6월","MV0000","UNMAPPED_FALLBACK"
"05. 세양","20. DNT Series","DNT 2100B","지멘스","6월","MV0000","UNMAPPED_FALLBACK"
"05. 세양","20. DNT Series","DNT 2100B","지멘스","6월","MV0000","UNMAPPED_FALLBACK"
"05. 세양","20. DNT Series","DNT 2100B","지멘스","6월","MV0000","UNMAPPED_FALLBACK"
"05. 세양","20. DNT Series","DNT 2100B","지멘스","6월","MV0000","UNMAPPED_FALLBACK"
"05. 세양","20. DNT Series","DNT 2100B","지멘스","7월","MV0000","UNMAPPED_FALLBACK"
"05. 세양","20. DNT Series","DNT 2100B","지멘스","7월","MV0000","UNMAPPED_FALLBACK"
"05. 세양","20. DNT Series","DNT 2100B","지멘스","7월","MV0000","UNMAPPED_FALLBACK"
"05. 세양","20. DNT Series","DNT 2100B","지멘스","7월","MV0000","UNMAPPED_FALLBACK"
"05. 세양","20. DNT Series","DNT 2100B","지멘스","7월","MV0000","UNMAPPED_FALLBACK"
"05. 세양","20. DNT Series","DNT 2100B","지멘스","7월","MV0000","UNMAPPED_FALLBACK"
"05. 세양","20. DNT Series","DNT 2100MB","지멘스","2월","ML0491","DNT21MB-F0TP-0-E30"
"05. 세양","20. DNT Series","DNT 2100MB","지멘스","2월","ML0491","DNT21MB-F0TP-0-E30"
"05. 세양","20. DNT Series","DNT 2100MB","지멘스","3월","ML0491","DNT21MB-F0TP-0-E30"
"05. 세양","20. DNT Series","DNT 2100MB","지멘스","4월","ML0491","DNT21MB-F0TP-0-E30"
"05. 세양","20. DNT Series","DNT 2100MB","지멘스","5월","ML0491","DNT21MB-F0TP-0-E30"
"05. 세양","20. DNT Series","DNT 2100MB","지멘스","5월","ML0491","DNT21MB-F0TP-0-E30"
"05. 세양","20. DNT Series","DNT 2100MB","지멘스","7월","ML0491","DNT21MB-F0TP-0-E30"
"05. 세양","20. DNT Series","DNT 2100MB","지멘스","7월","ML0491","DNT21MB-F0TP-0-E30"
"05. 세양","20. DNT Series","DNT 2600","지멘스","2월","ML0492","DNT2600-F0TP-0-K30"
"05. 세양","20. DNT Series","DNT 2600","지멘스","2월","ML0492","DNT2600-F0TP-0-K30"
"05. 세양","20. DNT Series","DNT 2600","지멘스","2월","ML0492","DNT2600-F0TP-0-K30"
"05. 세양","20. DNT Series","DNT 2600","지멘스","2월","ML0492","DNT2600-F0TP-0-K30"
"05. 세양","20. DNT Series","DNT 2600","지멘스","2월","ML0492","DNT2600-F0TP-0-K30"
"05. 세양","20. DNT Series","DNT 2600","지멘스","2월","ML0492","DNT2600-F0TP-0-K30"
"05. 세양","20. DNT Series","DNT 2600","지멘스","2월","ML0492","DNT2600-F0TP-0-K30"
"05. 세양","20. DNT Series","DNT 2600","지멘스","2월","ML0492","DNT2600-F0TP-0-K30"
"05. 세양","20. DNT Series","DNT 2600","지멘스","2월","ML0492","DNT2600-F0TP-0-K30"
"05. 세양","20. DNT Series","DNT 2600","지멘스","2월","ML0492","DNT2600-F0TP-0-K30"
"05. 세양","20. DNT Series","DNT 2600","지멘스","2월","ML0492","DNT2600-F0TP-0-K30"
"05. 세양","20. DNT Series","DNT 2600","지멘스","3월","ML0492","DNT2600-F0TP-0-K30"
"05. 세양","20. DNT Series","DNT 2600","지멘스","3월","ML0492","DNT2600-F0TP-0-K30"
"05. 세양","20. DNT Series","DNT 2600","지멘스","3월","ML0492","DNT2600-F0TP-0-K30"
"05. 세양","20. DNT Series","DNT 2600","지멘스","3월","ML0492","DNT2600-F0TP-0-K30"
"05. 세양","20. DNT Series","DNT 2600","지멘스","3월","ML0492","DNT2600-F0TP-0-K30"
"05. 세양","20. DNT Series","DNT 2600","지멘스","3월","ML0492","DNT2600-F0TP-0-K30"
"05. 세양","20. DNT Series","DNT 2600","지멘스","3월","ML0492","DNT2600-F0TP-0-K30"
"05. 세양","20. DNT Series","DNT 2600","지멘스","3월","ML0492","DNT2600-F0TP-0-K30"
"05. 세양","20. DNT Series","DNT 2600","지멘스","4월","ML0492","DNT2600-F0TP-0-K30"
"05. 세양","20. DNT Series","DNT 2600","지멘스","4월","ML0492","DNT2600-F0TP-0-K30"
"05. 세양","20. DNT Series","DNT 2600","지멘스","4월","ML0492","DNT2600-F0TP-0-K30"
"05. 세양","20. DNT Series","DNT 2600","지멘스","4월","ML0492","DNT2600-F0TP-0-K30"
"05. 세양","20. DNT Series","DNT 2600","지멘스","4월","ML0492","DNT2600-F0TP-0-K30"
"05. 세양","20. DNT Series","DNT 2600","지멘스","4월","ML0492","DNT2600-F0TP-0-K30"
"05. 세양","20. DNT Series","DNT 2600","지멘스","4월","ML0492","DNT2600-F0TP-0-K30"
"05. 세양","20. DNT Series","DNT 2600","지멘스","4월","ML0492","DNT2600-F0TP-0-K30"
"05. 세양","20. DNT Series","DNT 2600","지멘스","4월","ML0492","DNT2600-F0TP-0-K30"
"05. 세양","20. DNT Series","DNT 2600","지멘스","4월","ML0492","DNT2600-F0TP-0-K30"
"05. 세양","20. DNT Series","DNT 2600","지멘스","4월","ML0492","DNT2600-F0TP-0-K30"
"05. 세양","20. DNT Series","DNT 2600","지멘스","4월","ML0492","DNT2600-F0TP-0-K30"
"05. 세양","20. DNT Series","DNT 2600","지멘스","4월","ML0492","DNT2600-F0TP-0-K30"
"05. 세양","20. DNT Series","DNT 2600","지멘스","5월","ML0492","DNT2600-F0TP-0-K30"
"05. 세양","20. DNT Series","DNT 2600","지멘스","5월","ML0492","DNT2600-F0TP-0-K30"
"05. 세양","20. DNT Series","DNT 2600","지멘스","5월","ML0492","DNT2600-F0TP-0-K30"
"05. 세양","20. DNT Series","DNT 2600","지멘스","5월","ML0492","DNT2600-F0TP-0-K30"
"05. 세양","20. DNT Series","DNT 2600","지멘스","5월","ML0492","DNT2600-F0TP-0-K30"
"05. 세양","20. DNT Series","DNT 2600","지멘스","5월","ML0492","DNT2600-F0TP-0-K30"
"05. 세양","20. DNT Series","DNT 2600","지멘스","5월","ML0492","DNT2600-F0TP-0-K30"
"05. 세양","20. DNT Series","DNT 2600","지멘스","5월","ML0492","DNT2600-F0TP-0-K30"
"05. 세양","20. DNT Series","DNT 2600","지멘스","5월","ML0492","DNT2600-F0TP-0-K30"
"05. 세양","20. DNT Series","DNT 2600","지멘스","5월","ML0492","DNT2600-F0TP-0-K30"
"05. 세양","20. DNT Series","DNT 2600","지멘스","5월","ML0492","DNT2600-F0TP-0-K30"
"05. 세양","20. DNT Series","DNT 2600","지멘스","5월","ML0492","DNT2600-F0TP-0-K30"
"05. 세양","20. DNT Series","DNT 2600","지멘스","5월","ML0492","DNT2600-F0TP-0-K30"
"05. 세양","20. DNT Series","DNT 2600","지멘스","6월","ML0492","DNT2600-F0TP-0-K30"
"05. 세양","20. DNT Series","DNT 2600","지멘스","6월","ML0492","DNT2600-F0TP-0-K30"
"05. 세양","20. DNT Series","DNT 2600","지멘스","6월","ML0492","DNT2600-F0TP-0-K30"
"05. 세양","20. DNT Series","DNT 2600","지멘스","6월","ML0492","DNT2600-F0TP-0-K30"
"05. 세양","20. DNT Series","DNT 2600","지멘스","6월","ML0492","DNT2600-F0TP-0-K30"
"05. 세양","20. DNT Series","DNT 2600","지멘스","6월","ML0492","DNT2600-F0TP-0-K30"
"05. 세양","20. DNT Series","DNT 2600","지멘스","6월","ML0492","DNT2600-F0TP-0-K30"
"05. 세양","20. DNT Series","DNT 2600","지멘스","6월","ML0492","DNT2600-F0TP-0-K30"
"05. 세양","20. DNT Series","DNT 2600","지멘스","6월","ML0492","DNT2600-F0TP-0-K30"
"05. 세양","20. DNT Series","DNT 2600","지멘스","6월","ML0492","DNT2600-F0TP-0-K30"
"05. 세양","20. DNT Series","DNT 2600","지멘스","6월","ML0492","DNT2600-F0TP-0-K30"
"05. 세양","20. DNT Series","DNT 2600","지멘스","6월","ML0492","DNT2600-F0TP-0-K30"
"05. 세양","20. DNT Series","DNT 2600","지멘스","6월","ML0492","DNT2600-F0TP-0-K30"
"05. 세양","20. DNT Series","DNT 2600","지멘스","7월","ML0492","DNT2600-F0TP-0-K30"
"05. 세양","20. DNT Series","DNT 2600","지멘스","7월","ML0492","DNT2600-F0TP-0-K30"
"05. 세양","20. DNT Series","DNT 2600","지멘스","7월","ML0492","DNT2600-F0TP-0-K30"
"05. 세양","20. DNT Series","DNT 2600","지멘스","7월","ML0492","DNT2600-F0TP-0-K30"
"05. 세양","20. DNT Series","DNT 2600","지멘스","7월","ML0492","DNT2600-F0TP-0-K30"
"05. 세양","20. DNT Series","DNT 2600","지멘스","7월","ML0492","DNT2600-F0TP-0-K30"
"05. 세양","20. DNT Series","DNT 2600","지멘스","7월","ML0492","DNT2600-F0TP-0-K30"
"05. 세양","20. DNT Series","DNT 2600","지멘스","7월","ML0492","DNT2600-F0TP-0-K30"
"05. 세양","20. DNT Series","DNT 2600","지멘스","7월","ML0492","DNT2600-F0TP-0-K30"
"05. 세양","20. DNT Series","DNT 2600","지멘스","7월","ML0492","DNT2600-F0TP-0-K30"
"05. 세양","20. DNT Series","DNT 2600","지멘스","7월","ML0492","DNT2600-F0TP-0-K30"
"05. 세양","20. DNT Series","DNT 2600","지멘스","7월","ML0492","DNT2600-F0TP-0-K30"
"05. 세양","20. DNT Series","DNT 2600","지멘스","7월","ML0492","DNT2600-F0TP-0-K30"
"05. 세양","20. DNT Series","DNT 2600","지멘스","7월","ML0492","DNT2600-F0TP-0-K30"
"05. 세양","20. DNT Series","DNT 2600","지멘스","7월","ML0492","DNT2600-F0TP-0-K30"
"05. 세양","20. DNT Series","DNT 2600","지멘스","7월","ML0492","DNT2600-F0TP-0-K30"
"05. 세양","20. DNT Series","DNT 2600","지멘스","7월","ML0492","DNT2600-F0TP-0-K30"
"05. 세양","20. DNT Series","DNT 2600","지멘스","7월","ML0492","DNT2600-F0TP-0-K30"
"05. 세양","20. DNT Series","DNT 2600","지멘스","7월","ML0492","DNT2600-F0TP-0-K30"
"05. 세양","20. DNT Series","DNT 2600","지멘스","7월","ML0492","DNT2600-F0TP-0-K30"
"05. 세양","20. DNT Series","DNT 2600","지멘스","7월","ML0492","DNT2600-F0TP-0-K30"
"05. 세양","20. DNT Series","DNT 2600","지멘스","7월","ML0492","DNT2600-F0TP-0-K30"
"05. 세양","20. DNT Series","DNT 2600","지멘스","7월","ML0492","DNT2600-F0TP-0-K30"
"05. 세양","20. DNT Series","DNT 2600","지멘스","7월","ML0492","DNT2600-F0TP-0-K30"
"05. 세양","20. DNT Series","DNT 2600","지멘스","7월","ML0492","DNT2600-F0TP-0-K30"
"05. 세양","20. DNT Series","DNT 2600","지멘스","7월","ML0492","DNT2600-F0TP-0-K30"
"05. 세양","20. DNT Series","DNT 2600","지멘스","3월","ML0492","DNT2600-F0TP-0-K30"
"05. 세양","20. DNT Series","DNT 2600","지멘스","5월","ML0492","DNT2600-F0TP-0-K30"
"05. 세양","20. DNT Series","DNT 2600","지멘스","5월","ML0492","DNT2600-F0TP-0-K30"
"05. 세양","20. DNT Series","DNT 2600L","지멘스","2월","ML0495","DNT26LM-F0TP-0-K30"
"05. 세양","20. DNT Series","DNT 2600L","지멘스","2월","ML0495","DNT26LM-F0TP-0-K30"
"05. 세양","20. DNT Series","DNT 2600L","지멘스","2월","ML0495","DNT26LM-F0TP-0-K30"
"05. 세양","20. DNT Series","DNT 2600L","지멘스","2월","ML0495","DNT26LM-F0TP-0-K30"
"05. 세양","20. DNT Series","DNT 2600L","지멘스","3월","ML0495","DNT26LM-F0TP-0-K30"
"05. 세양","20. DNT Series","DNT 2600L","지멘스","3월","ML0495","DNT26LM-F0TP-0-K30"
"05. 세양","20. DNT Series","DNT 2600L","지멘스","3월","ML0495","DNT26LM-F0TP-0-K30"
"05. 세양","20. DNT Series","DNT 2600L","지멘스","3월","ML0495","DNT26LM-F0TP-0-K30"
"05. 세양","20. DNT Series","DNT 2600L","지멘스","3월","ML0495","DNT26LM-F0TP-0-K30"
"05. 세양","20. DNT Series","DNT 2600L","지멘스","3월","ML0495","DNT26LM-F0TP-0-K30"
"05. 세양","20. DNT Series","DNT 2600L","지멘스","3월","ML0495","DNT26LM-F0TP-0-K30"
"05. 세양","20. DNT Series","DNT 2600L","지멘스","3월","ML0495","DNT26LM-F0TP-0-K30"
"05. 세양","20. DNT Series","DNT 2600L","지멘스","4월","ML0495","DNT26LM-F0TP-0-K30"
"05. 세양","20. DNT Series","DNT 2600L","지멘스","4월","ML0495","DNT26LM-F0TP-0-K30"
"05. 세양","20. DNT Series","DNT 2600L","지멘스","4월","ML0495","DNT26LM-F0TP-0-K30"
"05. 세양","20. DNT Series","DNT 2600L","지멘스","4월","ML0495","DNT26LM-F0TP-0-K30"
"05. 세양","20. DNT Series","DNT 2600L","지멘스","4월","ML0495","DNT26LM-F0TP-0-K30"
"05. 세양","20. DNT Series","DNT 2600L","지멘스","4월","ML0495","DNT26LM-F0TP-0-K30"
"05. 세양","20. DNT Series","DNT 2600L","지멘스","4월","ML0495","DNT26LM-F0TP-0-K30"
"05. 세양","20. DNT Series","DNT 2600L","지멘스","5월","ML0495","DNT26LM-F0TP-0-K30"
"05. 세양","20. DNT Series","DNT 2600L","지멘스","5월","ML0495","DNT26LM-F0TP-0-K30"
"05. 세양","20. DNT Series","DNT 2600L","지멘스","5월","ML0495","DNT26LM-F0TP-0-K30"
"05. 세양","20. DNT Series","DNT 2600L","지멘스","5월","ML0495","DNT26LM-F0TP-0-K30"
"05. 세양","20. DNT Series","DNT 2600L","지멘스","5월","ML0495","DNT26LM-F0TP-0-K30"
"05. 세양","20. DNT Series","DNT 2600L","지멘스","5월","ML0495","DNT26LM-F0TP-0-K30"
"05. 세양","20. DNT Series","DNT 2600L","지멘스","5월","ML0495","DNT26LM-F0TP-0-K30"
"05. 세양","20. DNT Series","DNT 2600L","지멘스","6월","ML0495","DNT26LM-F0TP-0-K30"
"05. 세양","20. DNT Series","DNT 2600L","지멘스","6월","ML0495","DNT26LM-F0TP-0-K30"
"05. 세양","20. DNT Series","DNT 2600L","지멘스","6월","ML0495","DNT26LM-F0TP-0-K30"
"05. 세양","20. DNT Series","DNT 2600L","지멘스","6월","ML0495","DNT26LM-F0TP-0-K30"
"05. 세양","20. DNT Series","DNT 2600L","지멘스","6월","ML0495","DNT26LM-F0TP-0-K30"
"05. 세양","20. DNT Series","DNT 2600L","지멘스","6월","ML0495","DNT26LM-F0TP-0-K30"
"05. 세양","20. DNT Series","DNT 2600L","지멘스","6월","ML0495","DNT26LM-F0TP-0-K30"
"05. 세양","20. DNT Series","DNT 2600L","지멘스","6월","ML0495","DNT26LM-F0TP-0-K30"
"05. 세양","20. DNT Series","DNT 2600L","지멘스","6월","ML0495","DNT26LM-F0TP-0-K30"
"05. 세양","20. DNT Series","DNT 2600L","지멘스","6월","ML0495","DNT26LM-F0TP-0-K30"
"05. 세양","20. DNT Series","DNT 2600L","지멘스","6월","ML0495","DNT26LM-F0TP-0-K30"
"05. 세양","20. DNT Series","DNT 2600L","지멘스","6월","ML0495","DNT26LM-F0TP-0-K30"
"05. 세양","20. DNT Series","DNT 2600L","지멘스","6월","ML0495","DNT26LM-F0TP-0-K30"
"05. 세양","20. DNT Series","DNT 2600L","지멘스","6월","ML0495","DNT26LM-F0TP-0-K30"
"05. 세양","20. DNT Series","DNT 2600L","지멘스","6월","ML0495","DNT26LM-F0TP-0-K30"
"05. 세양","20. DNT Series","DNT 2600L","지멘스","7월","ML0495","DNT26LM-F0TP-0-K30"
"05. 세양","20. DNT Series","DNT 2600L","지멘스","7월","ML0495","DNT26LM-F0TP-0-K30"
"05. 세양","20. DNT Series","DNT 2600L","지멘스","7월","ML0495","DNT26LM-F0TP-0-K30"
"05. 세양","20. DNT Series","DNT 2600L","지멘스","7월","ML0495","DNT26LM-F0TP-0-K30"
"05. 세양","20. DNT Series","DNT 2600L","지멘스","7월","ML0495","DNT26LM-F0TP-0-K30"
"05. 세양","20. DNT Series","DNT 2600L","지멘스","7월","ML0495","DNT26LM-F0TP-0-K30"
"05. 세양","20. DNT Series","DNT 2600L","지멘스","7월","ML0495","DNT26LM-F0TP-0-K30"
"05. 세양","20. DNT Series","DNT 2600L","지멘스","7월","ML0495","DNT26LM-F0TP-0-K30"
"05. 세양","20. DNT Series","DNT 2600LM","지멘스","2월","ML0495","DNT26LM-F0TP-0-K30"
"05. 세양","20. DNT Series","DNT 2600LM","지멘스","2월","ML0495","DNT26LM-F0TP-0-K30"
"05. 세양","20. DNT Series","DNT 2600LM","지멘스","2월","ML0495","DNT26LM-F0TP-0-K30"
"05. 세양","20. DNT Series","DNT 2600LM","지멘스","2월","ML0495","DNT26LM-F0TP-0-K30"
"05. 세양","20. DNT Series","DNT 2600LM","지멘스","2월","ML0495","DNT26LM-F0TP-0-K30"
"05. 세양","20. DNT Series","DNT 2600LM","지멘스","2월","ML0495","DNT26LM-F0TP-0-K30"
"05. 세양","20. DNT Series","DNT 2600LM","지멘스","2월","ML0495","DNT26LM-F0TP-0-K30"
"05. 세양","20. DNT Series","DNT 2600LM","지멘스","3월","ML0495","DNT26LM-F0TP-0-K30"
"05. 세양","20. DNT Series","DNT 2600LM","지멘스","3월","ML0495","DNT26LM-F0TP-0-K30"
"05. 세양","20. DNT Series","DNT 2600LM","지멘스","3월","ML0495","DNT26LM-F0TP-0-K30"
"05. 세양","20. DNT Series","DNT 2600LM","지멘스","3월","ML0495","DNT26LM-F0TP-0-K30"
"05. 세양","20. DNT Series","DNT 2600LM","지멘스","3월","ML0495","DNT26LM-F0TP-0-K30"
"05. 세양","20. DNT Series","DNT 2600LM","지멘스","3월","ML0495","DNT26LM-F0TP-0-K30"
"05. 세양","20. DNT Series","DNT 2600LM","지멘스","4월","ML0495","DNT26LM-F0TP-0-K30"
"05. 세양","20. DNT Series","DNT 2600LM","지멘스","5월","ML0495","DNT26LM-F0TP-0-K30"
"05. 세양","20. DNT Series","DNT 2600LM","지멘스","5월","ML0495","DNT26LM-F0TP-0-K30"
"05. 세양","20. DNT Series","DNT 2600LM","지멘스","5월","ML0495","DNT26LM-F0TP-0-K30"
"05. 세양","20. DNT Series","DNT 2600LM","지멘스","6월","ML0495","DNT26LM-F0TP-0-K30"
"05. 세양","20. DNT Series","DNT 2600LM","지멘스","6월","ML0495","DNT26LM-F0TP-0-K30"
"05. 세양","20. DNT Series","DNT 2600LM","지멘스","6월","ML0495","DNT26LM-F0TP-0-K30"
"05. 세양","20. DNT Series","DNT 2600LM","지멘스","6월","ML0495","DNT26LM-F0TP-0-K30"
"05. 세양","20. DNT Series","DNT 2600LM","지멘스","7월","ML0495","DNT26LM-F0TP-0-K30"
"05. 세양","20. DNT Series","DNT 2600LM","지멘스","7월","ML0495","DNT26LM-F0TP-0-K30"
"05. 세양","20. DNT Series","DNT 2600LM","지멘스","7월","ML0495","DNT26LM-F0TP-0-K30"
"05. 세양","20. DNT Series","DNT 2600LM","지멘스","7월","ML0495","DNT26LM-F0TP-0-K30"
"05. 세양","20. DNT Series","DNT 2600LM","지멘스","2월","ML0495","DNT26LM-F0TP-0-K30"
"05. 정일","30. PV/VT Series","PUMA V400L","지멘스","2월","MT0006","PV400L-F0TP-0-K30"
"05. 정일","30. PV/VT Series","PUMA V400L","지멘스","3월","MT0006","PV400L-F0TP-0-K30"
"05. 정일","30. PV/VT Series","PUMA V400L","지멘스","3월","MT0006","PV400L-F0TP-0-K30"
"05. 정일","30. PV/VT Series","PUMA V400L","지멘스","4월","MT0006","PV400L-F0TP-0-K30"
"05. 정일","30. PV/VT Series","PUMA V400L","지멘스","4월","MT0006","PV400L-F0TP-0-K30"
"05. 정일","30. PV/VT Series","PUMA V400L","지멘스","7월","MT0006","PV400L-F0TP-0-K30"
"05. 정일","30. PV/VT Series","PUMA V400MR","지멘스","3월","MV0000","UNMAPPED_FALLBACK"
"05. 정일","30. PV/VT Series","PUMA V400MR","지멘스","3월","MV0000","UNMAPPED_FALLBACK"
"05. 정일","30. PV/VT Series","PUMA V400MR","지멘스","5월","MV0000","UNMAPPED_FALLBACK"
"05. 정일","30. PV/VT Series","PUMA V400MR","지멘스","5월","MV0000","UNMAPPED_FALLBACK"
"05. 정일","30. PV/VT Series","PUMA V400MR","지멘스","6월","MV0000","UNMAPPED_FALLBACK"
"05. 정일","30. PV/VT Series","PUMA V400R","지멘스","2월","MT0007","PV400R-F0TP-0-K30"
"05. 정일","30. PV/VT Series","PUMA V400R","지멘스","3월","MT0007","PV400R-F0TP-0-K30"
"05. 정일","30. PV/VT Series","PUMA V400R","지멘스","3월","MT0007","PV400R-F0TP-0-K30"
"05. 정일","30. PV/VT Series","PUMA V400R","지멘스","3월","MT0007","PV400R-F0TP-0-K30"
"05. 정일","30. PV/VT Series","PUMA V400R","지멘스","4월","MT0007","PV400R-F0TP-0-K30"
"05. 정일","30. PV/VT Series","PUMA V400R","지멘스","6월","MT0007","PV400R-F0TP-0-K30"
"05. 정일","30. PV/VT Series","PUMA V400R","지멘스","6월","MT0007","PV400R-F0TP-0-K30"
"05. 정일","30. PV/VT Series","PUMA V400R","지멘스","7월","MT0007","PV400R-F0TP-0-K30"
"05. 정일","30. PV/VT Series","PUMA V400R","지멘스","7월","MT0007","PV400R-F0TP-0-K30"
"05. 정일","30. PV/VT Series","PUMA V400R","지멘스","7월","MT0007","PV400R-F0TP-0-K30"
"05. 정일","30. PV/VT Series","PUMA V8300L","지멘스","2월","MT0048","PV8300L-F0TP-1-U30"
"05. 정일","30. PV/VT Series","PUMA V8300L","지멘스","3월","MT0048","PV8300L-F0TP-1-U30"
"05. 정일","30. PV/VT Series","PUMA V8300L","지멘스","3월","MT0048","PV8300L-F0TP-1-U30"
"05. 정일","30. PV/VT Series","PUMA V8300L","지멘스","3월","MT0048","PV8300L-F0TP-1-U30"
"05. 정일","30. PV/VT Series","PUMA V8300L","지멘스","3월","MT0048","PV8300L-F0TP-1-U30"
"05. 정일","30. PV/VT Series","PUMA V8300L","지멘스","3월","MT0048","PV8300L-F0TP-1-U30"
"05. 정일","30. PV/VT Series","PUMA V8300L","지멘스","4월","MT0048","PV8300L-F0TP-1-U30"
"05. 정일","30. PV/VT Series","PUMA V8300L","지멘스","4월","MT0048","PV8300L-F0TP-1-U30"
"05. 정일","30. PV/VT Series","PUMA V8300L","지멘스","4월","MT0048","PV8300L-F0TP-1-U30"
"05. 정일","30. PV/VT Series","PUMA V8300L","지멘스","5월","MT0048","PV8300L-F0TP-1-U30"
"05. 정일","30. PV/VT Series","PUMA V8300L","지멘스","5월","MT0048","PV8300L-F0TP-1-U30"
"05. 정일","30. PV/VT Series","PUMA V8300L","지멘스","5월","MT0048","PV8300L-F0TP-1-U30"
"05. 정일","30. PV/VT Series","PUMA V8300L","지멘스","5월","MT0048","PV8300L-F0TP-1-U30"
"05. 정일","30. PV/VT Series","PUMA V8300L","지멘스","6월","MT0048","PV8300L-F0TP-1-U30"
"05. 정일","30. PV/VT Series","PUMA V8300L","지멘스","6월","MT0048","PV8300L-F0TP-1-U30"
"05. 정일","30. PV/VT Series","PUMA V8300L","지멘스","7월","MT0048","PV8300L-F0TP-1-U30"
"05. 정일","30. PV/VT Series","PUMA V8300L","지멘스","7월","MT0048","PV8300L-F0TP-1-U30"
"05. 정일","30. PV/VT Series","PUMA V8300L","지멘스","7월","MT0048","PV8300L-F0TP-1-U30"
"05. 정일","30. PV/VT Series","PUMA V8300L","지멘스","7월","MT0048","PV8300L-F0TP-1-U30"
"05. 정일","30. PV/VT Series","PUMA V8300ML","지멘스","2월","MV0000","UNMAPPED_FALLBACK"
"05. 정일","30. PV/VT Series","PUMA V8300ML","지멘스","2월","MV0000","UNMAPPED_FALLBACK"
"05. 정일","30. PV/VT Series","PUMA V8300ML","지멘스","5월","MV0000","UNMAPPED_FALLBACK"
"05. 정일","30. PV/VT Series","PUMA V8300ML","지멘스","5월","MV0000","UNMAPPED_FALLBACK"
"05. 정일","30. PV/VT Series","PUMA V8300ML","지멘스","5월","MV0000","UNMAPPED_FALLBACK"
"05. 정일","30. PV/VT Series","PUMA V8300MR","지멘스","3월","MV0000","UNMAPPED_FALLBACK"
"05. 정일","30. PV/VT Series","PUMA V8300MR","지멘스","3월","MV0000","UNMAPPED_FALLBACK"
"05. 정일","30. PV/VT Series","PUMA V8300MR","지멘스","3월","MV0000","UNMAPPED_FALLBACK"
"05. 정일","30. PV/VT Series","PUMA V8300MR","지멘스","4월","MV0000","UNMAPPED_FALLBACK"
"05. 정일","30. PV/VT Series","PUMA V8300MR","지멘스","4월","MV0000","UNMAPPED_FALLBACK"
"05. 정일","30. PV/VT Series","PUMA V8300MR","지멘스","4월","MV0000","UNMAPPED_FALLBACK"
"05. 정일","30. PV/VT Series","PUMA V8300MR","지멘스","5월","MV0000","UNMAPPED_FALLBACK"
"05. 정일","30. PV/VT Series","PUMA V8300MR","지멘스","6월","MV0000","UNMAPPED_FALLBACK"
"05. 정일","30. PV/VT Series","PUMA V8300MR","지멘스","6월","MV0000","UNMAPPED_FALLBACK"
"05. 정일","30. PV/VT Series","PUMA V8300MR","지멘스","7월","MV0000","UNMAPPED_FALLBACK"
"05. 정일","30. PV/VT Series","PUMA V8300MR","지멘스","7월","MV0000","UNMAPPED_FALLBACK"
"05. 정일","30. PV/VT Series","PUMA V8300MR","지멘스","7월","MV0000","UNMAPPED_FALLBACK"
"05. 정일","30. PV/VT Series","PUMA V8300MR","지멘스","7월","MV0000","UNMAPPED_FALLBACK"
"05. 정일","30. PV/VT Series","PUMA V8300MR","지멘스","7월","MV0000","UNMAPPED_FALLBACK"
"05. 정일","30. PV/VT Series","PUMA V8300R","지멘스","2월","MT0049","PV8300R-F0TP-0-K30"
"05. 정일","30. PV/VT Series","PUMA V8300R","지멘스","2월","MT0049","PV8300R-F0TP-0-K30"
"05. 정일","30. PV/VT Series","PUMA V8300R","지멘스","2월","MT0049","PV8300R-F0TP-0-K30"
"05. 정일","30. PV/VT Series","PUMA V8300R","지멘스","2월","MT0049","PV8300R-F0TP-0-K30"
"05. 정일","30. PV/VT Series","PUMA V8300R","지멘스","2월","MT0049","PV8300R-F0TP-0-K30"
"05. 정일","30. PV/VT Series","PUMA V8300R","지멘스","2월","MT0049","PV8300R-F0TP-0-K30"
"05. 정일","30. PV/VT Series","PUMA V8300R","지멘스","2월","MT0049","PV8300R-F0TP-0-K30"
"05. 정일","30. PV/VT Series","PUMA V8300R","지멘스","3월","MT0049","PV8300R-F0TP-0-K30"
"05. 정일","30. PV/VT Series","PUMA V8300R","지멘스","3월","MT0049","PV8300R-F0TP-0-K30"
"05. 정일","30. PV/VT Series","PUMA V8300R","지멘스","3월","MT0049","PV8300R-F0TP-0-K30"
"05. 정일","30. PV/VT Series","PUMA V8300R","지멘스","3월","MT0049","PV8300R-F0TP-0-K30"
"05. 정일","30. PV/VT Series","PUMA V8300R","지멘스","3월","MT0049","PV8300R-F0TP-0-K30"
"05. 정일","30. PV/VT Series","PUMA V8300R","지멘스","3월","MT0049","PV8300R-F0TP-0-K30"
"05. 정일","30. PV/VT Series","PUMA V8300R","지멘스","3월","MT0049","PV8300R-F0TP-0-K30"
"05. 정일","30. PV/VT Series","PUMA V8300R","지멘스","3월","MT0049","PV8300R-F0TP-0-K30"
"05. 정일","30. PV/VT Series","PUMA V8300R","지멘스","3월","MT0049","PV8300R-F0TP-0-K30"
"05. 정일","30. PV/VT Series","PUMA V8300R","지멘스","3월","MT0049","PV8300R-F0TP-0-K30"
"05. 정일","30. PV/VT Series","PUMA V8300R","지멘스","3월","MT0049","PV8300R-F0TP-0-K30"
"05. 정일","30. PV/VT Series","PUMA V8300R","지멘스","3월","MT0049","PV8300R-F0TP-0-K30"
"05. 정일","30. PV/VT Series","PUMA V8300R","지멘스","3월","MT0049","PV8300R-F0TP-0-K30"
"05. 정일","30. PV/VT Series","PUMA V8300R","지멘스","4월","MT0049","PV8300R-F0TP-0-K30"
"05. 정일","30. PV/VT Series","PUMA V8300R","지멘스","4월","MT0049","PV8300R-F0TP-0-K30"
"05. 정일","30. PV/VT Series","PUMA V8300R","지멘스","4월","MT0049","PV8300R-F0TP-0-K30"
"05. 정일","30. PV/VT Series","PUMA V8300R","지멘스","4월","MT0049","PV8300R-F0TP-0-K30"
"05. 정일","30. PV/VT Series","PUMA V8300R","지멘스","4월","MT0049","PV8300R-F0TP-0-K30"
"05. 정일","30. PV/VT Series","PUMA V8300R","지멘스","4월","MT0049","PV8300R-F0TP-0-K30"
"05. 정일","30. PV/VT Series","PUMA V8300R","지멘스","4월","MT0049","PV8300R-F0TP-0-K30"
"05. 정일","30. PV/VT Series","PUMA V8300R","지멘스","5월","MT0049","PV8300R-F0TP-0-K30"
"05. 정일","30. PV/VT Series","PUMA V8300R","지멘스","6월","MT0049","PV8300R-F0TP-0-K30"
"05. 정일","30. PV/VT Series","PUMA V8300R","지멘스","6월","MT0049","PV8300R-F0TP-0-K30"
"05. 정일","30. PV/VT Series","PUMA V8300R","지멘스","6월","MT0049","PV8300R-F0TP-0-K30"
"05. 정일","30. PV/VT Series","PUMA V8300R","지멘스","7월","MT0049","PV8300R-F0TP-0-K30"
"05. 정일","30. PV/VT Series","PUMA V8300R","지멘스","7월","MT0049","PV8300R-F0TP-0-K30"
"05. 정일","30. PV/VT Series","PUMA V8300R","지멘스","7월","MT0049","PV8300R-F0TP-0-K30"
"05. 정일","30. PV/VT Series","PUMA V8300R","지멘스","7월","MT0049","PV8300R-F0TP-0-K30"
"05. 정일","30. PV/VT Series","PUMA V8300R","지멘스","7월","MT0049","PV8300R-F0TP-0-K30"
"05. 정일","30. PV/VT Series","PUMA V8300R","지멘스","7월","MT0049","PV8300R-F0TP-0-K30"
"05. 정일","30. PV/VT Series","PV 9300ML","SONE","6월","MV0000","UNMAPPED_FALLBACK"
"05. 정일","30. PV/VT Series","PV 9300MR","SONE","2월","MV0000","UNMAPPED_FALLBACK"
"05. 정일","30. PV/VT Series","PV 9300MR","SONE","3월","MV0000","UNMAPPED_FALLBACK"
"05. 정일","30. PV/VT Series","PV 9300MR","SONE","3월","MV0000","UNMAPPED_FALLBACK"
"05. 정일","30. PV/VT Series","PV 9300MR","SONE","3월","MV0000","UNMAPPED_FALLBACK"
"05. 정일","30. PV/VT Series","PV 9300MR","SONE","3월","MV0000","UNMAPPED_FALLBACK"
"05. 정일","30. PV/VT Series","PV 9300MR","SONE","3월","MV0000","UNMAPPED_FALLBACK"
"05. 정일","30. PV/VT Series","PV 9300MR","SONE","3월","MV0000","UNMAPPED_FALLBACK"
"05. 정일","30. PV/VT Series","PV 9300MR","SONE","3월","MV0000","UNMAPPED_FALLBACK"
"05. 정일","30. PV/VT Series","PV 9300MR","SONE","4월","MV0000","UNMAPPED_FALLBACK"
"05. 정일","30. PV/VT Series","PV 9300MR","SONE","4월","MV0000","UNMAPPED_FALLBACK"
"05. 정일","30. PV/VT Series","PV 9300MR","SONE","4월","MV0000","UNMAPPED_FALLBACK"
"05. 정일","30. PV/VT Series","PV 9300MR","SONE","4월","MV0000","UNMAPPED_FALLBACK"
"05. 정일","30. PV/VT Series","PV 9300MR","SONE","5월","MV0000","UNMAPPED_FALLBACK"
"05. 정일","30. PV/VT Series","PV 9300MR","SONE","5월","MV0000","UNMAPPED_FALLBACK"
"05. 정일","30. PV/VT Series","PV 9300MR","SONE","5월","MV0000","UNMAPPED_FALLBACK"
"05. 정일","30. PV/VT Series","PV 9300MR","SONE","6월","MV0000","UNMAPPED_FALLBACK"
"05. 정일","30. PV/VT Series","PV 9300MR","SONE","6월","MV0000","UNMAPPED_FALLBACK"
"05. 정일","30. PV/VT Series","PV 9300MR","SONE","7월","MV0000","UNMAPPED_FALLBACK"
"05. 정일","30. PV/VT Series","PV 9300MR","SONE","7월","MV0000","UNMAPPED_FALLBACK"
"05. 정일","30. PV/VT Series","PV 9300MR","SONE","7월","MV0000","UNMAPPED_FALLBACK"
"05. 정일","30. PV/VT Series","PV 9300MR","SONE","7월","MV0000","UNMAPPED_FALLBACK"
"05. 정일","30. PV/VT Series","PV 9300MR","SONE","6월","MV0000","UNMAPPED_FALLBACK"
"05. 정일","30. PV/VT Series","PV 9300R","SONE","2월","MT0078","PV9300R-F0TP-0-K30"
"05. 정일","30. PV/VT Series","PV 9300R","SONE","3월","MT0078","PV9300R-F0TP-0-K30"
"05. 정일","30. PV/VT Series","PV 9300R","SONE","5월","MT0078","PV9300R-F0TP-0-K30"
"05. 정일","30. PV/VT Series","PV 9300R","SONE","6월","MT0078","PV9300R-F0TP-0-K30"
"05. 정일","30. PV/VT Series","PV 9300R","SONE","6월","MT0078","PV9300R-F0TP-0-K30"
"05. 정일","30. PV/VT Series","PV 9300R","SONE","7월","MT0078","PV9300R-F0TP-0-K30"
"05. 정일","30. PV/VT Series","PV 9300R","지멘스","6월","MT0078","PV9300R-F0TP-0-K30"
"05. 정일","30. PV/VT Series","PUMA V400PL","지멘스","2월","MV0000","UNMAPPED_FALLBACK"
"05. 정일","30. PV/VT Series","PUMA V400PL","지멘스","2월","MV0000","UNMAPPED_FALLBACK"
"05. 정일","30. PV/VT Series","PV 6300R","지멘스","2월","MT0089","PV6300R-F0TP-0-K30"
"05. 정일","30. PV/VT Series","PV 6300R","지멘스","3월","MT0089","PV6300R-F0TP-0-K30"
"05. 정일","30. PV/VT Series","PV 6300R","지멘스","5월","MT0089","PV6300R-F0TP-0-K30"
"05. 정일","30. PV/VT Series","PV 6300R","지멘스","5월","MT0089","PV6300R-F0TP-0-K30"
"05. 정일","30. PV/VT Series","PV 6300R","지멘스","6월","MT0089","PV6300R-F0TP-0-K30"
"05. 정일","30. PV/VT Series","PV 6300R","지멘스","6월","MT0089","PV6300R-F0TP-0-K30"
"05. 정일","30. PV/VT Series","PV 6300R","지멘스","6월","MT0089","PV6300R-F0TP-0-K30"
"05. 정일","30. PV/VT Series","PV 6300R","지멘스","6월","MT0089","PV6300R-F0TP-0-K30"
"05. 정일","30. PV/VT Series","PV 6300R","지멘스","6월","MT0089","PV6300R-F0TP-0-K30"
"05. 정일","30. PV/VT Series","PV 6300R","지멘스","7월","MT0089","PV6300R-F0TP-0-K30"
"05. 정일","30. PV/VT Series","PV 6300MR","지멘스","2월","MV0000","UNMAPPED_FALLBACK"
"05. 정일","30. PV/VT Series","PV 6300MR","지멘스","2월","MV0000","UNMAPPED_FALLBACK"
"05. 정일","30. PV/VT Series","PV 6300MR","지멘스","2월","MV0000","UNMAPPED_FALLBACK"
"05. 정일","30. PV/VT Series","PV 6300MR","지멘스","5월","MV0000","UNMAPPED_FALLBACK"
"05. 정일","30. PV/VT Series","PV 6300MR","지멘스","5월","MV0000","UNMAPPED_FALLBACK"
"05. 정일","30. PV/VT Series","PV 6300MR","지멘스","6월","MV0000","UNMAPPED_FALLBACK"
"05. 정일","30. PV/VT Series","PV 6300MR","지멘스","6월","MV0000","UNMAPPED_FALLBACK"
"05. 정일","30. PV/VT Series","PV 6300L","지멘스","2월","MT0088","PV6300L-F0TP-0-K30"
"05. 정일","30. PV/VT Series","PV 6300ML","지멘스","2월","MV0000","UNMAPPED_FALLBACK"
"05. 정일","30. PV/VT Series","PV 6300ML","지멘스","2월","MV0000","UNMAPPED_FALLBACK"
"05. 정일","30. PV/VT Series","PUMA V400PR","지멘스","2월","MV0000","UNMAPPED_FALLBACK"
"05. 정일","30. PV/VT Series","PUMA V400PR","지멘스","2월","MV0000","UNMAPPED_FALLBACK"
"05. 정일","30. PV/VT Series","PUMA V400ML","지멘스","5월","MV0000","UNMAPPED_FALLBACK"
"05. 정일","30. PV/VT Series","PUMA V400ML","지멘스","6월","MV0000","UNMAPPED_FALLBACK"
"06. 원진","20. New LYNX Series","LYNX2100LSYA","지멘스","2월","MV0000","UNMAPPED_FALLBACK"
"06. 원진","20. New LYNX Series","LYNX2100LSYA","지멘스","2월","MV0000","UNMAPPED_FALLBACK"
"06. 원진","20. New LYNX Series","LYNX2100LSYA","지멘스","2월","MV0000","UNMAPPED_FALLBACK"
"06. 원진","20. New LYNX Series","LYNX2100LSYA","지멘스","2월","MV0000","UNMAPPED_FALLBACK"
"06. 원진","20. New LYNX Series","LYNX2100LSYA","지멘스","2월","MV0000","UNMAPPED_FALLBACK"
"06. 원진","20. New LYNX Series","LYNX2100LSYA","지멘스","3월","MV0000","UNMAPPED_FALLBACK"
"06. 원진","20. New LYNX Series","LYNX2100LSYA","지멘스","3월","MV0000","UNMAPPED_FALLBACK"
"06. 원진","20. New LYNX Series","LYNX2100LSYA","지멘스","3월","MV0000","UNMAPPED_FALLBACK"
"06. 원진","20. New LYNX Series","LYNX2100LSYA","지멘스","3월","MV0000","UNMAPPED_FALLBACK"
"06. 원진","20. New LYNX Series","LYNX2100LSYA","지멘스","4월","MV0000","UNMAPPED_FALLBACK"
"06. 원진","20. New LYNX Series","LYNX2100LSYA","지멘스","4월","MV0000","UNMAPPED_FALLBACK"
"06. 원진","20. New LYNX Series","LYNX2100LSYA","지멘스","5월","MV0000","UNMAPPED_FALLBACK"
"06. 원진","20. New LYNX Series","LYNX2100LSYA","지멘스","6월","MV0000","UNMAPPED_FALLBACK"
"06. 원진","20. New LYNX Series","LYNX2100LSYA","지멘스","6월","MV0000","UNMAPPED_FALLBACK"
"06. 원진","20. New LYNX Series","LYNX2100LSYA","지멘스","6월","MV0000","UNMAPPED_FALLBACK"
"06. 원진","20. New LYNX Series","LYNX2100LSYA","지멘스","6월","MV0000","UNMAPPED_FALLBACK"
"06. 원진","20. New LYNX Series","LYNX2100LSYA","지멘스","6월","MV0000","UNMAPPED_FALLBACK"
"06. 원진","20. New LYNX Series","LYNX2100LSYA","지멘스","6월","MV0000","UNMAPPED_FALLBACK"
"06. 원진","20. New LYNX Series","LYNX2100LSYA","지멘스","7월","MV0000","UNMAPPED_FALLBACK"
"06. 원진","20. New LYNX Series","LYNX2100LSYA","지멘스","7월","MV0000","UNMAPPED_FALLBACK"
"06. 원진","20. New LYNX Series","LYNX2100LSYA","지멘스","7월","MV0000","UNMAPPED_FALLBACK"
"06. 원진","20. New LYNX Series","LYNX2100LSYA","지멘스","7월","MV0000","UNMAPPED_FALLBACK"
"06. 원진","20. New LYNX Series","LYNX2100LSYB","지멘스","2월","MV0000","UNMAPPED_FALLBACK"
"06. 원진","20. New LYNX Series","LYNX2100LSYB","지멘스","2월","MV0000","UNMAPPED_FALLBACK"
"06. 원진","20. New LYNX Series","LYNX2100LSYB","지멘스","2월","MV0000","UNMAPPED_FALLBACK"
"06. 원진","20. New LYNX Series","LYNX2100LSYB","지멘스","2월","MV0000","UNMAPPED_FALLBACK"
"06. 원진","20. New LYNX Series","LYNX2100LSYB","지멘스","2월","MV0000","UNMAPPED_FALLBACK"
"06. 원진","20. New LYNX Series","LYNX2100LSYB","지멘스","2월","MV0000","UNMAPPED_FALLBACK"
"06. 원진","20. New LYNX Series","LYNX2100LSYB","지멘스","2월","MV0000","UNMAPPED_FALLBACK"
"06. 원진","20. New LYNX Series","LYNX2100LSYB","지멘스","2월","MV0000","UNMAPPED_FALLBACK"
"06. 원진","20. New LYNX Series","LYNX2100LSYB","지멘스","2월","MV0000","UNMAPPED_FALLBACK"
"06. 원진","20. New LYNX Series","LYNX2100LSYB","지멘스","2월","MV0000","UNMAPPED_FALLBACK"
"06. 원진","20. New LYNX Series","LYNX2100LSYB","지멘스","2월","MV0000","UNMAPPED_FALLBACK"
"06. 원진","20. New LYNX Series","LYNX2100LSYB","지멘스","3월","MV0000","UNMAPPED_FALLBACK"
"06. 원진","20. New LYNX Series","LYNX2100LSYB","지멘스","3월","MV0000","UNMAPPED_FALLBACK"
"06. 원진","20. New LYNX Series","LYNX2100LSYB","지멘스","3월","MV0000","UNMAPPED_FALLBACK"
"06. 원진","20. New LYNX Series","LYNX2100LSYB","지멘스","3월","MV0000","UNMAPPED_FALLBACK"
"06. 원진","20. New LYNX Series","LYNX2100LSYB","지멘스","3월","MV0000","UNMAPPED_FALLBACK"
"06. 원진","20. New LYNX Series","LYNX2100LSYB","지멘스","3월","MV0000","UNMAPPED_FALLBACK"
"06. 원진","20. New LYNX Series","LYNX2100LSYB","지멘스","3월","MV0000","UNMAPPED_FALLBACK"
"06. 원진","20. New LYNX Series","LYNX2100LSYB","지멘스","3월","MV0000","UNMAPPED_FALLBACK"
"06. 원진","20. New LYNX Series","LYNX2100LSYB","지멘스","3월","MV0000","UNMAPPED_FALLBACK"
"06. 원진","20. New LYNX Series","LYNX2100LSYB","지멘스","4월","MV0000","UNMAPPED_FALLBACK"
"06. 원진","20. New LYNX Series","LYNX2100LSYB","지멘스","4월","MV0000","UNMAPPED_FALLBACK"
"06. 원진","20. New LYNX Series","LYNX2100LSYB","지멘스","4월","MV0000","UNMAPPED_FALLBACK"
"06. 원진","20. New LYNX Series","LYNX2100LSYB","지멘스","4월","MV0000","UNMAPPED_FALLBACK"
"06. 원진","20. New LYNX Series","LYNX2100LSYB","지멘스","4월","MV0000","UNMAPPED_FALLBACK"
"06. 원진","20. New LYNX Series","LYNX2100LSYB","지멘스","4월","MV0000","UNMAPPED_FALLBACK"
"06. 원진","20. New LYNX Series","LYNX2100LSYB","지멘스","4월","MV0000","UNMAPPED_FALLBACK"
"06. 원진","20. New LYNX Series","LYNX2100LSYB","지멘스","4월","MV0000","UNMAPPED_FALLBACK"
"06. 원진","20. New LYNX Series","LYNX2100LSYB","지멘스","5월","MV0000","UNMAPPED_FALLBACK"
"06. 원진","20. New LYNX Series","LYNX2100LSYB","지멘스","5월","MV0000","UNMAPPED_FALLBACK"
"06. 원진","20. New LYNX Series","LYNX2100LSYB","지멘스","5월","MV0000","UNMAPPED_FALLBACK"
"06. 원진","20. New LYNX Series","LYNX2100LSYB","지멘스","5월","MV0000","UNMAPPED_FALLBACK"
"06. 원진","20. New LYNX Series","LYNX2100LSYB","지멘스","5월","MV0000","UNMAPPED_FALLBACK"
"06. 원진","20. New LYNX Series","LYNX2100LSYB","지멘스","6월","MV0000","UNMAPPED_FALLBACK"
"06. 원진","20. New LYNX Series","LYNX2100LSYB","지멘스","6월","MV0000","UNMAPPED_FALLBACK"
"06. 원진","20. New LYNX Series","LYNX2100LSYB","지멘스","6월","MV0000","UNMAPPED_FALLBACK"
"06. 원진","20. New LYNX Series","LYNX2100LSYB","지멘스","6월","MV0000","UNMAPPED_FALLBACK"
"06. 원진","20. New LYNX Series","LYNX2100LSYB","지멘스","6월","MV0000","UNMAPPED_FALLBACK"
"06. 원진","20. New LYNX Series","LYNX2100LSYB","지멘스","6월","MV0000","UNMAPPED_FALLBACK"
"06. 원진","20. New LYNX Series","LYNX2100LSYB","지멘스","6월","MV0000","UNMAPPED_FALLBACK"
"06. 원진","20. New LYNX Series","LYNX2100LSYB","지멘스","6월","MV0000","UNMAPPED_FALLBACK"
"06. 원진","20. New LYNX Series","LYNX2100LSYB","지멘스","6월","MV0000","UNMAPPED_FALLBACK"
"06. 원진","20. New LYNX Series","LYNX2100LSYB","지멘스","6월","MV0000","UNMAPPED_FALLBACK"
"06. 원진","20. New LYNX Series","LYNX2100LSYB","지멘스","6월","MV0000","UNMAPPED_FALLBACK"
"06. 원진","20. New LYNX Series","LYNX2100LSYB","지멘스","6월","MV0000","UNMAPPED_FALLBACK"
"06. 원진","20. New LYNX Series","LYNX2100LSYB","지멘스","6월","MV0000","UNMAPPED_FALLBACK"
"06. 원진","20. New LYNX Series","LYNX2100LSYB","지멘스","6월","MV0000","UNMAPPED_FALLBACK"
"06. 원진","20. New LYNX Series","LYNX2100LSYB","지멘스","6월","MV0000","UNMAPPED_FALLBACK"
"06. 원진","20. New LYNX Series","LYNX2100LSYB","지멘스","6월","MV0000","UNMAPPED_FALLBACK"
"06. 원진","20. New LYNX Series","LYNX2100LSYB","지멘스","7월","MV0000","UNMAPPED_FALLBACK"
"06. 원진","20. New LYNX Series","LYNX2100LSYB","지멘스","7월","MV0000","UNMAPPED_FALLBACK"
"06. 원진","20. New LYNX Series","LYNX2100LSYB","지멘스","7월","MV0000","UNMAPPED_FALLBACK"
"06. 원진","20. New LYNX Series","LYNX2100LSYB","지멘스","7월","MV0000","UNMAPPED_FALLBACK"
"06. 원진","20. New LYNX Series","LYNX2100LSYB","지멘스","2월","MV0000","UNMAPPED_FALLBACK"
"06. 원진","20. New LYNX Series","LYNX2100LSYB","지멘스","2월","MV0000","UNMAPPED_FALLBACK"
"06. 원진","20. New LYNX Series","LYNX2100LSYB","지멘스","2월","MV0000","UNMAPPED_FALLBACK"
"06. 원진","20. New LYNX Series","LYNX2100LSYB","지멘스","3월","MV0000","UNMAPPED_FALLBACK"
"06. 원진","20. New LYNX Series","LYNX2100LSYB","지멘스","3월","MV0000","UNMAPPED_FALLBACK"
"06. 원진","20. New LYNX Series","LYNX2100LSYB","지멘스","3월","MV0000","UNMAPPED_FALLBACK"
"06. 원진","20. New LYNX Series","LYNX2100LSYB","지멘스","3월","MV0000","UNMAPPED_FALLBACK"
"06. 원진","20. New LYNX Series","LYNX2100LSYB","지멘스","4월","MV0000","UNMAPPED_FALLBACK"
"06. 원진","20. New LYNX Series","LYNX2100LSYB","지멘스","4월","MV0000","UNMAPPED_FALLBACK"
"06. 원진","20. New LYNX Series","LYNX2100LSYB","지멘스","5월","MV0000","UNMAPPED_FALLBACK"
"06. 원진","20. New LYNX Series","LYNX2100LSYB","지멘스","5월","MV0000","UNMAPPED_FALLBACK"
"06. 원진","20. New LYNX Series","LYNX2100LSYB","지멘스","5월","MV0000","UNMAPPED_FALLBACK"
"06. 원진","20. New LYNX Series","LYNX2100LSYB","지멘스","5월","MV0000","UNMAPPED_FALLBACK"
"06. 원진","20. New LYNX Series","LYNX2100LSYB","지멘스","6월","MV0000","UNMAPPED_FALLBACK"
"06. 원진","20. New LYNX Series","LYNX2100LSYB","지멘스","7월","MV0000","UNMAPPED_FALLBACK"
"06. 원진","20. New LYNX Series","LYNX2100LSYB","지멘스","7월","MV0000","UNMAPPED_FALLBACK"
"06. 원진","20. New LYNX Series","LYNX2100LYA","지멘스","2월","MV0000","UNMAPPED_FALLBACK"
"06. 원진","20. New LYNX Series","LYNX2100LYA","지멘스","2월","MV0000","UNMAPPED_FALLBACK"
"06. 원진","20. New LYNX Series","LYNX2100LYA","지멘스","2월","MV0000","UNMAPPED_FALLBACK"
"06. 원진","20. New LYNX Series","LYNX2100LYA","지멘스","3월","MV0000","UNMAPPED_FALLBACK"
"06. 원진","20. New LYNX Series","LYNX2100LYA","지멘스","3월","MV0000","UNMAPPED_FALLBACK"
"06. 원진","20. New LYNX Series","LYNX2100LYA","지멘스","3월","MV0000","UNMAPPED_FALLBACK"
"06. 원진","20. New LYNX Series","LYNX2100LYA","지멘스","4월","MV0000","UNMAPPED_FALLBACK"
"06. 원진","20. New LYNX Series","LYNX2100LYA","지멘스","4월","MV0000","UNMAPPED_FALLBACK"
"06. 원진","20. New LYNX Series","LYNX2100LYA","지멘스","4월","MV0000","UNMAPPED_FALLBACK"
"06. 원진","20. New LYNX Series","LYNX2100LYA","지멘스","4월","MV0000","UNMAPPED_FALLBACK"
"06. 원진","20. New LYNX Series","LYNX2100LYA","지멘스","5월","MV0000","UNMAPPED_FALLBACK"
"06. 원진","20. New LYNX Series","LYNX2100LYA","지멘스","6월","MV0000","UNMAPPED_FALLBACK"
"06. 원진","20. New LYNX Series","LYNX2100LYA","지멘스","6월","MV0000","UNMAPPED_FALLBACK"
"06. 원진","20. New LYNX Series","LYNX2100LYA","지멘스","6월","MV0000","UNMAPPED_FALLBACK"
"06. 원진","20. New LYNX Series","LYNX2100LYA","지멘스","6월","MV0000","UNMAPPED_FALLBACK"
"06. 원진","20. New LYNX Series","LYNX2100LYA","지멘스","4월","MV0000","UNMAPPED_FALLBACK"
"06. 원진","20. New LYNX Series","LYNX2100LYA","지멘스","5월","MV0000","UNMAPPED_FALLBACK"
"06. 원진","20. New LYNX Series","LYNX2100LYA","지멘스","5월","MV0000","UNMAPPED_FALLBACK"
"06. 원진","20. New LYNX Series","LYNX2100LYB","지멘스","2월","MV0000","UNMAPPED_FALLBACK"
"06. 원진","20. New LYNX Series","LYNX2100LYB","지멘스","2월","MV0000","UNMAPPED_FALLBACK"
"06. 원진","20. New LYNX Series","LYNX2100LYB","지멘스","2월","MV0000","UNMAPPED_FALLBACK"
"06. 원진","20. New LYNX Series","LYNX2100LYB","지멘스","2월","MV0000","UNMAPPED_FALLBACK"
"06. 원진","20. New LYNX Series","LYNX2100LYB","지멘스","2월","MV0000","UNMAPPED_FALLBACK"
"06. 원진","20. New LYNX Series","LYNX2100LYB","지멘스","2월","MV0000","UNMAPPED_FALLBACK"
"06. 원진","20. New LYNX Series","LYNX2100LYB","지멘스","2월","MV0000","UNMAPPED_FALLBACK"
"06. 원진","20. New LYNX Series","LYNX2100LYB","지멘스","2월","MV0000","UNMAPPED_FALLBACK"
"06. 원진","20. New LYNX Series","LYNX2100LYB","지멘스","3월","MV0000","UNMAPPED_FALLBACK"
"06. 원진","20. New LYNX Series","LYNX2100LYB","지멘스","3월","MV0000","UNMAPPED_FALLBACK"
"06. 원진","20. New LYNX Series","LYNX2100LYB","지멘스","3월","MV0000","UNMAPPED_FALLBACK"
"06. 원진","20. New LYNX Series","LYNX2100LYB","지멘스","3월","MV0000","UNMAPPED_FALLBACK"
"06. 원진","20. New LYNX Series","LYNX2100LYB","지멘스","3월","MV0000","UNMAPPED_FALLBACK"
"06. 원진","20. New LYNX Series","LYNX2100LYB","지멘스","3월","MV0000","UNMAPPED_FALLBACK"
"06. 원진","20. New LYNX Series","LYNX2100LYB","지멘스","3월","MV0000","UNMAPPED_FALLBACK"
"06. 원진","20. New LYNX Series","LYNX2100LYB","지멘스","3월","MV0000","UNMAPPED_FALLBACK"
"06. 원진","20. New LYNX Series","LYNX2100LYB","지멘스","3월","MV0000","UNMAPPED_FALLBACK"
"06. 원진","20. New LYNX Series","LYNX2100LYB","지멘스","3월","MV0000","UNMAPPED_FALLBACK"
"06. 원진","20. New LYNX Series","LYNX2100LYB","지멘스","4월","MV0000","UNMAPPED_FALLBACK"
"06. 원진","20. New LYNX Series","LYNX2100LYB","지멘스","4월","MV0000","UNMAPPED_FALLBACK"
"06. 원진","20. New LYNX Series","LYNX2100LYB","지멘스","4월","MV0000","UNMAPPED_FALLBACK"
"06. 원진","20. New LYNX Series","LYNX2100LYB","지멘스","4월","MV0000","UNMAPPED_FALLBACK"
"06. 원진","20. New LYNX Series","LYNX2100LYB","지멘스","4월","MV0000","UNMAPPED_FALLBACK"
"06. 원진","20. New LYNX Series","LYNX2100LYB","지멘스","4월","MV0000","UNMAPPED_FALLBACK"
"06. 원진","20. New LYNX Series","LYNX2100LYB","지멘스","4월","MV0000","UNMAPPED_FALLBACK"
"06. 원진","20. New LYNX Series","LYNX2100LYB","지멘스","4월","MV0000","UNMAPPED_FALLBACK"
"06. 원진","20. New LYNX Series","LYNX2100LYB","지멘스","4월","MV0000","UNMAPPED_FALLBACK"
"06. 원진","20. New LYNX Series","LYNX2100LYB","지멘스","5월","MV0000","UNMAPPED_FALLBACK"
"06. 원진","20. New LYNX Series","LYNX2100LYB","지멘스","5월","MV0000","UNMAPPED_FALLBACK"
"06. 원진","20. New LYNX Series","LYNX2100LYB","지멘스","5월","MV0000","UNMAPPED_FALLBACK"
"06. 원진","20. New LYNX Series","LYNX2100LYB","지멘스","5월","MV0000","UNMAPPED_FALLBACK"
"06. 원진","20. New LYNX Series","LYNX2100LYB","지멘스","5월","MV0000","UNMAPPED_FALLBACK"
"06. 원진","20. New LYNX Series","LYNX2100LYB","지멘스","5월","MV0000","UNMAPPED_FALLBACK"
"06. 원진","20. New LYNX Series","LYNX2100LYB","지멘스","5월","MV0000","UNMAPPED_FALLBACK"
"06. 원진","20. New LYNX Series","LYNX2100LYB","지멘스","5월","MV0000","UNMAPPED_FALLBACK"
"06. 원진","20. New LYNX Series","LYNX2100LYB","지멘스","5월","MV0000","UNMAPPED_FALLBACK"
"06. 원진","20. New LYNX Series","LYNX2100LYB","지멘스","5월","MV0000","UNMAPPED_FALLBACK"
"06. 원진","20. New LYNX Series","LYNX2100LYB","지멘스","5월","MV0000","UNMAPPED_FALLBACK"
"06. 원진","20. New LYNX Series","LYNX2100LYB","지멘스","5월","MV0000","UNMAPPED_FALLBACK"
"06. 원진","20. New LYNX Series","LYNX2100LYB","지멘스","5월","MV0000","UNMAPPED_FALLBACK"
"06. 원진","20. New LYNX Series","LYNX2100LYB","지멘스","5월","MV0000","UNMAPPED_FALLBACK"
"06. 원진","20. New LYNX Series","LYNX2100LYB","지멘스","5월","MV0000","UNMAPPED_FALLBACK"
"06. 원진","20. New LYNX Series","LYNX2100LYB","지멘스","6월","MV0000","UNMAPPED_FALLBACK"
"06. 원진","20. New LYNX Series","LYNX2100LYB","지멘스","6월","MV0000","UNMAPPED_FALLBACK"
"06. 원진","20. New LYNX Series","LYNX2100LYB","지멘스","6월","MV0000","UNMAPPED_FALLBACK"
"06. 원진","20. New LYNX Series","LYNX2100LYB","지멘스","6월","MV0000","UNMAPPED_FALLBACK"
"06. 원진","20. New LYNX Series","LYNX2100LYB","지멘스","6월","MV0000","UNMAPPED_FALLBACK"
"06. 원진","20. New LYNX Series","LYNX2100LYB","지멘스","6월","MV0000","UNMAPPED_FALLBACK"
"06. 원진","20. New LYNX Series","LYNX2100LYB","지멘스","6월","MV0000","UNMAPPED_FALLBACK"
"06. 원진","20. New LYNX Series","LYNX2100LYB","지멘스","6월","MV0000","UNMAPPED_FALLBACK"
"06. 원진","20. New LYNX Series","LYNX2100LYB","지멘스","7월","MV0000","UNMAPPED_FALLBACK"
"06. 원진","20. New LYNX Series","LYNX2100LYB","지멘스","7월","MV0000","UNMAPPED_FALLBACK"
"06. 원진","20. New LYNX Series","LYNX2100LYB","지멘스","7월","MV0000","UNMAPPED_FALLBACK"
"06. 원진","20. New LYNX Series","LYNX2100LYB","지멘스","7월","MV0000","UNMAPPED_FALLBACK"
"06. 원진","20. New LYNX Series","LYNX2100LYB","지멘스","7월","MV0000","UNMAPPED_FALLBACK"
"06. 원진","20. New LYNX Series","LYNX2100LYB","지멘스","7월","MV0000","UNMAPPED_FALLBACK"
"06. 원진","20. New LYNX Series","LYNX2100LYB","지멘스","7월","MV0000","UNMAPPED_FALLBACK"
"06. 원진","20. New LYNX Series","LYNX2100LYB","지멘스","7월","MV0000","UNMAPPED_FALLBACK"
"06. 원진","20. New LYNX Series","LYNX2100LYB","지멘스","7월","MV0000","UNMAPPED_FALLBACK"
"06. 원진","20. New LYNX Series","LYNX2100LYB","지멘스","7월","MV0000","UNMAPPED_FALLBACK"
"06. 원진","20. New LYNX Series","LYNX2100LYB","지멘스","7월","MV0000","UNMAPPED_FALLBACK"
"06. 원진","20. New LYNX Series","LYNX2100LYB","지멘스","7월","MV0000","UNMAPPED_FALLBACK"
"06. 원진","20. New LYNX Series","LYNX2100LYB","지멘스","7월","MV0000","UNMAPPED_FALLBACK"
"06. 원진","20. New LYNX Series","LYNX2100LYB","지멘스","7월","MV0000","UNMAPPED_FALLBACK"
"06. 원진","20. New LYNX Series","LYNX2100LYB","지멘스","7월","MV0000","UNMAPPED_FALLBACK"
"06. 원진","20. New LYNX Series","LYNX2100LYB","지멘스","2월","MV0000","UNMAPPED_FALLBACK"
"06. 원진","20. New LYNX Series","LYNX2100LYB","지멘스","3월","MV0000","UNMAPPED_FALLBACK"
"06. 원진","20. New LYNX Series","LYNX2100LYB","지멘스","3월","MV0000","UNMAPPED_FALLBACK"
"06. 원진","20. New LYNX Series","LYNX2100LYB","지멘스","4월","MV0000","UNMAPPED_FALLBACK"
"06. 원진","20. New LYNX Series","LYNX2100LYB","지멘스","5월","MV0000","UNMAPPED_FALLBACK"
"06. 원진","20. New LYNX Series","LYNX2100LYB","지멘스","7월","MV0000","UNMAPPED_FALLBACK"
"06. 원진","20. New LYNX Series","LYNX2600","지멘스","2월","ML0481","L2600-F0TP-0-K30"
"06. 원진","20. New LYNX Series","LYNX2600","지멘스","2월","ML0481","L2600-F0TP-0-K30"
"06. 원진","20. New LYNX Series","LYNX2600","지멘스","2월","ML0481","L2600-F0TP-0-K30"
"06. 원진","20. New LYNX Series","LYNX2600","지멘스","2월","ML0481","L2600-F0TP-0-K30"
"06. 원진","20. New LYNX Series","LYNX2600","지멘스","2월","ML0481","L2600-F0TP-0-K30"
"06. 원진","20. New LYNX Series","LYNX2600","지멘스","3월","ML0481","L2600-F0TP-0-K30"
"06. 원진","20. New LYNX Series","LYNX2600","지멘스","3월","ML0481","L2600-F0TP-0-K30"
"06. 원진","20. New LYNX Series","LYNX2600","지멘스","4월","ML0481","L2600-F0TP-0-K30"
"06. 원진","20. New LYNX Series","LYNX2600","지멘스","4월","ML0481","L2600-F0TP-0-K30"
"06. 원진","20. New LYNX Series","LYNX2600","지멘스","4월","ML0481","L2600-F0TP-0-K30"
"06. 원진","20. New LYNX Series","LYNX2600","지멘스","4월","ML0481","L2600-F0TP-0-K30"
"06. 원진","20. New LYNX Series","LYNX2600","지멘스","4월","ML0481","L2600-F0TP-0-K30"
"06. 원진","20. New LYNX Series","LYNX2600","지멘스","5월","ML0481","L2600-F0TP-0-K30"
"06. 원진","20. New LYNX Series","LYNX2600","지멘스","5월","ML0481","L2600-F0TP-0-K30"
"06. 원진","20. New LYNX Series","LYNX2600","지멘스","5월","ML0481","L2600-F0TP-0-K30"
"06. 원진","20. New LYNX Series","LYNX2600","지멘스","5월","ML0481","L2600-F0TP-0-K30"
"06. 원진","20. New LYNX Series","LYNX2600","지멘스","6월","ML0481","L2600-F0TP-0-K30"
"06. 원진","20. New LYNX Series","LYNX2600","지멘스","6월","ML0481","L2600-F0TP-0-K30"
"06. 원진","20. New LYNX Series","LYNX2600","지멘스","6월","ML0481","L2600-F0TP-0-K30"
"06. 원진","20. New LYNX Series","LYNX2600","지멘스","6월","ML0481","L2600-F0TP-0-K30"
"06. 원진","20. New LYNX Series","LYNX2600","지멘스","6월","ML0481","L2600-F0TP-0-K30"
"06. 원진","20. New LYNX Series","LYNX2600","지멘스","7월","ML0481","L2600-F0TP-0-K30"
"06. 원진","20. New LYNX Series","LYNX2600","지멘스","7월","ML0481","L2600-F0TP-0-K30"
"06. 원진","20. New LYNX Series","LYNX2600","지멘스","7월","ML0481","L2600-F0TP-0-K30"
"06. 원진","20. New LYNX Series","LYNX2600","지멘스","7월","ML0481","L2600-F0TP-0-K30"
"06. 원진","20. New LYNX Series","LYNX2600","지멘스","7월","ML0481","L2600-F0TP-0-K30"
"06. 원진","20. New LYNX Series","LYNX2600","지멘스","7월","ML0481","L2600-F0TP-0-K30"
"06. 원진","20. New LYNX Series","LYNX2600","지멘스","7월","ML0481","L2600-F0TP-0-K30"
"06. 원진","20. New LYNX Series","LYNX2600M","지멘스","2월","ML0482","L2600M-F0TP-0-B30"
"06. 원진","20. New LYNX Series","LYNX2600M","지멘스","3월","ML0482","L2600M-F0TP-0-B30"
"06. 원진","20. New LYNX Series","LYNX2600M","지멘스","3월","ML0482","L2600M-F0TP-0-B30"
"06. 원진","20. New LYNX Series","LYNX2600M","지멘스","3월","ML0482","L2600M-F0TP-0-B30"
"06. 원진","20. New LYNX Series","LYNX2600M","지멘스","3월","ML0482","L2600M-F0TP-0-B30"
"06. 원진","20. New LYNX Series","LYNX2600M","지멘스","4월","ML0482","L2600M-F0TP-0-B30"
"06. 원진","20. New LYNX Series","LYNX2600M","지멘스","4월","ML0482","L2600M-F0TP-0-B30"
"06. 원진","20. New LYNX Series","LYNX2600M","지멘스","4월","ML0482","L2600M-F0TP-0-B30"
"06. 원진","20. New LYNX Series","LYNX2600M","지멘스","5월","ML0482","L2600M-F0TP-0-B30"
"06. 원진","20. New LYNX Series","LYNX2600M","지멘스","5월","ML0482","L2600M-F0TP-0-B30"
"06. 원진","20. New LYNX Series","LYNX2600M","지멘스","5월","ML0482","L2600M-F0TP-0-B30"
"06. 원진","20. New LYNX Series","LYNX2600M","지멘스","7월","ML0482","L2600M-F0TP-0-B30"
"06. 원진","20. New LYNX Series","LYNX2600M","지멘스","7월","ML0482","L2600M-F0TP-0-B30"
"06. 원진","20. New LYNX Series","LYNX2600M","(비어 있음)","7월","ML0482","L2600M-F0TP-0-B30"
"06. 원진","20. New LYNX Series","LYNX2600SY","(비어 있음)","2월","ML0440","L2600SY-F0TP-0-K30"
"06. 원진","20. New LYNX Series","LYNX2600SY","(비어 있음)","2월","ML0440","L2600SY-F0TP-0-K30"
"06. 원진","20. New LYNX Series","LYNX2600SY","(비어 있음)","2월","ML0440","L2600SY-F0TP-0-K30"
"06. 원진","20. New LYNX Series","LYNX2600SY","(비어 있음)","2월","ML0440","L2600SY-F0TP-0-K30"
"06. 원진","20. New LYNX Series","LYNX2600SY","(비어 있음)","2월","ML0440","L2600SY-F0TP-0-K30"
"06. 원진","20. New LYNX Series","LYNX2600SY","(비어 있음)","3월","ML0440","L2600SY-F0TP-0-K30"
"06. 원진","20. New LYNX Series","LYNX2600SY","(비어 있음)","3월","ML0440","L2600SY-F0TP-0-K30"
"06. 원진","20. New LYNX Series","LYNX2600SY","(비어 있음)","3월","ML0440","L2600SY-F0TP-0-K30"
"06. 원진","20. New LYNX Series","LYNX2600SY","(비어 있음)","3월","ML0440","L2600SY-F0TP-0-K30"
"06. 원진","20. New LYNX Series","LYNX2600SY","(비어 있음)","3월","ML0440","L2600SY-F0TP-0-K30"
"06. 원진","20. New LYNX Series","LYNX2600SY","(비어 있음)","3월","ML0440","L2600SY-F0TP-0-K30"
"06. 원진","20. New LYNX Series","LYNX2600SY","(비어 있음)","3월","ML0440","L2600SY-F0TP-0-K30"
"06. 원진","20. New LYNX Series","LYNX2600SY","(비어 있음)","3월","ML0440","L2600SY-F0TP-0-K30"
"06. 원진","20. New LYNX Series","LYNX2600SY","(비어 있음)","3월","ML0440","L2600SY-F0TP-0-K30"
"06. 원진","20. New LYNX Series","LYNX2600SY","(비어 있음)","3월","ML0440","L2600SY-F0TP-0-K30"
"06. 원진","20. New LYNX Series","LYNX2600SY","(비어 있음)","4월","ML0440","L2600SY-F0TP-0-K30"
"06. 원진","20. New LYNX Series","LYNX2600SY","(비어 있음)","4월","ML0440","L2600SY-F0TP-0-K30"
"06. 원진","20. New LYNX Series","LYNX2600SY","(비어 있음)","4월","ML0440","L2600SY-F0TP-0-K30"
"06. 원진","20. New LYNX Series","LYNX2600SY","(비어 있음)","4월","ML0440","L2600SY-F0TP-0-K30"
"06. 원진","20. New LYNX Series","LYNX2600SY","(비어 있음)","4월","ML0440","L2600SY-F0TP-0-K30"
"06. 원진","20. New LYNX Series","LYNX2600SY","(비어 있음)","4월","ML0440","L2600SY-F0TP-0-K30"
"06. 원진","20. New LYNX Series","LYNX2600SY","(비어 있음)","4월","ML0440","L2600SY-F0TP-0-K30"
"06. 원진","20. New LYNX Series","LYNX2600SY","(비어 있음)","4월","ML0440","L2600SY-F0TP-0-K30"
"06. 원진","20. New LYNX Series","LYNX2600SY","(비어 있음)","4월","ML0440","L2600SY-F0TP-0-K30"
"06. 원진","20. New LYNX Series","LYNX2600SY","(비어 있음)","4월","ML0440","L2600SY-F0TP-0-K30"
"06. 원진","20. New LYNX Series","LYNX2600SY","(비어 있음)","4월","ML0440","L2600SY-F0TP-0-K30"
"06. 원진","20. New LYNX Series","LYNX2600SY","(비어 있음)","4월","ML0440","L2600SY-F0TP-0-K30"
"06. 원진","20. New LYNX Series","LYNX2600SY","(비어 있음)","4월","ML0440","L2600SY-F0TP-0-K30"
"06. 원진","20. New LYNX Series","LYNX2600SY","(비어 있음)","5월","ML0440","L2600SY-F0TP-0-K30"
"06. 원진","20. New LYNX Series","LYNX2600SY","(비어 있음)","5월","ML0440","L2600SY-F0TP-0-K30"
"06. 원진","20. New LYNX Series","LYNX2600SY","(비어 있음)","5월","ML0440","L2600SY-F0TP-0-K30"
"06. 원진","20. New LYNX Series","LYNX2600SY","(비어 있음)","5월","ML0440","L2600SY-F0TP-0-K30"
"06. 원진","20. New LYNX Series","LYNX2600SY","(비어 있음)","5월","ML0440","L2600SY-F0TP-0-K30"
"06. 원진","20. New LYNX Series","LYNX2600SY","(비어 있음)","5월","ML0440","L2600SY-F0TP-0-K30"
"06. 원진","20. New LYNX Series","LYNX2600SY","(비어 있음)","5월","ML0440","L2600SY-F0TP-0-K30"
"06. 원진","20. New LYNX Series","LYNX2600SY","(비어 있음)","5월","ML0440","L2600SY-F0TP-0-K30"
"06. 원진","20. New LYNX Series","LYNX2600SY","(비어 있음)","6월","ML0440","L2600SY-F0TP-0-K30"
"06. 원진","20. New LYNX Series","LYNX2600SY","(비어 있음)","6월","ML0440","L2600SY-F0TP-0-K30"
"06. 원진","20. New LYNX Series","LYNX2600SY","(비어 있음)","6월","ML0440","L2600SY-F0TP-0-K30"
"06. 원진","20. New LYNX Series","LYNX2600SY","(비어 있음)","6월","ML0440","L2600SY-F0TP-0-K30"
"06. 원진","20. New LYNX Series","LYNX2600SY","(비어 있음)","6월","ML0440","L2600SY-F0TP-0-K30"
"06. 원진","20. New LYNX Series","LYNX2600SY","(비어 있음)","6월","ML0440","L2600SY-F0TP-0-K30"
"06. 원진","20. New LYNX Series","LYNX2600SY","(비어 있음)","6월","ML0440","L2600SY-F0TP-0-K30"
"06. 원진","20. New LYNX Series","LYNX2600SY","(비어 있음)","6월","ML0440","L2600SY-F0TP-0-K30"
"06. 원진","20. New LYNX Series","LYNX2600SY","(비어 있음)","6월","ML0440","L2600SY-F0TP-0-K30"
"06. 원진","20. New LYNX Series","LYNX2600SY","(비어 있음)","7월","ML0440","L2600SY-F0TP-0-K30"
"06. 원진","20. New LYNX Series","LYNX2600SY","(비어 있음)","7월","ML0440","L2600SY-F0TP-0-K30"
"06. 원진","20. New LYNX Series","LYNX2600SY","(비어 있음)","7월","ML0440","L2600SY-F0TP-0-K30"
"06. 원진","20. New LYNX Series","LYNX2600SY","(비어 있음)","7월","ML0440","L2600SY-F0TP-0-K30"
"06. 원진","20. New LYNX Series","LYNX2600SY","(비어 있음)","7월","ML0440","L2600SY-F0TP-0-K30"
"06. 원진","20. New LYNX Series","LYNX2600SY","(비어 있음)","7월","ML0440","L2600SY-F0TP-0-K30"
"06. 원진","20. New LYNX Series","LYNX2600SY","(비어 있음)","7월","ML0440","L2600SY-F0TP-0-K30"
"06. 원진","20. New LYNX Series","LYNX2600SY","(비어 있음)","7월","ML0440","L2600SY-F0TP-0-K30"
"06. 원진","20. New LYNX Series","LYNX2600SY","(비어 있음)","7월","ML0440","L2600SY-F0TP-0-K30"
"06. 원진","20. New LYNX Series","LYNX2600SY","(비어 있음)","7월","ML0440","L2600SY-F0TP-0-K30"
"06. 원진","20. New LYNX Series","LYNX2600SY","(비어 있음)","7월","ML0440","L2600SY-F0TP-0-K30"
"06. 원진","20. New LYNX Series","LYNX2600SY","(비어 있음)","7월","ML0440","L2600SY-F0TP-0-K30"
"06. 원진","20. New LYNX Series","LYNX2600SY","지멘스","2월","ML0440","L2600SY-F0TP-0-K30"
"06. 원진","20. New LYNX Series","LYNX2600SY","지멘스","2월","ML0440","L2600SY-F0TP-0-K30"
"06. 원진","20. New LYNX Series","LYNX2600SY","지멘스","4월","ML0440","L2600SY-F0TP-0-K30"
"06. 원진","20. New LYNX Series","LYNX2600SY","지멘스","4월","ML0440","L2600SY-F0TP-0-K30"
"06. 원진","20. New LYNX Series","LYNX2600SY","지멘스","5월","ML0440","L2600SY-F0TP-0-K30"
"06. 원진","20. New LYNX Series","LYNX2600SY","지멘스","5월","ML0440","L2600SY-F0TP-0-K30"
"06. 원진","20. New LYNX Series","LYNX2600Y","지멘스","2월","ML0439","L2600Y-F0TP-0-K30"
"06. 원진","20. New LYNX Series","LYNX2600Y","지멘스","2월","ML0439","L2600Y-F0TP-0-K30"
"06. 원진","20. New LYNX Series","LYNX2600Y","지멘스","2월","ML0439","L2600Y-F0TP-0-K30"
"06. 원진","20. New LYNX Series","LYNX2600Y","지멘스","2월","ML0439","L2600Y-F0TP-0-K30"
"06. 원진","20. New LYNX Series","LYNX2600Y","지멘스","2월","ML0439","L2600Y-F0TP-0-K30"
"06. 원진","20. New LYNX Series","LYNX2600Y","지멘스","2월","ML0439","L2600Y-F0TP-0-K30"
"06. 원진","20. New LYNX Series","LYNX2600Y","지멘스","3월","ML0439","L2600Y-F0TP-0-K30"
"06. 원진","20. New LYNX Series","LYNX2600Y","지멘스","3월","ML0439","L2600Y-F0TP-0-K30"
"06. 원진","20. New LYNX Series","LYNX2600Y","지멘스","3월","ML0439","L2600Y-F0TP-0-K30"
"06. 원진","20. New LYNX Series","LYNX2600Y","지멘스","5월","ML0439","L2600Y-F0TP-0-K30"
"06. 원진","20. New LYNX Series","LYNX2600Y","지멘스","5월","ML0439","L2600Y-F0TP-0-K30"
"06. 원진","20. New LYNX Series","LYNX2600Y","지멘스","5월","ML0439","L2600Y-F0TP-0-K30"
"06. 원진","20. New LYNX Series","LYNX2600Y","지멘스","5월","ML0439","L2600Y-F0TP-0-K30"
"06. 원진","20. New LYNX Series","LYNX2600Y","지멘스","6월","ML0439","L2600Y-F0TP-0-K30"
"06. 원진","20. New LYNX Series","LYNX2600Y","지멘스","7월","ML0439","L2600Y-F0TP-0-K30"
"06. 원진","20. New LYNX Series","LYNX2600Y","지멘스","7월","ML0439","L2600Y-F0TP-0-K30"
"06. 원진","20. New LYNX Series","LYNX2600Y","지멘스","7월","ML0439","L2600Y-F0TP-0-K30"
"06. 원진","20. New LYNX Series","LYNX2600Y","지멘스","7월","ML0439","L2600Y-F0TP-0-K30"
"07. 삼광","12. MYNX Series","MYNX5400/40 II","8K","2월","MV0000","UNMAPPED_FALLBACK"
"07. 삼광","12. MYNX Series","MYNX5400/40 II","8K","3월","MV0000","UNMAPPED_FALLBACK"
"07. 삼광","12. MYNX Series","MYNX5400/40 II","8K","3월","MV0000","UNMAPPED_FALLBACK"
"07. 삼광","12. MYNX Series","MYNX5400/40 II","8K","4월","MV0000","UNMAPPED_FALLBACK"
"07. 삼광","12. MYNX Series","MYNX5400/40 II","8K","4월","MV0000","UNMAPPED_FALLBACK"
"07. 삼광","12. MYNX Series","MYNX5400/40 II","8K","5월","MV0000","UNMAPPED_FALLBACK"
"07. 삼광","12. MYNX Series","MYNX5400/40 II","8K","5월","MV0000","UNMAPPED_FALLBACK"
"07. 삼광","12. MYNX Series","MYNX5400/40 II","8K","5월","MV0000","UNMAPPED_FALLBACK"
"07. 삼광","12. MYNX Series","MYNX5400/40 II","8K","5월","MV0000","UNMAPPED_FALLBACK"
"07. 삼광","12. MYNX Series","MYNX5400/40 II","8K","5월","MV0000","UNMAPPED_FALLBACK"
"07. 삼광","12. MYNX Series","MYNX5400/40 II","8K","6월","MV0000","UNMAPPED_FALLBACK"
"07. 삼광","12. MYNX Series","MYNX5400/40 II","8K","6월","MV0000","UNMAPPED_FALLBACK"
"07. 삼광","12. MYNX Series","MYNX5400/40 II","8K","6월","MV0000","UNMAPPED_FALLBACK"
"07. 삼광","12. MYNX Series","MYNX5400/40 II","8K","7월","MV0000","UNMAPPED_FALLBACK"
"07. 삼광","12. MYNX Series","MYNX5400/40 II","8K","7월","MV0000","UNMAPPED_FALLBACK"
"07. 삼광","12. MYNX Series","MYNX5400/40 II","12K","2월","MV0000","UNMAPPED_FALLBACK"
"07. 삼광","12. MYNX Series","MYNX5400/40 II","12K","3월","MV0000","UNMAPPED_FALLBACK"
"07. 삼광","12. MYNX Series","MYNX5400/40 II","12K","3월","MV0000","UNMAPPED_FALLBACK"
"07. 삼광","12. MYNX Series","MYNX5400/40 II","12K","4월","MV0000","UNMAPPED_FALLBACK"
"07. 삼광","12. MYNX Series","MYNX5400/40 II","12K","4월","MV0000","UNMAPPED_FALLBACK"
"07. 삼광","12. MYNX Series","MYNX5400/40 II","12K","4월","MV0000","UNMAPPED_FALLBACK"
"07. 삼광","12. MYNX Series","MYNX5400/40 II","12K","5월","MV0000","UNMAPPED_FALLBACK"
"07. 삼광","12. MYNX Series","MYNX5400/40 II","12K","5월","MV0000","UNMAPPED_FALLBACK"
"07. 삼광","12. MYNX Series","MYNX5400/40 II","12K","5월","MV0000","UNMAPPED_FALLBACK"
"07. 삼광","12. MYNX Series","MYNX5400/40 II","12K","5월","MV0000","UNMAPPED_FALLBACK"
"07. 삼광","12. MYNX Series","MYNX5400/40 II","12K","5월","MV0000","UNMAPPED_FALLBACK"
"07. 삼광","12. MYNX Series","MYNX5400/40 II","12K","6월","MV0000","UNMAPPED_FALLBACK"
"07. 삼광","12. MYNX Series","MYNX5400/40 II","12K","6월","MV0000","UNMAPPED_FALLBACK"
"07. 삼광","12. MYNX Series","MYNX5400/40 II","12K","6월","MV0000","UNMAPPED_FALLBACK"
"07. 삼광","12. MYNX Series","MYNX5400/40 II","12K","6월","MV0000","UNMAPPED_FALLBACK"
"07. 삼광","12. MYNX Series","MYNX5400/40 II","12K","6월","MV0000","UNMAPPED_FALLBACK"
"07. 삼광","12. MYNX Series","MYNX5400/40 II","12K","7월","MV0000","UNMAPPED_FALLBACK"
"07. 삼광","12. MYNX Series","MYNX5400/40 II","12K","7월","MV0000","UNMAPPED_FALLBACK"
"07. 삼광","12. MYNX Series","MYNX5400/40 II","12K","7월","MV0000","UNMAPPED_FALLBACK"
"07. 삼광","12. MYNX Series","MYNX5400/40 II","12K","7월","MV0000","UNMAPPED_FALLBACK"
"07. 삼광","12. MYNX Series","MYNX5400/40 II","12K","7월","MV0000","UNMAPPED_FALLBACK"
"07. 삼광","12. MYNX Series","MYNX5400/40 II","12K","7월","MV0000","UNMAPPED_FALLBACK"
"07. 삼광","12. MYNX Series","MYNX5400/50 II","6K","2월","MV0000","UNMAPPED_FALLBACK"
"07. 삼광","12. MYNX Series","MYNX5400/50 II","6K","2월","MV0000","UNMAPPED_FALLBACK"
"07. 삼광","12. MYNX Series","MYNX5400/50 II","6K","3월","MV0000","UNMAPPED_FALLBACK"
"07. 삼광","12. MYNX Series","MYNX5400/50 II","6K","3월","MV0000","UNMAPPED_FALLBACK"
"07. 삼광","12. MYNX Series","MYNX5400/50 II","6K","3월","MV0000","UNMAPPED_FALLBACK"
"07. 삼광","12. MYNX Series","MYNX5400/50 II","6K","5월","MV0000","UNMAPPED_FALLBACK"
"07. 삼광","12. MYNX Series","MYNX5400/50 II","6K","5월","MV0000","UNMAPPED_FALLBACK"
"07. 삼광","12. MYNX Series","MYNX5400/50 II","6K","5월","MV0000","UNMAPPED_FALLBACK"
"07. 삼광","12. MYNX Series","MYNX5400/50 II","6K","6월","MV0000","UNMAPPED_FALLBACK"
"07. 삼광","12. MYNX Series","MYNX5400/50 II","6K","6월","MV0000","UNMAPPED_FALLBACK"
"07. 삼광","12. MYNX Series","MYNX5400/50 II","6K","7월","MV0000","UNMAPPED_FALLBACK"
"07. 삼광","12. MYNX Series","MYNX5400/50 II","6K","7월","MV0000","UNMAPPED_FALLBACK"
"07. 삼광","12. MYNX Series","MYNX5400/50 II","6K-GEAR","3월","MV0000","UNMAPPED_FALLBACK"
"07. 삼광","12. MYNX Series","MYNX5400/50 II","6K-GEAR","3월","MV0000","UNMAPPED_FALLBACK"
"07. 삼광","12. MYNX Series","MYNX5400/50 II","6K-GEAR","4월","MV0000","UNMAPPED_FALLBACK"
"07. 삼광","12. MYNX Series","MYNX5400/50 II","6K-GEAR","4월","MV0000","UNMAPPED_FALLBACK"
"07. 삼광","12. MYNX Series","MYNX5400/50 II","6K-GEAR","5월","MV0000","UNMAPPED_FALLBACK"
"07. 삼광","12. MYNX Series","MYNX5400/50 II","6K-GEAR","5월","MV0000","UNMAPPED_FALLBACK"
"07. 삼광","12. MYNX Series","MYNX5400/50 II","6K-GEAR","6월","MV0000","UNMAPPED_FALLBACK"
"07. 삼광","12. MYNX Series","MYNX5400/50 II","6K-GEAR","6월","MV0000","UNMAPPED_FALLBACK"
"07. 삼광","12. MYNX Series","MYNX5400/50 II","6K-GEAR","7월","MV0000","UNMAPPED_FALLBACK"
"07. 삼광","12. MYNX Series","MYNX5400/50 II","6K-GEAR","7월","MV0000","UNMAPPED_FALLBACK"
"07. 삼광","12. MYNX Series","MYNX5400/50 II","6K(지멘스)","7월","MV0000","UNMAPPED_FALLBACK"
"07. 삼광","13-1. New DNM Series","DNM4000","12K","2월","MV0117","DNM4000-F0MP-0-K30"
"07. 삼광","13-1. New DNM Series","DNM4000","12K","2월","MV0117","DNM4000-F0MP-0-K30"
"07. 삼광","13-1. New DNM Series","DNM4000","12K","3월","MV0117","DNM4000-F0MP-0-K30"
"07. 삼광","13-1. New DNM Series","DNM4000","12K","3월","MV0117","DNM4000-F0MP-0-K30"
"07. 삼광","13-1. New DNM Series","DNM4000","12K","4월","MV0117","DNM4000-F0MP-0-K30"
"07. 삼광","13-1. New DNM Series","DNM4000","12K","4월","MV0117","DNM4000-F0MP-0-K30"
"07. 삼광","13-1. New DNM Series","DNM4000","12K","4월","MV0117","DNM4000-F0MP-0-K30"
"07. 삼광","13-1. New DNM Series","DNM4000","12K","5월","MV0117","DNM4000-F0MP-0-K30"
"07. 삼광","13-1. New DNM Series","DNM4000","12K","5월","MV0117","DNM4000-F0MP-0-K30"
"07. 삼광","13-1. New DNM Series","DNM4000","12K","5월","MV0117","DNM4000-F0MP-0-K30"
"07. 삼광","13-1. New DNM Series","DNM4000","12K","6월","MV0117","DNM4000-F0MP-0-K30"
"07. 삼광","13-1. New DNM Series","DNM4000","12K","6월","MV0117","DNM4000-F0MP-0-K30"
"07. 삼광","13-1. New DNM Series","DNM4000","12K","6월","MV0117","DNM4000-F0MP-0-K30"
"07. 삼광","13-1. New DNM Series","DNM4000","12K","6월","MV0117","DNM4000-F0MP-0-K30"
"07. 삼광","13-1. New DNM Series","DNM4000","12K","6월","MV0117","DNM4000-F0MP-0-K30"
"07. 삼광","13-1. New DNM Series","DNM4000","12K","7월","MV0117","DNM4000-F0MP-0-K30"
"07. 삼광","13-1. New DNM Series","DNM4000","12K","7월","MV0117","DNM4000-F0MP-0-K30"
"07. 삼광","13-1. New DNM Series","DNM4000","12K","7월","MV0117","DNM4000-F0MP-0-K30"
"07. 삼광","13-1. New DNM Series","DNM4000","12K","7월","MV0117","DNM4000-F0MP-0-K30"
"07. 삼광","13-1. New DNM Series","DNM4000","12K","7월","MV0117","DNM4000-F0MP-0-K30"
"07. 삼광","13-1. AV4 Series","DNM4500/4","15K","2월","MV0000","UNMAPPED_FALLBACK"
"07. 삼광","13-1. AV4 Series","DNM4500/4","15K","3월","MV0000","UNMAPPED_FALLBACK"
"07. 삼광","13-1. AV4 Series","DNM4500/4","15K","7월","MV0000","UNMAPPED_FALLBACK"
"07. 삼광","13-1. AV4 Series","DNM4500/4","15K","7월","MV0000","UNMAPPED_FALLBACK"
"07. 삼광","13-1. AV4 Series","DNM4500/4","15K","7월","MV0000","UNMAPPED_FALLBACK"
"07. 삼광","13-1. AV4 Series","DNM4500/4","15K","7월","MV0000","UNMAPPED_FALLBACK"
"07. 삼광","13-1. AV4 Series","DNM4500/4","15K","7월","MV0000","UNMAPPED_FALLBACK"
"07. 삼광","13-1. AV4 Series","DNM4500/4","15K","7월","MV0000","UNMAPPED_FALLBACK"
"07. 삼광","13-1. AV4 Series","DNM4500/4","8K","2월","MV0000","UNMAPPED_FALLBACK"
"07. 삼광","13-1. AV4 Series","DNM4500/4","8K","2월","MV0000","UNMAPPED_FALLBACK"
"07. 삼광","13-1. AV4 Series","DNM4500/4","8K","3월","MV0000","UNMAPPED_FALLBACK"
"07. 삼광","13-1. AV4 Series","DNM4500/4","8K","6월","MV0000","UNMAPPED_FALLBACK"
"07. 삼광","13-1. AV4 Series","DNM4500/4","8K","6월","MV0000","UNMAPPED_FALLBACK"
"07. 삼광","13-1. AV4 Series","DNM4500/4","8K","6월","MV0000","UNMAPPED_FALLBACK"
"07. 삼광","13-1. AV4 Series","DNM4500/4","12K","2월","MV0000","UNMAPPED_FALLBACK"
"07. 삼광","13-1. AV4 Series","DNM4500/4","12K","3월","MV0000","UNMAPPED_FALLBACK"
"07. 삼광","13-1. AV4 Series","DNM4500/4","12K","3월","MV0000","UNMAPPED_FALLBACK"
"07. 삼광","13-1. AV4 Series","DNM4500/4","12K","3월","MV0000","UNMAPPED_FALLBACK"
"07. 삼광","13-1. AV4 Series","DNM4500/4","12K","3월","MV0000","UNMAPPED_FALLBACK"
"07. 삼광","13-1. AV4 Series","DNM4500/4","12K","3월","MV0000","UNMAPPED_FALLBACK"
"07. 삼광","13-1. AV4 Series","DNM4500/4","12K","3월","MV0000","UNMAPPED_FALLBACK"
"07. 삼광","13-1. AV4 Series","DNM4500/4","12K","4월","MV0000","UNMAPPED_FALLBACK"
"07. 삼광","13-1. AV4 Series","DNM4500/4","12K","4월","MV0000","UNMAPPED_FALLBACK"
"07. 삼광","13-1. AV4 Series","DNM4500/4","12K","4월","MV0000","UNMAPPED_FALLBACK"
"07. 삼광","13-1. AV4 Series","DNM4500/4","12K","4월","MV0000","UNMAPPED_FALLBACK"
"07. 삼광","13-1. AV4 Series","DNM4500/4","12K","5월","MV0000","UNMAPPED_FALLBACK"
"07. 삼광","13-1. AV4 Series","DNM4500/4","12K","5월","MV0000","UNMAPPED_FALLBACK"
"07. 삼광","13-1. AV4 Series","DNM4500/4","12K","5월","MV0000","UNMAPPED_FALLBACK"
"07. 삼광","13-1. AV4 Series","DNM4500/4","12K","5월","MV0000","UNMAPPED_FALLBACK"
"07. 삼광","13-1. AV4 Series","DNM4500/4","12K","5월","MV0000","UNMAPPED_FALLBACK"
"07. 삼광","13-1. AV4 Series","DNM4500/4","12K","7월","MV0000","UNMAPPED_FALLBACK"
"07. 삼광","13-1. AV4 Series","DNM5700/4","12K(H/H)","4월","MV0000","UNMAPPED_FALLBACK"
"07. 삼광","13-1. AV4 Series","DNM5700/4","12K(H/H)","5월","MV0000","UNMAPPED_FALLBACK"
"07. 삼광","13-1. AV4 Series","DNM5700/4","12K(H/H)","6월","MV0000","UNMAPPED_FALLBACK"
"07. 삼광","13-1. AV4 Series","DNM5700/4","12K(H/H)","7월","MV0000","UNMAPPED_FALLBACK"
"07. 삼광","13-1. AV4 Series","DNM5700/4","12K(H/H)","7월","MV0000","UNMAPPED_FALLBACK"
"07. 삼광","13-1. AV4 Series","DNM5700/4","12K(미쓰비시)","3월","MV0000","UNMAPPED_FALLBACK"
"07. 삼광","13-1. AV4 Series","DNM5700/4","12K(미쓰비시)","6월","MV0000","UNMAPPED_FALLBACK"
"07. 삼광","13-1. AV4 Series","DNM5700/4","15K","2월","MV0000","UNMAPPED_FALLBACK"
"07. 삼광","13-1. AV4 Series","DNM5700/4","15K","6월","MV0000","UNMAPPED_FALLBACK"
"07. 삼광","13-1. AV4 Series","DNM5700/4","15K","6월","MV0000","UNMAPPED_FALLBACK"
"07. 삼광","13-1. AV4 Series","DNM5700/4","15K","6월","MV0000","UNMAPPED_FALLBACK"
"07. 삼광","13-1. AV4 Series","DNM5700/4","8K","2월","MV0000","UNMAPPED_FALLBACK"
"07. 삼광","13-1. AV4 Series","DNM5700/4","8K","2월","MV0000","UNMAPPED_FALLBACK"
"07. 삼광","13-1. AV4 Series","DNM5700/4","8K","2월","MV0000","UNMAPPED_FALLBACK"
"07. 삼광","13-1. AV4 Series","DNM5700/4","8K","2월","MV0000","UNMAPPED_FALLBACK"
"07. 삼광","13-1. AV4 Series","DNM5700/4","8K","2월","MV0000","UNMAPPED_FALLBACK"
"07. 삼광","13-1. AV4 Series","DNM5700/4","8K","2월","MV0000","UNMAPPED_FALLBACK"
"07. 삼광","13-1. AV4 Series","DNM5700/4","8K","3월","MV0000","UNMAPPED_FALLBACK"
"07. 삼광","13-1. AV4 Series","DNM5700/4","8K","3월","MV0000","UNMAPPED_FALLBACK"
"07. 삼광","13-1. AV4 Series","DNM5700/4","8K","3월","MV0000","UNMAPPED_FALLBACK"
"07. 삼광","13-1. AV4 Series","DNM5700/4","8K","3월","MV0000","UNMAPPED_FALLBACK"
"07. 삼광","13-1. AV4 Series","DNM5700/4","8K","3월","MV0000","UNMAPPED_FALLBACK"
"07. 삼광","13-1. AV4 Series","DNM5700/4","8K","3월","MV0000","UNMAPPED_FALLBACK"
"07. 삼광","13-1. AV4 Series","DNM5700/4","8K","3월","MV0000","UNMAPPED_FALLBACK"
"07. 삼광","13-1. AV4 Series","DNM5700/4","8K","3월","MV0000","UNMAPPED_FALLBACK"
"07. 삼광","13-1. AV4 Series","DNM5700/4","8K","3월","MV0000","UNMAPPED_FALLBACK"
"07. 삼광","13-1. AV4 Series","DNM5700/4","8K","4월","MV0000","UNMAPPED_FALLBACK"
"07. 삼광","13-1. AV4 Series","DNM5700/4","8K","4월","MV0000","UNMAPPED_FALLBACK"
"07. 삼광","13-1. AV4 Series","DNM5700/4","8K","4월","MV0000","UNMAPPED_FALLBACK"
"07. 삼광","13-1. AV4 Series","DNM5700/4","8K","4월","MV0000","UNMAPPED_FALLBACK"
"07. 삼광","13-1. AV4 Series","DNM5700/4","8K","4월","MV0000","UNMAPPED_FALLBACK"
"07. 삼광","13-1. AV4 Series","DNM5700/4","8K","4월","MV0000","UNMAPPED_FALLBACK"
"07. 삼광","13-1. AV4 Series","DNM5700/4","8K","5월","MV0000","UNMAPPED_FALLBACK"
"07. 삼광","13-1. AV4 Series","DNM5700/4","8K","5월","MV0000","UNMAPPED_FALLBACK"
"07. 삼광","13-1. AV4 Series","DNM5700/4","8K","5월","MV0000","UNMAPPED_FALLBACK"
"07. 삼광","13-1. AV4 Series","DNM5700/4","8K","5월","MV0000","UNMAPPED_FALLBACK"
"07. 삼광","13-1. AV4 Series","DNM5700/4","8K","5월","MV0000","UNMAPPED_FALLBACK"
"07. 삼광","13-1. AV4 Series","DNM5700/4","8K","5월","MV0000","UNMAPPED_FALLBACK"
"07. 삼광","13-1. AV4 Series","DNM5700/4","8K","6월","MV0000","UNMAPPED_FALLBACK"
"07. 삼광","13-1. AV4 Series","DNM5700/4","8K","6월","MV0000","UNMAPPED_FALLBACK"
"07. 삼광","13-1. AV4 Series","DNM5700/4","8K","6월","MV0000","UNMAPPED_FALLBACK"
"07. 삼광","13-1. AV4 Series","DNM5700/4","8K","6월","MV0000","UNMAPPED_FALLBACK"
"07. 삼광","13-1. AV4 Series","DNM5700/4","8K","6월","MV0000","UNMAPPED_FALLBACK"
"07. 삼광","13-1. AV4 Series","DNM5700/4","8K","6월","MV0000","UNMAPPED_FALLBACK"
"07. 삼광","13-1. AV4 Series","DNM5700/4","8K","6월","MV0000","UNMAPPED_FALLBACK"
"07. 삼광","13-1. AV4 Series","DNM5700/4","8K","7월","MV0000","UNMAPPED_FALLBACK"
"07. 삼광","13-1. AV4 Series","DNM5700/4","8K","7월","MV0000","UNMAPPED_FALLBACK"
"07. 삼광","13-1. AV4 Series","DNM5700/4","8K","7월","MV0000","UNMAPPED_FALLBACK"
"07. 삼광","13-1. AV4 Series","DNM5700/4","8K","7월","MV0000","UNMAPPED_FALLBACK"
"07. 삼광","13-1. AV4 Series","DNM5700/4","8K","7월","MV0000","UNMAPPED_FALLBACK"
"07. 삼광","13-1. AV4 Series","DNM5700/4","8K","7월","MV0000","UNMAPPED_FALLBACK"
"07. 삼광","13-1. AV4 Series","DNM5700/4","8K","7월","MV0000","UNMAPPED_FALLBACK"
"07. 삼광","13-1. AV4 Series","DNM5700/4","8K","7월","MV0000","UNMAPPED_FALLBACK"
"07. 삼광","13-1. AV4 Series","DNM5700/4","8K","7월","MV0000","UNMAPPED_FALLBACK"
"07. 삼광","13-1. AV4 Series","DNM5700/4","8K","7월","MV0000","UNMAPPED_FALLBACK"
"07. 삼광","13-1. AV4 Series","DNM5700/4","8K","7월","MV0000","UNMAPPED_FALLBACK"
"07. 삼광","13-1. AV4 Series","DNM5700/4","8K","7월","MV0000","UNMAPPED_FALLBACK"
"07. 삼광","13-1. AV4 Series","DNM5700/4","8K","7월","MV0000","UNMAPPED_FALLBACK"
"07. 삼광","13-1. AV4 Series","DNM5700/4","(비어 있음)","6월","MV0000","UNMAPPED_FALLBACK"
"07. 삼광","13-1. AV4 Series","DNM5700/4","(비어 있음)","6월","MV0000","UNMAPPED_FALLBACK"
"07. 삼광","13-1. AV4 Series","DNM5700/4","12K","2월","MV0000","UNMAPPED_FALLBACK"
"07. 삼광","13-1. AV4 Series","DNM5700/4","12K","2월","MV0000","UNMAPPED_FALLBACK"
"07. 삼광","13-1. AV4 Series","DNM5700/4","12K","2월","MV0000","UNMAPPED_FALLBACK"
"07. 삼광","13-1. AV4 Series","DNM5700/4","12K","2월","MV0000","UNMAPPED_FALLBACK"
"07. 삼광","13-1. AV4 Series","DNM5700/4","12K","2월","MV0000","UNMAPPED_FALLBACK"
"07. 삼광","13-1. AV4 Series","DNM5700/4","12K","2월","MV0000","UNMAPPED_FALLBACK"
"07. 삼광","13-1. AV4 Series","DNM5700/4","12K","2월","MV0000","UNMAPPED_FALLBACK"
"07. 삼광","13-1. AV4 Series","DNM5700/4","12K","2월","MV0000","UNMAPPED_FALLBACK"
"07. 삼광","13-1. AV4 Series","DNM5700/4","12K","2월","MV0000","UNMAPPED_FALLBACK"
"07. 삼광","13-1. AV4 Series","DNM5700/4","12K","2월","MV0000","UNMAPPED_FALLBACK"
"07. 삼광","13-1. AV4 Series","DNM5700/4","12K","2월","MV0000","UNMAPPED_FALLBACK"
"07. 삼광","13-1. AV4 Series","DNM5700/4","12K","2월","MV0000","UNMAPPED_FALLBACK"
"07. 삼광","13-1. AV4 Series","DNM5700/4","12K","2월","MV0000","UNMAPPED_FALLBACK"
"07. 삼광","13-1. AV4 Series","DNM5700/4","12K","2월","MV0000","UNMAPPED_FALLBACK"
"07. 삼광","13-1. AV4 Series","DNM5700/4","12K","2월","MV0000","UNMAPPED_FALLBACK"
"07. 삼광","13-1. AV4 Series","DNM5700/4","12K","2월","MV0000","UNMAPPED_FALLBACK"
"07. 삼광","13-1. AV4 Series","DNM5700/4","12K","2월","MV0000","UNMAPPED_FALLBACK"
"07. 삼광","13-1. AV4 Series","DNM5700/4","12K","2월","MV0000","UNMAPPED_FALLBACK"
"07. 삼광","13-1. AV4 Series","DNM5700/4","12K","2월","MV0000","UNMAPPED_FALLBACK"
"07. 삼광","13-1. AV4 Series","DNM5700/4","12K","2월","MV0000","UNMAPPED_FALLBACK"
"07. 삼광","13-1. AV4 Series","DNM5700/4","12K","2월","MV0000","UNMAPPED_FALLBACK"
"07. 삼광","13-1. AV4 Series","DNM5700/4","12K","2월","MV0000","UNMAPPED_FALLBACK"
"07. 삼광","13-1. AV4 Series","DNM5700/4","12K","2월","MV0000","UNMAPPED_FALLBACK"
"07. 삼광","13-1. AV4 Series","DNM5700/4","12K","3월","MV0000","UNMAPPED_FALLBACK"
"07. 삼광","13-1. AV4 Series","DNM5700/4","12K","3월","MV0000","UNMAPPED_FALLBACK"
"07. 삼광","13-1. AV4 Series","DNM5700/4","12K","3월","MV0000","UNMAPPED_FALLBACK"
"07. 삼광","13-1. AV4 Series","DNM5700/4","12K","3월","MV0000","UNMAPPED_FALLBACK"
"07. 삼광","13-1. AV4 Series","DNM5700/4","12K","3월","MV0000","UNMAPPED_FALLBACK"
"07. 삼광","13-1. AV4 Series","DNM5700/4","12K","3월","MV0000","UNMAPPED_FALLBACK"
"07. 삼광","13-1. AV4 Series","DNM5700/4","12K","3월","MV0000","UNMAPPED_FALLBACK"
"07. 삼광","13-1. AV4 Series","DNM5700/4","12K","3월","MV0000","UNMAPPED_FALLBACK"
"07. 삼광","13-1. AV4 Series","DNM5700/4","12K","3월","MV0000","UNMAPPED_FALLBACK"
"07. 삼광","13-1. AV4 Series","DNM5700/4","12K","3월","MV0000","UNMAPPED_FALLBACK"
"07. 삼광","13-1. AV4 Series","DNM5700/4","12K","3월","MV0000","UNMAPPED_FALLBACK"
"07. 삼광","13-1. AV4 Series","DNM5700/4","12K","3월","MV0000","UNMAPPED_FALLBACK"
"07. 삼광","13-1. AV4 Series","DNM5700/4","12K","3월","MV0000","UNMAPPED_FALLBACK"
"07. 삼광","13-1. AV4 Series","DNM5700/4","12K","3월","MV0000","UNMAPPED_FALLBACK"
"07. 삼광","13-1. AV4 Series","DNM5700/4","12K","3월","MV0000","UNMAPPED_FALLBACK"
"07. 삼광","13-1. AV4 Series","DNM5700/4","12K","3월","MV0000","UNMAPPED_FALLBACK"
"07. 삼광","13-1. AV4 Series","DNM5700/4","12K","3월","MV0000","UNMAPPED_FALLBACK"
"07. 삼광","13-1. AV4 Series","DNM5700/4","12K","3월","MV0000","UNMAPPED_FALLBACK"
"07. 삼광","13-1. AV4 Series","DNM5700/4","12K","3월","MV0000","UNMAPPED_FALLBACK"
"07. 삼광","13-1. AV4 Series","DNM5700/4","12K","3월","MV0000","UNMAPPED_FALLBACK"
"07. 삼광","13-1. AV4 Series","DNM5700/4","12K","3월","MV0000","UNMAPPED_FALLBACK"
"07. 삼광","13-1. AV4 Series","DNM5700/4","12K","3월","MV0000","UNMAPPED_FALLBACK"
"07. 삼광","13-1. AV4 Series","DNM5700/4","12K","3월","MV0000","UNMAPPED_FALLBACK"
"07. 삼광","13-1. AV4 Series","DNM5700/4","12K","3월","MV0000","UNMAPPED_FALLBACK"
"07. 삼광","13-1. AV4 Series","DNM5700/4","12K","3월","MV0000","UNMAPPED_FALLBACK"
"07. 삼광","13-1. AV4 Series","DNM5700/4","12K","3월","MV0000","UNMAPPED_FALLBACK"
"07. 삼광","13-1. AV4 Series","DNM5700/4","12K","3월","MV0000","UNMAPPED_FALLBACK"
"07. 삼광","13-1. AV4 Series","DNM5700/4","12K","4월","MV0000","UNMAPPED_FALLBACK"
"07. 삼광","13-1. AV4 Series","DNM5700/4","12K","4월","MV0000","UNMAPPED_FALLBACK"
"07. 삼광","13-1. AV4 Series","DNM5700/4","12K","4월","MV0000","UNMAPPED_FALLBACK"
"07. 삼광","13-1. AV4 Series","DNM5700/4","12K","4월","MV0000","UNMAPPED_FALLBACK"
"07. 삼광","13-1. AV4 Series","DNM5700/4","12K","4월","MV0000","UNMAPPED_FALLBACK"
"07. 삼광","13-1. AV4 Series","DNM5700/4","12K","4월","MV0000","UNMAPPED_FALLBACK"
"07. 삼광","13-1. AV4 Series","DNM5700/4","12K","4월","MV0000","UNMAPPED_FALLBACK"
"07. 삼광","13-1. AV4 Series","DNM5700/4","12K","4월","MV0000","UNMAPPED_FALLBACK"
"07. 삼광","13-1. AV4 Series","DNM5700/4","12K","4월","MV0000","UNMAPPED_FALLBACK"
"07. 삼광","13-1. AV4 Series","DNM5700/4","12K","4월","MV0000","UNMAPPED_FALLBACK"
"07. 삼광","13-1. AV4 Series","DNM5700/4","12K","4월","MV0000","UNMAPPED_FALLBACK"
"07. 삼광","13-1. AV4 Series","DNM5700/4","12K","4월","MV0000","UNMAPPED_FALLBACK"
"07. 삼광","13-1. AV4 Series","DNM5700/4","12K","4월","MV0000","UNMAPPED_FALLBACK"
"07. 삼광","13-1. AV4 Series","DNM5700/4","12K","4월","MV0000","UNMAPPED_FALLBACK"
"07. 삼광","13-1. AV4 Series","DNM5700/4","12K","4월","MV0000","UNMAPPED_FALLBACK"
"07. 삼광","13-1. AV4 Series","DNM5700/4","12K","4월","MV0000","UNMAPPED_FALLBACK"
"07. 삼광","13-1. AV4 Series","DNM5700/4","12K","4월","MV0000","UNMAPPED_FALLBACK"
"07. 삼광","13-1. AV4 Series","DNM5700/4","12K","4월","MV0000","UNMAPPED_FALLBACK"
"07. 삼광","13-1. AV4 Series","DNM5700/4","12K","4월","MV0000","UNMAPPED_FALLBACK"
"07. 삼광","13-1. AV4 Series","DNM5700/4","12K","4월","MV0000","UNMAPPED_FALLBACK"
"07. 삼광","13-1. AV4 Series","DNM5700/4","12K","4월","MV0000","UNMAPPED_FALLBACK"
"07. 삼광","13-1. AV4 Series","DNM5700/4","12K","4월","MV0000","UNMAPPED_FALLBACK"
"07. 삼광","13-1. AV4 Series","DNM5700/4","12K","4월","MV0000","UNMAPPED_FALLBACK"
"07. 삼광","13-1. AV4 Series","DNM5700/4","12K","4월","MV0000","UNMAPPED_FALLBACK"
"07. 삼광","13-1. AV4 Series","DNM5700/4","12K","4월","MV0000","UNMAPPED_FALLBACK"
"07. 삼광","13-1. AV4 Series","DNM5700/4","12K","4월","MV0000","UNMAPPED_FALLBACK"
"07. 삼광","13-1. AV4 Series","DNM5700/4","12K","4월","MV0000","UNMAPPED_FALLBACK"
"07. 삼광","13-1. AV4 Series","DNM5700/4","12K","4월","MV0000","UNMAPPED_FALLBACK"
"07. 삼광","13-1. AV4 Series","DNM5700/4","12K","4월","MV0000","UNMAPPED_FALLBACK"
"07. 삼광","13-1. AV4 Series","DNM5700/4","12K","5월","MV0000","UNMAPPED_FALLBACK"
"07. 삼광","13-1. AV4 Series","DNM5700/4","12K","5월","MV0000","UNMAPPED_FALLBACK"
"07. 삼광","13-1. AV4 Series","DNM5700/4","12K","5월","MV0000","UNMAPPED_FALLBACK"
"07. 삼광","13-1. AV4 Series","DNM5700/4","12K","5월","MV0000","UNMAPPED_FALLBACK"
"07. 삼광","13-1. AV4 Series","DNM5700/4","12K","5월","MV0000","UNMAPPED_FALLBACK"
"07. 삼광","13-1. AV4 Series","DNM5700/4","12K","5월","MV0000","UNMAPPED_FALLBACK"
"07. 삼광","13-1. AV4 Series","DNM5700/4","12K","5월","MV0000","UNMAPPED_FALLBACK"
"07. 삼광","13-1. AV4 Series","DNM5700/4","12K","5월","MV0000","UNMAPPED_FALLBACK"
"07. 삼광","13-1. AV4 Series","DNM5700/4","12K","5월","MV0000","UNMAPPED_FALLBACK"
"07. 삼광","13-1. AV4 Series","DNM5700/4","12K","5월","MV0000","UNMAPPED_FALLBACK"
"07. 삼광","13-1. AV4 Series","DNM5700/4","12K","5월","MV0000","UNMAPPED_FALLBACK"
"07. 삼광","13-1. AV4 Series","DNM5700/4","12K","5월","MV0000","UNMAPPED_FALLBACK"
"07. 삼광","13-1. AV4 Series","DNM5700/4","12K","5월","MV0000","UNMAPPED_FALLBACK"
"07. 삼광","13-1. AV4 Series","DNM5700/4","12K","5월","MV0000","UNMAPPED_FALLBACK"
"07. 삼광","13-1. AV4 Series","DNM5700/4","12K","5월","MV0000","UNMAPPED_FALLBACK"
"07. 삼광","13-1. AV4 Series","DNM5700/4","12K","5월","MV0000","UNMAPPED_FALLBACK"
"07. 삼광","13-1. AV4 Series","DNM5700/4","12K","5월","MV0000","UNMAPPED_FALLBACK"
"07. 삼광","13-1. AV4 Series","DNM5700/4","12K","5월","MV0000","UNMAPPED_FALLBACK"
"07. 삼광","13-1. AV4 Series","DNM5700/4","12K","5월","MV0000","UNMAPPED_FALLBACK"
"07. 삼광","13-1. AV4 Series","DNM5700/4","12K","5월","MV0000","UNMAPPED_FALLBACK"
"07. 삼광","13-1. AV4 Series","DNM5700/4","12K","5월","MV0000","UNMAPPED_FALLBACK"
"07. 삼광","13-1. AV4 Series","DNM5700/4","12K","5월","MV0000","UNMAPPED_FALLBACK"
"07. 삼광","13-1. AV4 Series","DNM5700/4","12K","5월","MV0000","UNMAPPED_FALLBACK"
"07. 삼광","13-1. AV4 Series","DNM5700/4","12K","5월","MV0000","UNMAPPED_FALLBACK"
"07. 삼광","13-1. AV4 Series","DNM5700/4","12K","6월","MV0000","UNMAPPED_FALLBACK"
"07. 삼광","13-1. AV4 Series","DNM5700/4","12K","6월","MV0000","UNMAPPED_FALLBACK"
"07. 삼광","13-1. AV4 Series","DNM5700/4","12K","6월","MV0000","UNMAPPED_FALLBACK"
"07. 삼광","13-1. AV4 Series","DNM5700/4","12K","6월","MV0000","UNMAPPED_FALLBACK"
"07. 삼광","13-1. AV4 Series","DNM5700/4","12K","6월","MV0000","UNMAPPED_FALLBACK"
"07. 삼광","13-1. AV4 Series","DNM5700/4","12K","6월","MV0000","UNMAPPED_FALLBACK"
"07. 삼광","13-1. AV4 Series","DNM5700/4","12K","6월","MV0000","UNMAPPED_FALLBACK"
"07. 삼광","13-1. AV4 Series","DNM5700/4","12K","6월","MV0000","UNMAPPED_FALLBACK"
"07. 삼광","13-1. AV4 Series","DNM5700/4","12K","6월","MV0000","UNMAPPED_FALLBACK"
"07. 삼광","13-1. AV4 Series","DNM5700/4","12K","6월","MV0000","UNMAPPED_FALLBACK"
"07. 삼광","13-1. AV4 Series","DNM5700/4","12K","6월","MV0000","UNMAPPED_FALLBACK"
"07. 삼광","13-1. AV4 Series","DNM5700/4","12K","6월","MV0000","UNMAPPED_FALLBACK"
"07. 삼광","13-1. AV4 Series","DNM5700/4","12K","6월","MV0000","UNMAPPED_FALLBACK"
"07. 삼광","13-1. AV4 Series","DNM5700/4","12K","6월","MV0000","UNMAPPED_FALLBACK"
"07. 삼광","13-1. AV4 Series","DNM5700/4","12K","6월","MV0000","UNMAPPED_FALLBACK"
"07. 삼광","13-1. AV4 Series","DNM5700/4","12K","6월","MV0000","UNMAPPED_FALLBACK"
"07. 삼광","13-1. AV4 Series","DNM5700/4","12K","6월","MV0000","UNMAPPED_FALLBACK"
"07. 삼광","13-1. AV4 Series","DNM5700/4","12K","6월","MV0000","UNMAPPED_FALLBACK"
"07. 삼광","13-1. AV4 Series","DNM5700/4","12K","6월","MV0000","UNMAPPED_FALLBACK"
"07. 삼광","13-1. AV4 Series","DNM5700/4","12K","6월","MV0000","UNMAPPED_FALLBACK"
"07. 삼광","13-1. AV4 Series","DNM5700/4","12K","6월","MV0000","UNMAPPED_FALLBACK"
"07. 삼광","13-1. AV4 Series","DNM5700/4","12K","6월","MV0000","UNMAPPED_FALLBACK"
"07. 삼광","13-1. AV4 Series","DNM5700/4","12K","6월","MV0000","UNMAPPED_FALLBACK"
"07. 삼광","13-1. AV4 Series","DNM5700/4","12K","6월","MV0000","UNMAPPED_FALLBACK"
"07. 삼광","13-1. AV4 Series","DNM5700/4","12K","6월","MV0000","UNMAPPED_FALLBACK"
"07. 삼광","13-1. AV4 Series","DNM5700/4","12K","7월","MV0000","UNMAPPED_FALLBACK"
"07. 삼광","13-1. AV4 Series","DNM5700/4","12K","7월","MV0000","UNMAPPED_FALLBACK"
"07. 삼광","13-1. AV4 Series","DNM5700/4","12K","7월","MV0000","UNMAPPED_FALLBACK"
"07. 삼광","13-1. AV4 Series","DNM5700/4","12K","7월","MV0000","UNMAPPED_FALLBACK"
"07. 삼광","13-1. AV4 Series","DNM5700/4","12K","7월","MV0000","UNMAPPED_FALLBACK"
"07. 삼광","13-1. AV4 Series","DNM5700/4","12K","7월","MV0000","UNMAPPED_FALLBACK"
"07. 삼광","13-1. AV4 Series","DNM5700/4","12K","7월","MV0000","UNMAPPED_FALLBACK"
"07. 삼광","13-1. AV4 Series","DNM5700/4","12K","7월","MV0000","UNMAPPED_FALLBACK"
"07. 삼광","13-1. AV4 Series","DNM5700/4","12K","7월","MV0000","UNMAPPED_FALLBACK"
"07. 삼광","13-1. AV4 Series","DNM5700/4","12K","7월","MV0000","UNMAPPED_FALLBACK"
"07. 삼광","13-1. AV4 Series","DNM5700/4","12K","7월","MV0000","UNMAPPED_FALLBACK"
"07. 삼광","13-1. AV4 Series","DNM5700/4","12K","7월","MV0000","UNMAPPED_FALLBACK"
"07. 삼광","13-1. AV4 Series","DNM5700/4","12K","7월","MV0000","UNMAPPED_FALLBACK"
"07. 삼광","13-1. AV4 Series","DNM5700/4","12K","7월","MV0000","UNMAPPED_FALLBACK"
"07. 삼광","13-1. AV4 Series","DNM5700/4","12K","7월","MV0000","UNMAPPED_FALLBACK"
"07. 삼광","13-1. AV4 Series","DNM5700/4","12K","7월","MV0000","UNMAPPED_FALLBACK"
"07. 삼광","13-1. AV4 Series","DNM5700/4","12K","7월","MV0000","UNMAPPED_FALLBACK"
"07. 삼광","13-1. AV4 Series","DNM5700/4","12K","7월","MV0000","UNMAPPED_FALLBACK"
"07. 삼광","13-1. AV4 Series","DNM5700/4","12K","7월","MV0000","UNMAPPED_FALLBACK"
"07. 삼광","13-1. AV4 Series","DNM5700/4","12K","7월","MV0000","UNMAPPED_FALLBACK"
"07. 삼광","13-1. AV4 Series","DNM5700/4","12K","7월","MV0000","UNMAPPED_FALLBACK"
"07. 삼광","13-1. AV4 Series","DNM5700/4","12K","7월","MV0000","UNMAPPED_FALLBACK"
"07. 삼광","13-1. AV4 Series","DNM5700/4","12K","7월","MV0000","UNMAPPED_FALLBACK"
"07. 삼광","13-1. AV4 Series","DNM5700/4","12K","7월","MV0000","UNMAPPED_FALLBACK"
"07. 삼광","13-1. AV4 Series","DNM5700/4","12K(지멘스)","4월","MV0000","UNMAPPED_FALLBACK"
"07. 삼광","13-1. AV4 Series","DNM5700/4","12K(지멘스)","4월","MV0000","UNMAPPED_FALLBACK"
"07. 삼광","13-1. AV4 Series","DNM5700/4","12K(지멘스)","4월","MV0000","UNMAPPED_FALLBACK"
"07. 삼광","13-1. AV4 Series","DNM5700/4","12K(지멘스)","5월","MV0000","UNMAPPED_FALLBACK"
"07. 삼광","13-1. AV4 Series","DNM5700/4","12K(지멘스)","5월","MV0000","UNMAPPED_FALLBACK"
"07. 삼광","13-1. AV4 Series","DNM5700/4","12K(지멘스)","6월","MV0000","UNMAPPED_FALLBACK"
"07. 삼광","13-1. AV4 Series","DNM5700/4","12K(지멘스)","6월","MV0000","UNMAPPED_FALLBACK"
"07. 삼광","13-1. AV4 Series","DNM5700/4","12K(지멘스)","6월","MV0000","UNMAPPED_FALLBACK"
"07. 삼광","13-1. AV4 Series","DNM5700/4","12K(지멘스)","7월","MV0000","UNMAPPED_FALLBACK"
"07. 삼광","13-1. AV4 Series","DNM5700/4","12K(지멘스)","7월","MV0000","UNMAPPED_FALLBACK"
"07. 삼광","13-1. AV4 Series","DNM5700/4","15K(지멘스)","2월","MV0000","UNMAPPED_FALLBACK"
"07. 삼광","13-1. AV4 Series","DNM5700/4","15K(지멘스)","2월","MV0000","UNMAPPED_FALLBACK"
"09. 서진","12. MYNX Series","MYNX6500/40 II","8K","2월","MV0000","UNMAPPED_FALLBACK"
"09. 서진","12. MYNX Series","MYNX6500/40 II","8K","3월","MV0000","UNMAPPED_FALLBACK"
"09. 서진","12. MYNX Series","MYNX6500/40 II","8K","3월","MV0000","UNMAPPED_FALLBACK"
"09. 서진","12. MYNX Series","MYNX6500/40 II","8K","3월","MV0000","UNMAPPED_FALLBACK"
"09. 서진","12. MYNX Series","MYNX6500/40 II","8K","3월","MV0000","UNMAPPED_FALLBACK"
"09. 서진","12. MYNX Series","MYNX6500/40 II","8K","3월","MV0000","UNMAPPED_FALLBACK"
"09. 서진","12. MYNX Series","MYNX6500/40 II","8K","4월","MV0000","UNMAPPED_FALLBACK"
"09. 서진","12. MYNX Series","MYNX6500/40 II","8K","5월","MV0000","UNMAPPED_FALLBACK"
"09. 서진","12. MYNX Series","MYNX6500/40 II","8K","5월","MV0000","UNMAPPED_FALLBACK"
"09. 서진","12. MYNX Series","MYNX6500/40 II","8K","5월","MV0000","UNMAPPED_FALLBACK"
"09. 서진","12. MYNX Series","MYNX6500/40 II","8K","5월","MV0000","UNMAPPED_FALLBACK"
"09. 서진","12. MYNX Series","MYNX6500/40 II","8K","5월","MV0000","UNMAPPED_FALLBACK"
"09. 서진","12. MYNX Series","MYNX6500/40 II","8K","6월","MV0000","UNMAPPED_FALLBACK"
"09. 서진","12. MYNX Series","MYNX6500/40 II","8K","6월","MV0000","UNMAPPED_FALLBACK"
"09. 서진","12. MYNX Series","MYNX6500/40 II","8K","7월","MV0000","UNMAPPED_FALLBACK"
"09. 서진","12. MYNX Series","MYNX6500/40 II","8K","7월","MV0000","UNMAPPED_FALLBACK"
"09. 서진","12. MYNX Series","MYNX6500/40 II","8K","7월","MV0000","UNMAPPED_FALLBACK"
"09. 서진","12. MYNX Series","MYNX6500/40 II","12K","2월","MV0000","UNMAPPED_FALLBACK"
"09. 서진","12. MYNX Series","MYNX6500/40 II","12K","2월","MV0000","UNMAPPED_FALLBACK"
"09. 서진","12. MYNX Series","MYNX6500/40 II","12K","3월","MV0000","UNMAPPED_FALLBACK"
"09. 서진","12. MYNX Series","MYNX6500/40 II","12K","3월","MV0000","UNMAPPED_FALLBACK"
"09. 서진","12. MYNX Series","MYNX6500/40 II","12K","3월","MV0000","UNMAPPED_FALLBACK"
"09. 서진","12. MYNX Series","MYNX6500/40 II","12K","3월","MV0000","UNMAPPED_FALLBACK"
"09. 서진","12. MYNX Series","MYNX6500/40 II","12K","4월","MV0000","UNMAPPED_FALLBACK"
"09. 서진","12. MYNX Series","MYNX6500/40 II","12K","4월","MV0000","UNMAPPED_FALLBACK"
"09. 서진","12. MYNX Series","MYNX6500/40 II","12K","4월","MV0000","UNMAPPED_FALLBACK"
"09. 서진","12. MYNX Series","MYNX6500/40 II","12K","4월","MV0000","UNMAPPED_FALLBACK"
"09. 서진","12. MYNX Series","MYNX6500/40 II","12K","4월","MV0000","UNMAPPED_FALLBACK"
"09. 서진","12. MYNX Series","MYNX6500/40 II","12K","4월","MV0000","UNMAPPED_FALLBACK"
"09. 서진","12. MYNX Series","MYNX6500/40 II","12K","4월","MV0000","UNMAPPED_FALLBACK"
"09. 서진","12. MYNX Series","MYNX6500/40 II","12K","4월","MV0000","UNMAPPED_FALLBACK"
"09. 서진","12. MYNX Series","MYNX6500/40 II","12K","5월","MV0000","UNMAPPED_FALLBACK"
"09. 서진","12. MYNX Series","MYNX6500/40 II","12K","5월","MV0000","UNMAPPED_FALLBACK"
"09. 서진","12. MYNX Series","MYNX6500/40 II","12K","5월","MV0000","UNMAPPED_FALLBACK"
"09. 서진","12. MYNX Series","MYNX6500/40 II","12K","5월","MV0000","UNMAPPED_FALLBACK"
"09. 서진","12. MYNX Series","MYNX6500/40 II","12K","5월","MV0000","UNMAPPED_FALLBACK"
"09. 서진","12. MYNX Series","MYNX6500/40 II","12K","5월","MV0000","UNMAPPED_FALLBACK"
"09. 서진","12. MYNX Series","MYNX6500/40 II","12K","5월","MV0000","UNMAPPED_FALLBACK"
"09. 서진","12. MYNX Series","MYNX6500/40 II","12K","5월","MV0000","UNMAPPED_FALLBACK"
"09. 서진","12. MYNX Series","MYNX6500/40 II","12K","6월","MV0000","UNMAPPED_FALLBACK"
"09. 서진","12. MYNX Series","MYNX6500/40 II","12K","6월","MV0000","UNMAPPED_FALLBACK"
"09. 서진","12. MYNX Series","MYNX6500/40 II","12K","6월","MV0000","UNMAPPED_FALLBACK"
"09. 서진","12. MYNX Series","MYNX6500/40 II","12K","6월","MV0000","UNMAPPED_FALLBACK"
"09. 서진","12. MYNX Series","MYNX6500/40 II","12K","6월","MV0000","UNMAPPED_FALLBACK"
"09. 서진","12. MYNX Series","MYNX6500/40 II","12K","6월","MV0000","UNMAPPED_FALLBACK"
"09. 서진","12. MYNX Series","MYNX6500/40 II","12K","6월","MV0000","UNMAPPED_FALLBACK"
"09. 서진","12. MYNX Series","MYNX6500/40 II","12K","6월","MV0000","UNMAPPED_FALLBACK"
"09. 서진","12. MYNX Series","MYNX6500/40 II","12K","7월","MV0000","UNMAPPED_FALLBACK"
"09. 서진","12. MYNX Series","MYNX6500/40 II","12K","7월","MV0000","UNMAPPED_FALLBACK"
"09. 서진","12. MYNX Series","MYNX6500/40 II","12K","7월","MV0000","UNMAPPED_FALLBACK"
"09. 서진","12. MYNX Series","MYNX6500/40 II","12K","7월","MV0000","UNMAPPED_FALLBACK"
"09. 서진","12. MYNX Series","MYNX6500/40 II","12K","7월","MV0000","UNMAPPED_FALLBACK"
"09. 서진","12. MYNX Series","MYNX6500/40 II","12K","7월","MV0000","UNMAPPED_FALLBACK"
"09. 서진","12. MYNX Series","MYNX6500/40 II","12K","7월","MV0000","UNMAPPED_FALLBACK"
"09. 서진","12. MYNX Series","MYNX6500/40 II","12K","7월","MV0000","UNMAPPED_FALLBACK"
"09. 서진","12. MYNX Series","MYNX6500/40 II","12K","7월","MV0000","UNMAPPED_FALLBACK"
"09. 서진","12. MYNX Series","MYNX6500/40 II","12K","7월","MV0000","UNMAPPED_FALLBACK"
"09. 서진","12. MYNX Series","MYNX6500/50 II","12K","2월","MV0000","UNMAPPED_FALLBACK"
"09. 서진","12. MYNX Series","MYNX6500/50 II","12K","3월","MV0000","UNMAPPED_FALLBACK"
"09. 서진","12. MYNX Series","MYNX6500/50 II","12K","3월","MV0000","UNMAPPED_FALLBACK"
"09. 서진","12. MYNX Series","MYNX6500/50 II","12K","3월","MV0000","UNMAPPED_FALLBACK"
"09. 서진","12. MYNX Series","MYNX6500/50 II","12K","3월","MV0000","UNMAPPED_FALLBACK"
"09. 서진","12. MYNX Series","MYNX6500/50 II","12K","3월","MV0000","UNMAPPED_FALLBACK"
"09. 서진","12. MYNX Series","MYNX6500/50 II","12K","4월","MV0000","UNMAPPED_FALLBACK"
"09. 서진","12. MYNX Series","MYNX6500/50 II","12K","4월","MV0000","UNMAPPED_FALLBACK"
"09. 서진","12. MYNX Series","MYNX6500/50 II","12K","4월","MV0000","UNMAPPED_FALLBACK"
"09. 서진","12. MYNX Series","MYNX6500/50 II","12K","4월","MV0000","UNMAPPED_FALLBACK"
"09. 서진","12. MYNX Series","MYNX6500/50 II","12K","4월","MV0000","UNMAPPED_FALLBACK"
"09. 서진","12. MYNX Series","MYNX6500/50 II","12K","4월","MV0000","UNMAPPED_FALLBACK"
"09. 서진","12. MYNX Series","MYNX6500/50 II","12K","4월","MV0000","UNMAPPED_FALLBACK"
"09. 서진","12. MYNX Series","MYNX6500/50 II","12K","4월","MV0000","UNMAPPED_FALLBACK"
"09. 서진","12. MYNX Series","MYNX6500/50 II","12K","4월","MV0000","UNMAPPED_FALLBACK"
"09. 서진","12. MYNX Series","MYNX6500/50 II","12K","5월","MV0000","UNMAPPED_FALLBACK"
"09. 서진","12. MYNX Series","MYNX6500/50 II","12K","5월","MV0000","UNMAPPED_FALLBACK"
"09. 서진","12. MYNX Series","MYNX6500/50 II","12K","5월","MV0000","UNMAPPED_FALLBACK"
"09. 서진","12. MYNX Series","MYNX6500/50 II","12K","5월","MV0000","UNMAPPED_FALLBACK"
"09. 서진","12. MYNX Series","MYNX6500/50 II","12K","5월","MV0000","UNMAPPED_FALLBACK"
"09. 서진","12. MYNX Series","MYNX6500/50 II","12K","5월","MV0000","UNMAPPED_FALLBACK"
"09. 서진","12. MYNX Series","MYNX6500/50 II","12K","5월","MV0000","UNMAPPED_FALLBACK"
"09. 서진","12. MYNX Series","MYNX6500/50 II","12K","5월","MV0000","UNMAPPED_FALLBACK"
"09. 서진","12. MYNX Series","MYNX6500/50 II","12K","5월","MV0000","UNMAPPED_FALLBACK"
"09. 서진","12. MYNX Series","MYNX6500/50 II","12K","5월","MV0000","UNMAPPED_FALLBACK"
"09. 서진","12. MYNX Series","MYNX6500/50 II","12K","5월","MV0000","UNMAPPED_FALLBACK"
"09. 서진","12. MYNX Series","MYNX6500/50 II","12K","6월","MV0000","UNMAPPED_FALLBACK"
"09. 서진","12. MYNX Series","MYNX6500/50 II","12K","6월","MV0000","UNMAPPED_FALLBACK"
"09. 서진","12. MYNX Series","MYNX6500/50 II","12K","6월","MV0000","UNMAPPED_FALLBACK"
"09. 서진","12. MYNX Series","MYNX6500/50 II","12K","6월","MV0000","UNMAPPED_FALLBACK"
"09. 서진","12. MYNX Series","MYNX6500/50 II","12K","6월","MV0000","UNMAPPED_FALLBACK"
"09. 서진","12. MYNX Series","MYNX6500/50 II","12K","6월","MV0000","UNMAPPED_FALLBACK"
"09. 서진","12. MYNX Series","MYNX6500/50 II","12K","6월","MV0000","UNMAPPED_FALLBACK"
"09. 서진","12. MYNX Series","MYNX6500/50 II","12K","6월","MV0000","UNMAPPED_FALLBACK"
"09. 서진","12. MYNX Series","MYNX6500/50 II","12K","6월","MV0000","UNMAPPED_FALLBACK"
"09. 서진","12. MYNX Series","MYNX6500/50 II","12K","6월","MV0000","UNMAPPED_FALLBACK"
"09. 서진","12. MYNX Series","MYNX6500/50 II","12K","6월","MV0000","UNMAPPED_FALLBACK"
"09. 서진","12. MYNX Series","MYNX6500/50 II","12K","7월","MV0000","UNMAPPED_FALLBACK"
"09. 서진","12. MYNX Series","MYNX6500/50 II","12K","7월","MV0000","UNMAPPED_FALLBACK"
"09. 서진","12. MYNX Series","MYNX6500/50 II","12K","7월","MV0000","UNMAPPED_FALLBACK"
"09. 서진","12. MYNX Series","MYNX6500/50 II","12K","7월","MV0000","UNMAPPED_FALLBACK"
"09. 서진","12. MYNX Series","MYNX6500/50 II","12K","7월","MV0000","UNMAPPED_FALLBACK"
"09. 서진","12. MYNX Series","MYNX6500/50 II","12K","7월","MV0000","UNMAPPED_FALLBACK"
"09. 서진","12. MYNX Series","MYNX6500/50 II","12K","7월","MV0000","UNMAPPED_FALLBACK"
"09. 서진","12. MYNX Series","MYNX6500/50 II","12K","7월","MV0000","UNMAPPED_FALLBACK"
"09. 서진","12. MYNX Series","MYNX6500/50 II","12K","7월","MV0000","UNMAPPED_FALLBACK"
"09. 서진","12. MYNX Series","MYNX6500/50 II","12K","7월","MV0000","UNMAPPED_FALLBACK"
"09. 서진","12. MYNX Series","MYNX7500/40 II","12K(H/H)","6월","MV0000","UNMAPPED_FALLBACK"
"09. 서진","12. MYNX Series","MYNX7500/40 II","8K","6월","MV0000","UNMAPPED_FALLBACK"
"09. 서진","12. MYNX Series","MYNX7500/40 II","8K","7월","MV0000","UNMAPPED_FALLBACK"
"09. 서진","12. MYNX Series","MYNX7500/40 II","8K","7월","MV0000","UNMAPPED_FALLBACK"
"09. 서진","12. MYNX Series","MYNX7500/40 II","8K","7월","MV0000","UNMAPPED_FALLBACK"
"09. 서진","12. MYNX Series","MYNX7500/40 II","12K","5월","MV0000","UNMAPPED_FALLBACK"
"09. 서진","12. MYNX Series","MYNX7500/40 II","12K","6월","MV0000","UNMAPPED_FALLBACK"
"09. 서진","12. MYNX Series","MYNX7500/40 II","12K","7월","MV0000","UNMAPPED_FALLBACK"
"09. 서진","12. MYNX Series","MYNX7500/50 II","6K","2월","MV0000","UNMAPPED_FALLBACK"
"09. 서진","12. MYNX Series","MYNX7500/50 II","6K","2월","MV0000","UNMAPPED_FALLBACK"
"09. 서진","12. MYNX Series","MYNX7500/50 II","6K","2월","MV0000","UNMAPPED_FALLBACK"
"09. 서진","12. MYNX Series","MYNX7500/50 II","6K","3월","MV0000","UNMAPPED_FALLBACK"
"09. 서진","12. MYNX Series","MYNX7500/50 II","6K","5월","MV0000","UNMAPPED_FALLBACK"
"09. 서진","12. MYNX Series","MYNX7500/50 II","6K","5월","MV0000","UNMAPPED_FALLBACK"
"09. 서진","12. MYNX Series","MYNX7500/50 II","6K","6월","MV0000","UNMAPPED_FALLBACK"
"09. 서진","12. MYNX Series","MYNX7500/50 II","6K","6월","MV0000","UNMAPPED_FALLBACK"
"09. 서진","12. MYNX Series","MYNX7500/50 II","6K","7월","MV0000","UNMAPPED_FALLBACK"
"09. 서진","12. MYNX Series","MYNX7500/50 II","6K-GEAR","2월","MV0000","UNMAPPED_FALLBACK"
"09. 서진","12. MYNX Series","MYNX7500/50 II","6K-GEAR","2월","MV0000","UNMAPPED_FALLBACK"
"09. 서진","12. MYNX Series","MYNX7500/50 II","6K-GEAR","3월","MV0000","UNMAPPED_FALLBACK"
"09. 서진","12. MYNX Series","MYNX7500/50 II","6K-GEAR","3월","MV0000","UNMAPPED_FALLBACK"
"09. 서진","12. MYNX Series","MYNX7500/50 II","6K-GEAR","3월","MV0000","UNMAPPED_FALLBACK"
"09. 서진","12. MYNX Series","MYNX7500/50 II","6K-GEAR","3월","MV0000","UNMAPPED_FALLBACK"
"09. 서진","12. MYNX Series","MYNX7500/50 II","6K-GEAR","4월","MV0000","UNMAPPED_FALLBACK"
"09. 서진","12. MYNX Series","MYNX7500/50 II","6K-GEAR","5월","MV0000","UNMAPPED_FALLBACK"
"09. 서진","12. MYNX Series","MYNX7500/50 II","6K-GEAR","5월","MV0000","UNMAPPED_FALLBACK"
"09. 서진","12. MYNX Series","MYNX7500/50 II","6K-GEAR","6월","MV0000","UNMAPPED_FALLBACK"
"09. 서진","12. MYNX Series","MYNX7500/50 II","6K-GEAR","6월","MV0000","UNMAPPED_FALLBACK"
"09. 서진","12. MYNX Series","MYNX7500/50 II","6K-GEAR","6월","MV0000","UNMAPPED_FALLBACK"
"09. 서진","12. MYNX Series","MYNX7500/50 II","6K-GEAR","7월","MV0000","UNMAPPED_FALLBACK"
"09. 서진","12. MYNX Series","MYNX7500/50 II","6K-GEAR","7월","MV0000","UNMAPPED_FALLBACK"
"09. 서진","12. MYNX Series","MYNX7500/50 II","8K","2월","MV0000","UNMAPPED_FALLBACK"
"09. 서진","12. MYNX Series","MYNX7500/50 II","8K","2월","MV0000","UNMAPPED_FALLBACK"
"09. 서진","12. MYNX Series","MYNX7500/50 II","8K","3월","MV0000","UNMAPPED_FALLBACK"
"09. 서진","12. MYNX Series","MYNX7500/50 II","8K","3월","MV0000","UNMAPPED_FALLBACK"
"09. 서진","12. MYNX Series","MYNX7500/50 II","8K","4월","MV0000","UNMAPPED_FALLBACK"
"09. 서진","12. MYNX Series","MYNX7500/50 II","8K","5월","MV0000","UNMAPPED_FALLBACK"
"09. 서진","12. MYNX Series","MYNX7500/50 II","8K","6월","MV0000","UNMAPPED_FALLBACK"
"09. 서진","12. MYNX Series","MYNX7500/50 II","8K","7월","MV0000","UNMAPPED_FALLBACK"
"09. 서진","12. MYNX Series","MYNX7500/50 II","8K","7월","MV0000","UNMAPPED_FALLBACK"
"09. 서진","12. MYNX Series","MYNX7500/50 II","(비어 있음)","7월","MV0000","UNMAPPED_FALLBACK"
"09. 서진","12. MYNX Series","MYNX7500/50 II","6K(지멘스)","3월","MV0000","UNMAPPED_FALLBACK"
"09. 서진","12. MYNX Series","MYNX7500/50 II","6K(지멘스)","3월","MV0000","UNMAPPED_FALLBACK"
"09. 서진","12. MYNX Series","MYNX7500/50 II","6K(지멘스)","4월","MV0000","UNMAPPED_FALLBACK"
"09. 서진","12. MYNX Series","MYNX7500/50 II","6K(지멘스)","5월","MV0000","UNMAPPED_FALLBACK"
"09. 서진","12. MYNX Series","MYNX7500/50 II","8K(H/H)","5월","MV0000","UNMAPPED_FALLBACK"
"09. 서진","12. MYNX Series","MYNX7500/50 II","6K(H/H)","4월","MV0000","UNMAPPED_FALLBACK"
"09. 서진","13-3. DEM4000","DEM4000","8K","3월","MV0137","DEM4000-F0MP-0-B10"
"09. 서진","13-3. DEM4000","DEM4000","8K","3월","MV0137","DEM4000-F0MP-0-B10"
"09. 서진","13-3. DEM4000","DEM4000","8K","3월","MV0137","DEM4000-F0MP-0-B10"
"09. 서진","13-3. DEM4000","DEM4000","8K","7월","MV0137","DEM4000-F0MP-0-B10"
"09. 서진","13-3. DEM4000","DEM4000","8K","7월","MV0137","DEM4000-F0MP-0-B10"
"09. 서진","15. VC430/500/510 Series","VC 3600/30","18K","5월","MV0109","VC3600-F0MP-0-K30"
"09. 서진","15. VC430/500/510 Series","VC 3600/30","18K","5월","MV0109","VC3600-F0MP-0-K30"
"09. 서진","15. VC430/500/510 Series","VC 3600/30","18K","6월","MV0109","VC3600-F0MP-0-K30"
"09. 서진","15. VC430/500/510 Series","VC 3600/30","12K","2월","MV0109","VC3600-F0MP-0-K30"
"09. 서진","15. VC430/500/510 Series","VC 3600/30","12K","3월","MV0109","VC3600-F0MP-0-K30"
"09. 서진","15. VC430/500/510 Series","VC 3600/30","12K","4월","MV0109","VC3600-F0MP-0-K30"
"09. 서진","15. VC430/500/510 Series","VC 3600/30","12K","5월","MV0109","VC3600-F0MP-0-K30"
"09. 서진","15. VC430/500/510 Series","VC 3600/30","12K","5월","MV0109","VC3600-F0MP-0-K30"
"09. 서진","15. VC430/500/510 Series","VC 3600/30","12K","6월","MV0109","VC3600-F0MP-0-K30"
"09. 서진","15. VC430/500/510 Series","VC 3600/30","12K","7월","MV0109","VC3600-F0MP-0-K30"
"09. 서진","15. VC430/500/510 Series","VC3600","12K","2월","MV0109","VC3600-F0MP-0-K30"
"09. 서진","15. VC430/500/510 Series","VC3600","12K","2월","MV0109","VC3600-F0MP-0-K30"
"09. 서진","15. VC430/500/510 Series","VC3600","12K","2월","MV0109","VC3600-F0MP-0-K30"
"09. 서진","15. VC430/500/510 Series","VC3600","12K","5월","MV0109","VC3600-F0MP-0-K30"
"09. 서진","15. VC430/500/510 Series","VC3600","12K","7월","MV0109","VC3600-F0MP-0-K30"
"09. 서진","15. VC430/500/510 Series","VC430","12K","5월","MV0039","VC430-F0MP-0-K30"
"09. 서진","15. VC430/500/510 Series","VC430","12K","5월","MV0039","VC430-F0MP-0-K30"
"09. 서진","15. VC430/500/510 Series","VC430","12K","6월","MV0039","VC430-F0MP-0-K30"
"09. 서진","15. VC430/500/510 Series","VC430","10K","2월","MV0039","VC430-F0MP-0-K30"
"09. 서진","15. VC430/500/510 Series","VC430","10K","2월","MV0039","VC430-F0MP-0-K30"
"09. 서진","15. VC430/500/510 Series","VC430","10K","2월","MV0039","VC430-F0MP-0-K30"
"09. 서진","15. VC430/500/510 Series","VC430","10K","2월","MV0039","VC430-F0MP-0-K30"
"09. 서진","15. VC430/500/510 Series","VC430","10K","5월","MV0039","VC430-F0MP-0-K30"
"09. 서진","15. VC430/500/510 Series","VC430","10K","5월","MV0039","VC430-F0MP-0-K30"
"09. 서진","15. VC430/500/510 Series","VC430","10K","6월","MV0039","VC430-F0MP-0-K30"
"09. 서진","15. VC430/500/510 Series","VC430","10K","6월","MV0039","VC430-F0MP-0-K30"
"09. 서진","15. VC430/500/510 Series","VC430","10K","6월","MV0039","VC430-F0MP-0-K30"
"09. 서진","15. VC430/500/510 Series","VC430","10K","6월","MV0039","VC430-F0MP-0-K30"
"09. 서진","15. VC430/500/510 Series","VC430","10K","7월","MV0039","VC430-F0MP-0-K30"
"09. 서진","15. VC430/500/510 Series","VC430","10K","7월","MV0039","VC430-F0MP-0-K30"
"09. 서진","15. VC430/500/510 Series","VC430","10K","7월","MV0039","VC430-F0MP-0-K30"
"09. 서진","15. VC430/500/510 Series","VC430","10K","7월","MV0039","VC430-F0MP-0-K30"
"09. 서진","15. VC430/500/510 Series","VC510","15K","2월","MV0061","VC510-F0MP-0-K30"
"09. 서진","15. VC430/500/510 Series","VC510","12K","2월","MV0061","VC510-F0MP-0-K30"
"09. 서진","15. VC430/500/510 Series","VC510","12K","2월","MV0061","VC510-F0MP-0-K30"
"09. 서진","15. VC430/500/510 Series","VC510","12K","3월","MV0061","VC510-F0MP-0-K30"
"09. 서진","15. VC430/500/510 Series","VC510","12K","3월","MV0061","VC510-F0MP-0-K30"
"09. 서진","15. VC430/500/510 Series","VC510","12K","3월","MV0061","VC510-F0MP-0-K30"
"09. 서진","15. VC430/500/510 Series","VC510","12K","3월","MV0061","VC510-F0MP-0-K30"
"09. 서진","15. VC430/500/510 Series","VC510","12K","4월","MV0061","VC510-F0MP-0-K30"
"09. 서진","15. VC430/500/510 Series","VC510","12K","4월","MV0061","VC510-F0MP-0-K30"
"09. 서진","15. VC430/500/510 Series","VC510","12K","4월","MV0061","VC510-F0MP-0-K30"
"09. 서진","15. VC430/500/510 Series","VC510","12K","4월","MV0061","VC510-F0MP-0-K30"
"09. 서진","15. VC430/500/510 Series","VC510","12K","4월","MV0061","VC510-F0MP-0-K30"
"09. 서진","15. VC430/500/510 Series","VC510","12K","4월","MV0061","VC510-F0MP-0-K30"
"09. 서진","15. VC430/500/510 Series","VC510","12K","5월","MV0061","VC510-F0MP-0-K30"
"09. 서진","15. VC430/500/510 Series","VC510","12K","5월","MV0061","VC510-F0MP-0-K30"
"09. 서진","15. VC430/500/510 Series","VC510","12K","5월","MV0061","VC510-F0MP-0-K30"
"09. 서진","15. VC430/500/510 Series","VC510","12K","5월","MV0061","VC510-F0MP-0-K30"
"09. 서진","15. VC430/500/510 Series","VC510","12K","5월","MV0061","VC510-F0MP-0-K30"
"09. 서진","15. VC430/500/510 Series","VC510","12K","6월","MV0061","VC510-F0MP-0-K30"
"09. 서진","15. VC430/500/510 Series","VC510","12K","6월","MV0061","VC510-F0MP-0-K30"
"09. 서진","15. VC430/500/510 Series","VC510","12K","6월","MV0061","VC510-F0MP-0-K30"
"09. 서진","15. VC430/500/510 Series","VC510","12K","6월","MV0061","VC510-F0MP-0-K30"
"09. 서진","15. VC430/500/510 Series","VC510","12K","6월","MV0061","VC510-F0MP-0-K30"
"09. 서진","15. VC430/500/510 Series","VC510","12K","7월","MV0061","VC510-F0MP-0-K30"
"09. 서진","15. VC430/500/510 Series","VC510","12K","7월","MV0061","VC510-F0MP-0-K30"
"09. 서진","15. VC430/500/510 Series","VC510","12K","7월","MV0061","VC510-F0MP-0-K30"
"09. 서진","15. VC430/500/510 Series","VC510","12K","7월","MV0061","VC510-F0MP-0-K30"
"09. 서진","15. VC430/500/510 Series","VC510","12K","7월","MV0061","VC510-F0MP-0-K30"
"09. 서진","15. VC430/500/510 Series","VC510","12K","7월","MV0061","VC510-F0MP-0-K30"
"09. 서진","15. VC430/500/510 Series","VC510","10K","2월","MV0061","VC510-F0MP-0-K30"
"09. 서진","15. VC430/500/510 Series","VC510","10K","3월","MV0061","VC510-F0MP-0-K30"
"09. 서진","15. VC430/500/510 Series","VC510","10K","3월","MV0061","VC510-F0MP-0-K30"
"09. 서진","15. VC430/500/510 Series","VC510","10K","3월","MV0061","VC510-F0MP-0-K30"
"09. 서진","15. VC430/500/510 Series","VC510","10K","3월","MV0061","VC510-F0MP-0-K30"
"09. 서진","15. VC430/500/510 Series","VC510","10K","3월","MV0061","VC510-F0MP-0-K30"
"09. 서진","15. VC430/500/510 Series","VC510","10K","3월","MV0061","VC510-F0MP-0-K30"
"09. 서진","15. VC430/500/510 Series","VC510","10K","4월","MV0061","VC510-F0MP-0-K30"
"09. 서진","15. VC430/500/510 Series","VC510","10K","4월","MV0061","VC510-F0MP-0-K30"
"09. 서진","15. VC430/500/510 Series","VC510","10K","4월","MV0061","VC510-F0MP-0-K30"
"09. 서진","15. VC430/500/510 Series","VC510","10K","4월","MV0061","VC510-F0MP-0-K30"
"09. 서진","15. VC430/500/510 Series","VC510","10K","6월","MV0061","VC510-F0MP-0-K30"
"09. 서진","15. VC430/500/510 Series","VC510","10K","6월","MV0061","VC510-F0MP-0-K30"
"09. 서진","15. VC430/500/510 Series","VC510","10K","7월","MV0061","VC510-F0MP-0-K30"
"09. 서진","15. VC430/500/510 Series","VC510","10K","7월","MV0061","VC510-F0MP-0-K30"
"09. 서진","13-1. AV4 Series","DNM4500/4","12K(H/H)","2월","MV0000","UNMAPPED_FALLBACK"
"09. 서진","13-1. AV4 Series","DNM4500/4","12K(H/H)","3월","MV0000","UNMAPPED_FALLBACK"
"09. 서진","13-1. AV4 Series","DNM4500/4","12K(H/H)","7월","MV0000","UNMAPPED_FALLBACK"
"09. 서진","13-1. AV4 Series","DNM4500/4","12K(H/H)","7월","MV0000","UNMAPPED_FALLBACK"
"09. 서진","13-1. AV4 Series","DNM4500/4","15K","3월","MV0000","UNMAPPED_FALLBACK"
"09. 서진","13-1. AV4 Series","DNM4500/4","15K","3월","MV0000","UNMAPPED_FALLBACK"
"09. 서진","13-1. AV4 Series","DNM4500/4","15K","4월","MV0000","UNMAPPED_FALLBACK"
"09. 서진","13-1. AV4 Series","DNM4500/4","15K","4월","MV0000","UNMAPPED_FALLBACK"
"09. 서진","13-1. AV4 Series","DNM4500/4","15K","4월","MV0000","UNMAPPED_FALLBACK"
"09. 서진","13-1. AV4 Series","DNM4500/4","15K","5월","MV0000","UNMAPPED_FALLBACK"
"09. 서진","13-1. AV4 Series","DNM4500/4","15K","5월","MV0000","UNMAPPED_FALLBACK"
"09. 서진","13-1. AV4 Series","DNM4500/4","15K","6월","MV0000","UNMAPPED_FALLBACK"
"09. 서진","13-1. AV4 Series","DNM4500/4","15K","6월","MV0000","UNMAPPED_FALLBACK"
"09. 서진","13-1. AV4 Series","DNM4500/4","15K","7월","MV0000","UNMAPPED_FALLBACK"
"09. 서진","13-1. AV4 Series","DNM4500/4","15K","7월","MV0000","UNMAPPED_FALLBACK"
"09. 서진","13-1. AV4 Series","DNM4500/4","15K","7월","MV0000","UNMAPPED_FALLBACK"
"09. 서진","13-1. AV4 Series","DNM4500/4","15K","7월","MV0000","UNMAPPED_FALLBACK"
"09. 서진","13-1. AV4 Series","DNM4500/4","15K","7월","MV0000","UNMAPPED_FALLBACK"
"09. 서진","13-1. AV4 Series","DNM4500/4","15K","7월","MV0000","UNMAPPED_FALLBACK"
"09. 서진","13-1. AV4 Series","DNM4500/4","15K","7월","MV0000","UNMAPPED_FALLBACK"
"09. 서진","13-1. AV4 Series","DNM4500/4","15K","7월","MV0000","UNMAPPED_FALLBACK"
"09. 서진","13-1. AV4 Series","DNM4500/4","8K","2월","MV0000","UNMAPPED_FALLBACK"
"09. 서진","13-1. AV4 Series","DNM4500/4","8K","2월","MV0000","UNMAPPED_FALLBACK"
"09. 서진","13-1. AV4 Series","DNM4500/4","8K","2월","MV0000","UNMAPPED_FALLBACK"
"09. 서진","13-1. AV4 Series","DNM4500/4","8K","2월","MV0000","UNMAPPED_FALLBACK"
"09. 서진","13-1. AV4 Series","DNM4500/4","8K","2월","MV0000","UNMAPPED_FALLBACK"
"09. 서진","13-1. AV4 Series","DNM4500/4","8K","2월","MV0000","UNMAPPED_FALLBACK"
"09. 서진","13-1. AV4 Series","DNM4500/4","8K","2월","MV0000","UNMAPPED_FALLBACK"
"09. 서진","13-1. AV4 Series","DNM4500/4","8K","3월","MV0000","UNMAPPED_FALLBACK"
"09. 서진","13-1. AV4 Series","DNM4500/4","8K","3월","MV0000","UNMAPPED_FALLBACK"
"09. 서진","13-1. AV4 Series","DNM4500/4","8K","3월","MV0000","UNMAPPED_FALLBACK"
"09. 서진","13-1. AV4 Series","DNM4500/4","8K","3월","MV0000","UNMAPPED_FALLBACK"
"09. 서진","13-1. AV4 Series","DNM4500/4","8K","4월","MV0000","UNMAPPED_FALLBACK"
"09. 서진","13-1. AV4 Series","DNM4500/4","8K","4월","MV0000","UNMAPPED_FALLBACK"
"09. 서진","13-1. AV4 Series","DNM4500/4","8K","4월","MV0000","UNMAPPED_FALLBACK"
"09. 서진","13-1. AV4 Series","DNM4500/4","8K","4월","MV0000","UNMAPPED_FALLBACK"
"09. 서진","13-1. AV4 Series","DNM4500/4","8K","4월","MV0000","UNMAPPED_FALLBACK"
"09. 서진","13-1. AV4 Series","DNM4500/4","8K","4월","MV0000","UNMAPPED_FALLBACK"
"09. 서진","13-1. AV4 Series","DNM4500/4","8K","4월","MV0000","UNMAPPED_FALLBACK"
"09. 서진","13-1. AV4 Series","DNM4500/4","8K","4월","MV0000","UNMAPPED_FALLBACK"
"09. 서진","13-1. AV4 Series","DNM4500/4","8K","4월","MV0000","UNMAPPED_FALLBACK"
"09. 서진","13-1. AV4 Series","DNM4500/4","8K","4월","MV0000","UNMAPPED_FALLBACK"
"09. 서진","13-1. AV4 Series","DNM4500/4","8K","4월","MV0000","UNMAPPED_FALLBACK"
"09. 서진","13-1. AV4 Series","DNM4500/4","8K","4월","MV0000","UNMAPPED_FALLBACK"
"09. 서진","13-1. AV4 Series","DNM4500/4","8K","4월","MV0000","UNMAPPED_FALLBACK"
"09. 서진","13-1. AV4 Series","DNM4500/4","8K","5월","MV0000","UNMAPPED_FALLBACK"
"09. 서진","13-1. AV4 Series","DNM4500/4","8K","5월","MV0000","UNMAPPED_FALLBACK"
"09. 서진","13-1. AV4 Series","DNM4500/4","8K","5월","MV0000","UNMAPPED_FALLBACK"
"09. 서진","13-1. AV4 Series","DNM4500/4","8K","5월","MV0000","UNMAPPED_FALLBACK"
"09. 서진","13-1. AV4 Series","DNM4500/4","8K","5월","MV0000","UNMAPPED_FALLBACK"
"09. 서진","13-1. AV4 Series","DNM4500/4","8K","6월","MV0000","UNMAPPED_FALLBACK"
"09. 서진","13-1. AV4 Series","DNM4500/4","8K","6월","MV0000","UNMAPPED_FALLBACK"
"09. 서진","13-1. AV4 Series","DNM4500/4","8K","6월","MV0000","UNMAPPED_FALLBACK"
"09. 서진","13-1. AV4 Series","DNM4500/4","8K","6월","MV0000","UNMAPPED_FALLBACK"
"09. 서진","13-1. AV4 Series","DNM4500/4","8K","6월","MV0000","UNMAPPED_FALLBACK"
"09. 서진","13-1. AV4 Series","DNM4500/4","8K","6월","MV0000","UNMAPPED_FALLBACK"
"09. 서진","13-1. AV4 Series","DNM4500/4","8K","6월","MV0000","UNMAPPED_FALLBACK"
"09. 서진","13-1. AV4 Series","DNM4500/4","8K","6월","MV0000","UNMAPPED_FALLBACK"
"09. 서진","13-1. AV4 Series","DNM4500/4","8K","6월","MV0000","UNMAPPED_FALLBACK"
"09. 서진","13-1. AV4 Series","DNM4500/4","8K","6월","MV0000","UNMAPPED_FALLBACK"
"09. 서진","13-1. AV4 Series","DNM4500/4","8K","7월","MV0000","UNMAPPED_FALLBACK"
"09. 서진","13-1. AV4 Series","DNM4500/4","8K","7월","MV0000","UNMAPPED_FALLBACK"
"09. 서진","13-1. AV4 Series","DNM4500/4","8K","7월","MV0000","UNMAPPED_FALLBACK"
"09. 서진","13-1. AV4 Series","DNM4500/4","8K","7월","MV0000","UNMAPPED_FALLBACK"
"09. 서진","13-1. AV4 Series","DNM4500/4","8K","7월","MV0000","UNMAPPED_FALLBACK"
"09. 서진","13-1. AV4 Series","DNM4500/4","8K","7월","MV0000","UNMAPPED_FALLBACK"
"09. 서진","13-1. AV4 Series","DNM4500/4","8K","7월","MV0000","UNMAPPED_FALLBACK"
"09. 서진","13-1. AV4 Series","DNM4500/4","8K","7월","MV0000","UNMAPPED_FALLBACK"
"09. 서진","13-1. AV4 Series","DNM4500/4","8K","7월","MV0000","UNMAPPED_FALLBACK"
"09. 서진","13-1. AV4 Series","DNM4500/4","8K","7월","MV0000","UNMAPPED_FALLBACK"
"09. 서진","13-1. AV4 Series","DNM4500/4","8K","7월","MV0000","UNMAPPED_FALLBACK"
"09. 서진","13-1. AV4 Series","DNM4500/4","12K","2월","MV0000","UNMAPPED_FALLBACK"
"09. 서진","13-1. AV4 Series","DNM4500/4","12K","2월","MV0000","UNMAPPED_FALLBACK"
"09. 서진","13-1. AV4 Series","DNM4500/4","12K","2월","MV0000","UNMAPPED_FALLBACK"
"09. 서진","13-1. AV4 Series","DNM4500/4","12K","2월","MV0000","UNMAPPED_FALLBACK"
"09. 서진","13-1. AV4 Series","DNM4500/4","12K","2월","MV0000","UNMAPPED_FALLBACK"
"09. 서진","13-1. AV4 Series","DNM4500/4","12K","2월","MV0000","UNMAPPED_FALLBACK"
"09. 서진","13-1. AV4 Series","DNM4500/4","12K","2월","MV0000","UNMAPPED_FALLBACK"
"09. 서진","13-1. AV4 Series","DNM4500/4","12K","2월","MV0000","UNMAPPED_FALLBACK"
"09. 서진","13-1. AV4 Series","DNM4500/4","12K","3월","MV0000","UNMAPPED_FALLBACK"
"09. 서진","13-1. AV4 Series","DNM4500/4","12K","3월","MV0000","UNMAPPED_FALLBACK"
"09. 서진","13-1. AV4 Series","DNM4500/4","12K","3월","MV0000","UNMAPPED_FALLBACK"
"09. 서진","13-1. AV4 Series","DNM4500/4","12K","3월","MV0000","UNMAPPED_FALLBACK"
"09. 서진","13-1. AV4 Series","DNM4500/4","12K","3월","MV0000","UNMAPPED_FALLBACK"
"09. 서진","13-1. AV4 Series","DNM4500/4","12K","3월","MV0000","UNMAPPED_FALLBACK"
"09. 서진","13-1. AV4 Series","DNM4500/4","12K","3월","MV0000","UNMAPPED_FALLBACK"
"09. 서진","13-1. AV4 Series","DNM4500/4","12K","3월","MV0000","UNMAPPED_FALLBACK"
"09. 서진","13-1. AV4 Series","DNM4500/4","12K","4월","MV0000","UNMAPPED_FALLBACK"
"09. 서진","13-1. AV4 Series","DNM4500/4","12K","4월","MV0000","UNMAPPED_FALLBACK"
"09. 서진","13-1. AV4 Series","DNM4500/4","12K","4월","MV0000","UNMAPPED_FALLBACK"
"09. 서진","13-1. AV4 Series","DNM4500/4","12K","4월","MV0000","UNMAPPED_FALLBACK"
"09. 서진","13-1. AV4 Series","DNM4500/4","12K","5월","MV0000","UNMAPPED_FALLBACK"
"09. 서진","13-1. AV4 Series","DNM4500/4","12K","5월","MV0000","UNMAPPED_FALLBACK"
"09. 서진","13-1. AV4 Series","DNM4500/4","12K","5월","MV0000","UNMAPPED_FALLBACK"
"09. 서진","13-1. AV4 Series","DNM4500/4","12K","5월","MV0000","UNMAPPED_FALLBACK"
"09. 서진","13-1. AV4 Series","DNM4500/4","12K","5월","MV0000","UNMAPPED_FALLBACK"
"09. 서진","13-1. AV4 Series","DNM4500/4","12K","5월","MV0000","UNMAPPED_FALLBACK"
"09. 서진","13-1. AV4 Series","DNM4500/4","12K","5월","MV0000","UNMAPPED_FALLBACK"
"09. 서진","13-1. AV4 Series","DNM4500/4","12K","5월","MV0000","UNMAPPED_FALLBACK"
"09. 서진","13-1. AV4 Series","DNM4500/4","12K","6월","MV0000","UNMAPPED_FALLBACK"
"09. 서진","13-1. AV4 Series","DNM4500/4","12K","6월","MV0000","UNMAPPED_FALLBACK"
"09. 서진","13-1. AV4 Series","DNM4500/4","12K","6월","MV0000","UNMAPPED_FALLBACK"
"09. 서진","13-1. AV4 Series","DNM4500/4","12K","6월","MV0000","UNMAPPED_FALLBACK"
"09. 서진","13-1. AV4 Series","DNM4500/4","12K","6월","MV0000","UNMAPPED_FALLBACK"
"09. 서진","13-1. AV4 Series","DNM4500/4","12K","6월","MV0000","UNMAPPED_FALLBACK"
"09. 서진","13-1. AV4 Series","DNM4500/4","12K","6월","MV0000","UNMAPPED_FALLBACK"
"09. 서진","13-1. AV4 Series","DNM4500/4","12K","6월","MV0000","UNMAPPED_FALLBACK"
"09. 서진","13-1. AV4 Series","DNM4500/4","12K","6월","MV0000","UNMAPPED_FALLBACK"
"09. 서진","13-1. AV4 Series","DNM4500/4","12K","6월","MV0000","UNMAPPED_FALLBACK"
"09. 서진","13-1. AV4 Series","DNM4500/4","12K","6월","MV0000","UNMAPPED_FALLBACK"
"09. 서진","13-1. AV4 Series","DNM4500/4","12K","6월","MV0000","UNMAPPED_FALLBACK"
"09. 서진","13-1. AV4 Series","DNM4500/4","12K","6월","MV0000","UNMAPPED_FALLBACK"
"09. 서진","13-1. AV4 Series","DNM4500/4","12K","6월","MV0000","UNMAPPED_FALLBACK"
"09. 서진","13-1. AV4 Series","DNM4500/4","12K","7월","MV0000","UNMAPPED_FALLBACK"
"09. 서진","13-1. AV4 Series","DNM4500/4","12K","7월","MV0000","UNMAPPED_FALLBACK"
"09. 서진","13-1. AV4 Series","DNM4500/4","12K","7월","MV0000","UNMAPPED_FALLBACK"
"09. 서진","13-1. AV4 Series","DNM4500/4","12K","7월","MV0000","UNMAPPED_FALLBACK"
"09. 서진","13-1. AV4 Series","DNM4500/4","12K","7월","MV0000","UNMAPPED_FALLBACK"
"09. 서진","13-1. AV4 Series","DNM4500/4","12K","7월","MV0000","UNMAPPED_FALLBACK"
"09. 서진","13-1. AV4 Series","DNM4500/4","12K","7월","MV0000","UNMAPPED_FALLBACK"
"09. 서진","13-1. AV4 Series","DNM4500/4","12K","7월","MV0000","UNMAPPED_FALLBACK"
"09. 서진","13-1. AV4 Series","DNM4500/4","12K","7월","MV0000","UNMAPPED_FALLBACK"
"09. 서진","13-1. AV4 Series","DNM4500/4","12K","7월","MV0000","UNMAPPED_FALLBACK"
"09. 서진","13-1. AV4 Series","DNM4500/4","12K","7월","MV0000","UNMAPPED_FALLBACK"
"09. 서진","13-1. AV4 Series","DNM4500/4","12K","7월","MV0000","UNMAPPED_FALLBACK"
"09. 서진","13-1. AV4 Series","DNM4500/4","12K","7월","MV0000","UNMAPPED_FALLBACK"
"09. 서진","13-1. AV4 Series","DNM4500/4","12K","7월","MV0000","UNMAPPED_FALLBACK"
"09. 서진","13-1. AV4 Series","DNM4500/4","12K","7월","MV0000","UNMAPPED_FALLBACK"
"09. 서진","13-1. AV4 Series","DNM4500/4","12K","7월","MV0000","UNMAPPED_FALLBACK"
"09. 서진","13-1. AV4 Series","DNM4500/4","12K","7월","MV0000","UNMAPPED_FALLBACK"
"09. 서진","13-1. AV4 Series","DNM4500/4","12K","7월","MV0000","UNMAPPED_FALLBACK"
"09. 서진","13-1. AV4 Series","DNM4500/4","12K(지멘스)","2월","MV0000","UNMAPPED_FALLBACK"
"09. 서진","13-1. AV4 Series","DNM4500/4","12K(지멘스)","2월","MV0000","UNMAPPED_FALLBACK"
"09. 서진","13-1. AV4 Series","DNM4500/4","12K(지멘스)","2월","MV0000","UNMAPPED_FALLBACK"
"09. 서진","13-1. AV4 Series","DNM4500/4","12K(지멘스)","2월","MV0000","UNMAPPED_FALLBACK"
"09. 서진","13-1. AV4 Series","DNM4500/4","12K(지멘스)","2월","MV0000","UNMAPPED_FALLBACK"
"09. 서진","13-1. AV4 Series","DNM4500/4","12K(지멘스)","2월","MV0000","UNMAPPED_FALLBACK"
"09. 서진","13-1. AV4 Series","DNM4500/4","12K(지멘스)","2월","MV0000","UNMAPPED_FALLBACK"
"09. 서진","13-1. AV4 Series","DNM4500/4","12K(지멘스)","2월","MV0000","UNMAPPED_FALLBACK"
"09. 서진","13-1. AV4 Series","DNM4500/4","12K(지멘스)","2월","MV0000","UNMAPPED_FALLBACK"
"09. 서진","13-1. AV4 Series","DNM4500/4","12K(지멘스)","3월","MV0000","UNMAPPED_FALLBACK"
"09. 서진","13-1. AV4 Series","DNM4500/4","12K(지멘스)","3월","MV0000","UNMAPPED_FALLBACK"
"09. 서진","13-1. AV4 Series","DNM4500/4","12K(지멘스)","3월","MV0000","UNMAPPED_FALLBACK"
"09. 서진","13-1. AV4 Series","DNM4500/4","12K(지멘스)","3월","MV0000","UNMAPPED_FALLBACK"
"09. 서진","13-1. AV4 Series","DNM4500/4","12K(지멘스)","3월","MV0000","UNMAPPED_FALLBACK"
"09. 서진","13-1. AV4 Series","DNM4500/4","12K(지멘스)","3월","MV0000","UNMAPPED_FALLBACK"
"09. 서진","13-1. AV4 Series","DNM4500/4","12K(지멘스)","3월","MV0000","UNMAPPED_FALLBACK"
"09. 서진","13-1. AV4 Series","DNM4500/4","12K(지멘스)","3월","MV0000","UNMAPPED_FALLBACK"
"09. 서진","13-1. AV4 Series","DNM4500/4","12K(지멘스)","3월","MV0000","UNMAPPED_FALLBACK"
"09. 서진","13-1. AV4 Series","DNM4500/4","12K(지멘스)","4월","MV0000","UNMAPPED_FALLBACK"
"09. 서진","13-1. AV4 Series","DNM4500/4","15K(지멘스)","2월","MV0000","UNMAPPED_FALLBACK"
"09. 서진","13-1. AV4 Series","DNM4500/4","15K(지멘스)","2월","MV0000","UNMAPPED_FALLBACK"
"09. 서진","13-1. AV4 Series","DNM4500L/4","8K","3월","MV0186","DNM45L4-F0MP-0-K30"
"09. 서진","13-1. AV4 Series","DNM4500L/4","8K","6월","MV0186","DNM45L4-F0MP-0-K30"
"09. 서진","13-1. AV4 Series","DNM4500L/4","8K","6월","MV0186","DNM45L4-F0MP-0-K30"
"09. 서진","13-1. AV4 Series","DNM4500L/4","12K","2월","MV0186","DNM45L4-F0MP-0-K30"
"09. 서진","13-1. AV4 Series","DNM4500L/4","12K","3월","MV0186","DNM45L4-F0MP-0-K30"
"09. 서진","13-1. AV4 Series","DNM4500L/4","12K","3월","MV0186","DNM45L4-F0MP-0-K30"
"09. 서진","13-1. AV4 Series","DNM4500L/4","12K","4월","MV0186","DNM45L4-F0MP-0-K30"
"09. 서진","13-1. AV4 Series","DNM4500L/4","12K","5월","MV0186","DNM45L4-F0MP-0-K30"
"09. 서진","13-1. AV4 Series","DNM4500L/4","12K","5월","MV0186","DNM45L4-F0MP-0-K30"
"09. 서진","13-1. AV4 Series","DNM4500L/4","12K","5월","MV0186","DNM45L4-F0MP-0-K30"
"09. 서진","13-1. AV4 Series","DNM4500L/4","12K","6월","MV0186","DNM45L4-F0MP-0-K30"
"09. 서진","13-1. AV4 Series","DNM4500L/4","12K","7월","MV0186","DNM45L4-F0MP-0-K30"
"09. 서진","13-1. AV4 Series","DNM4500L/4","12K","7월","MV0186","DNM45L4-F0MP-0-K30"
"10. 아성","08. VM Series","VM5400","12K","3월","MV0059","VM5400-F32P-0-K30"
"10. 아성","08. VM Series","VM5400","12K","5월","MV0059","VM5400-F32P-0-K30"
"10. 아성","08. VM Series","VM5400","12K","5월","MV0059","VM5400-F32P-0-K30"
"10. 아성","08. VM Series","VM5400","12K","6월","MV0059","VM5400-F32P-0-K30"
"10. 아성","08. VM Series","VM5400","12K","6월","MV0059","VM5400-F32P-0-K30"
"10. 아성","08. VM Series","VM5400","12K","7월","MV0059","VM5400-F32P-0-K30"
"10. 아성","08. VM Series","VM5400","12K","7월","MV0059","VM5400-F32P-0-K30"
"10. 아성","08. VM Series","VM6500","12K","2월","MV0054","VM6500-F32P-0-K30"
"10. 아성","08. VM Series","VM6500","12K","2월","MV0054","VM6500-F32P-0-K30"
"10. 아성","08. VM Series","VM6500","12K","3월","MV0054","VM6500-F32P-0-K30"
"10. 아성","08. VM Series","VM6500","12K","3월","MV0054","VM6500-F32P-0-K30"
"10. 아성","08. VM Series","VM6500","12K","4월","MV0054","VM6500-F32P-0-K30"
"10. 아성","08. VM Series","VM6500","12K","4월","MV0054","VM6500-F32P-0-K30"
"10. 아성","08. VM Series","VM6500","12K","4월","MV0054","VM6500-F32P-0-K30"
"10. 아성","08. VM Series","VM6500","12K","4월","MV0054","VM6500-F32P-0-K30"
"10. 아성","08. VM Series","VM6500","12K","4월","MV0054","VM6500-F32P-0-K30"
"10. 아성","08. VM Series","VM6500","12K","4월","MV0054","VM6500-F32P-0-K30"
"10. 아성","08. VM Series","VM6500","12K","4월","MV0054","VM6500-F32P-0-K30"
"10. 아성","08. VM Series","VM6500","12K","4월","MV0054","VM6500-F32P-0-K30"
"10. 아성","08. VM Series","VM6500","12K","5월","MV0054","VM6500-F32P-0-K30"
"10. 아성","08. VM Series","VM6500","12K","5월","MV0054","VM6500-F32P-0-K30"
"10. 아성","08. VM Series","VM6500","12K","5월","MV0054","VM6500-F32P-0-K30"
"10. 아성","08. VM Series","VM6500","12K","5월","MV0054","VM6500-F32P-0-K30"
"10. 아성","08. VM Series","VM6500","12K","5월","MV0054","VM6500-F32P-0-K30"
"10. 아성","08. VM Series","VM6500","12K","6월","MV0054","VM6500-F32P-0-K30"
"10. 아성","08. VM Series","VM6500","12K","6월","MV0054","VM6500-F32P-0-K30"
"10. 아성","08. VM Series","VM6500","12K","6월","MV0054","VM6500-F32P-0-K30"
"10. 아성","08. VM Series","VM6500","12K","6월","MV0054","VM6500-F32P-0-K30"
"10. 아성","08. VM Series","VM6500","12K","6월","MV0054","VM6500-F32P-0-K30"
"10. 아성","08. VM Series","VM6500","12K","7월","MV0054","VM6500-F32P-0-K30"
"10. 아성","08. VM Series","VM6500","12K","7월","MV0054","VM6500-F32P-0-K30"
"10. 아성","08. VM Series","VM6500","12K","7월","MV0054","VM6500-F32P-0-K30"
"10. 아성","08. VM Series","VM6500","12K","7월","MV0054","VM6500-F32P-0-K30"
"10. 아성","08. VM Series","VM6500","12K","7월","MV0054","VM6500-F32P-0-K30"
"10. 아성","08. VM Series","VM6500","12K","7월","MV0054","VM6500-F32P-0-K30"
"10. 아성","08. VM Series","VM6500","12K","7월","MV0054","VM6500-F32P-0-K30"
"10. 아성","08. VM Series","VM6500","12K","7월","MV0054","VM6500-F32P-0-K30"
"10. 아성","08. VM Series","VM6500","12K","7월","MV0054","VM6500-F32P-0-K30"
"10. 아성","08. VM Series","VM6500","12K","7월","MV0054","VM6500-F32P-0-K30"
"10. 아성","08. VM Series","VM750","6K","7월","MV0026","VM750-F31P-0-K30"
"10. 아성","08. VM Series","VM750","8K","6월","MV0026","VM750-F31P-0-K30"
"10. 아성","08. VM Series","VM750","12K","7월","MV0026","VM750-F31P-0-K30"
"10. 아성","08. VM Series","VM750L","6K","4월","MV0027","VM750L-F31P-0-K30"
"10. 아성","08. VM Series","VM750L","6K","6월","MV0027","VM750L-F31P-0-K30"
"10. 아성","08. VM Series","VM750L","6K","7월","MV0027","VM750L-F31P-0-K30"
"10. 아성","08. VM Series","VM750L","8K","6월","MV0027","VM750L-F31P-0-K30"
"10. 아성","08. VM Series","VM750L","12K","6월","MV0027","VM750L-F31P-0-K30"
"10. 아성","08. VM Series","VM960","8K","2월","MV0030","VM960-F31P-0-K30"
"10. 아성","08. VM Series","VM960","8K","7월","MV0030","VM960-F31P-0-K30"
"10. 아성","08. VM Series","VM960","12K","5월","MV0030","VM960-F31P-0-K30"
"10. 아성","08. VM Series","VM960","12K","7월","MV0030","VM960-F31P-0-K30"
"10. 아성","08. VM Series","VM960L","6K","7월","MV0031","VM960L-F31P-0-K30"
"10. 아성","08. VM Series","VM960L","8K","4월","MV0031","VM960L-F31P-0-K30"
"10. 아성","08. VM Series","VM960L","8K","5월","MV0031","VM960L-F31P-0-K30"
"10. 아성","08. VM Series","VM960L","8K","5월","MV0031","VM960L-F31P-0-K30"
"10. 아성","08. VM Series","VM960L","12K","6월","MV0031","VM960L-F31P-0-K30"
"10. 아성","10. DNM 5AX Series","DNM350/5AX","12K-직결","6월","MV0053","DNM355A-F0MP-0-U30"
"10. 아성","10. DNM 5AX Series","DNM350/5AX","12K-직결","6월","MV0053","DNM355A-F0MP-0-U30"
"10. 아성","11. NX / MP / VM 소형 Series","MP6500","20K","2월","MV0139","MP6500-F31P-0-K30"
"10. 아성","11. NX / MP / VM 소형 Series","MP6500","20K","2월","MV0139","MP6500-F31P-0-K30"
"10. 아성","11. NX / MP / VM 소형 Series","MP6500","20K","4월","MV0139","MP6500-F31P-0-K30"
"10. 아성","11. NX / MP / VM 소형 Series","MP6500","20K","4월","MV0139","MP6500-F31P-0-K30"
"10. 아성","11. NX / MP / VM 소형 Series","MP6500","20K","5월","MV0139","MP6500-F31P-0-K30"
"10. 아성","11. NX / MP / VM 소형 Series","MP6500","20K","5월","MV0139","MP6500-F31P-0-K30"
"10. 아성","11. NX / MP / VM 소형 Series","MP6500","20K","5월","MV0139","MP6500-F31P-0-K30"
"10. 아성","11. NX / MP / VM 소형 Series","MP6500","20K","6월","MV0139","MP6500-F31P-0-K30"
"10. 아성","11. NX / MP / VM 소형 Series","MP6500","20K","6월","MV0139","MP6500-F31P-0-K30"
"10. 아성","11. NX / MP / VM 소형 Series","MP6500","20K","6월","MV0139","MP6500-F31P-0-K30"
"10. 아성","11. NX / MP / VM 소형 Series","MP6500","20K","7월","MV0139","MP6500-F31P-0-K30"
"10. 아성","11. NX / MP / VM 소형 Series","MP6500","20K","7월","MV0139","MP6500-F31P-0-K30"
"10. 아성","11. NX / MP / VM 소형 Series","MP6500","20K","7월","MV0139","MP6500-F31P-0-K30"
"10. 아성","11. NX / MP / VM 소형 Series","VX6500C","20K","3월","MV0161","VX6500C-F0MP-0-K30"
"10. 아성","11. NX / MP / VM 소형 Series","NX5500II","20K","5월","MV0036","NX55002-F31P-0-K30"
"10. 아성","11. NX / MP / VM 소형 Series","NX5500II","40K","7월","MV0036","NX55002-F31P-0-K30"
"10. 아성","11. NX / MP / VM 소형 Series","VX6500G","12K","4월","MV0149","VX6500G-F0MP-0-K30"
"10. 아성","12. MYNX Series","MYNX6500/40 II","8K","3월","MV0000","UNMAPPED_FALLBACK"
"10. 아성","12. MYNX Series","MYNX6500/40 II","8K","3월","MV0000","UNMAPPED_FALLBACK"
"10. 아성","12. MYNX Series","MYNX6500/40 II","8K","3월","MV0000","UNMAPPED_FALLBACK"
"10. 아성","12. MYNX Series","MYNX6500/40 II","8K","6월","MV0000","UNMAPPED_FALLBACK"
"10. 아성","12. MYNX Series","MYNX6500/40 II","8K","6월","MV0000","UNMAPPED_FALLBACK"
"10. 아성","12. MYNX Series","MYNX6500/40 II","8K","7월","MV0000","UNMAPPED_FALLBACK"
"10. 아성","12. MYNX Series","MYNX6500/40 II","8K","7월","MV0000","UNMAPPED_FALLBACK"
"10. 아성","12. MYNX Series","MYNX6500/40 II","8K","7월","MV0000","UNMAPPED_FALLBACK"
"10. 아성","12. MYNX Series","MYNX6500/40 II","12K","2월","MV0000","UNMAPPED_FALLBACK"
"10. 아성","12. MYNX Series","MYNX6500/40 II","12K","2월","MV0000","UNMAPPED_FALLBACK"
"10. 아성","12. MYNX Series","MYNX6500/40 II","12K","2월","MV0000","UNMAPPED_FALLBACK"
"10. 아성","12. MYNX Series","MYNX6500/40 II","12K","3월","MV0000","UNMAPPED_FALLBACK"
"10. 아성","12. MYNX Series","MYNX6500/40 II","12K","3월","MV0000","UNMAPPED_FALLBACK"
"10. 아성","12. MYNX Series","MYNX6500/40 II","12K","3월","MV0000","UNMAPPED_FALLBACK"
"10. 아성","12. MYNX Series","MYNX6500/40 II","12K","3월","MV0000","UNMAPPED_FALLBACK"
"10. 아성","12. MYNX Series","MYNX6500/40 II","12K","3월","MV0000","UNMAPPED_FALLBACK"
"10. 아성","12. MYNX Series","MYNX6500/40 II","12K","3월","MV0000","UNMAPPED_FALLBACK"
"10. 아성","12. MYNX Series","MYNX6500/40 II","12K","3월","MV0000","UNMAPPED_FALLBACK"
"10. 아성","12. MYNX Series","MYNX6500/40 II","12K","3월","MV0000","UNMAPPED_FALLBACK"
"10. 아성","12. MYNX Series","MYNX6500/40 II","12K","3월","MV0000","UNMAPPED_FALLBACK"
"10. 아성","12. MYNX Series","MYNX6500/40 II","12K","4월","MV0000","UNMAPPED_FALLBACK"
"10. 아성","12. MYNX Series","MYNX6500/40 II","12K","4월","MV0000","UNMAPPED_FALLBACK"
"10. 아성","12. MYNX Series","MYNX6500/40 II","12K","5월","MV0000","UNMAPPED_FALLBACK"
"10. 아성","12. MYNX Series","MYNX6500/40 II","12K","5월","MV0000","UNMAPPED_FALLBACK"
"10. 아성","12. MYNX Series","MYNX6500/40 II","12K","5월","MV0000","UNMAPPED_FALLBACK"
"10. 아성","12. MYNX Series","MYNX6500/40 II","12K","5월","MV0000","UNMAPPED_FALLBACK"
"10. 아성","12. MYNX Series","MYNX6500/40 II","12K","6월","MV0000","UNMAPPED_FALLBACK"
"10. 아성","12. MYNX Series","MYNX6500/40 II","12K","6월","MV0000","UNMAPPED_FALLBACK"
"10. 아성","12. MYNX Series","MYNX6500/40 II","12K","6월","MV0000","UNMAPPED_FALLBACK"
"10. 아성","12. MYNX Series","MYNX6500/40 II","12K","6월","MV0000","UNMAPPED_FALLBACK"
"10. 아성","12. MYNX Series","MYNX6500/40 II","12K","7월","MV0000","UNMAPPED_FALLBACK"
"10. 아성","12. MYNX Series","MYNX6500/40 II","12K","7월","MV0000","UNMAPPED_FALLBACK"
"10. 아성","12. MYNX Series","MYNX6500/50 II","12K","2월","MV0000","UNMAPPED_FALLBACK"
"10. 아성","12. MYNX Series","MYNX6500/50 II","12K","2월","MV0000","UNMAPPED_FALLBACK"
"10. 아성","12. MYNX Series","MYNX6500/50 II","12K","2월","MV0000","UNMAPPED_FALLBACK"
"10. 아성","12. MYNX Series","MYNX6500/50 II","12K","3월","MV0000","UNMAPPED_FALLBACK"
"10. 아성","12. MYNX Series","MYNX6500/50 II","12K","3월","MV0000","UNMAPPED_FALLBACK"
"10. 아성","12. MYNX Series","MYNX6500/50 II","12K","3월","MV0000","UNMAPPED_FALLBACK"
"10. 아성","12. MYNX Series","MYNX6500/50 II","12K","3월","MV0000","UNMAPPED_FALLBACK"
"10. 아성","12. MYNX Series","MYNX6500/50 II","12K","3월","MV0000","UNMAPPED_FALLBACK"
"10. 아성","12. MYNX Series","MYNX6500/50 II","12K","3월","MV0000","UNMAPPED_FALLBACK"
"10. 아성","12. MYNX Series","MYNX6500/50 II","12K","3월","MV0000","UNMAPPED_FALLBACK"
"10. 아성","12. MYNX Series","MYNX6500/50 II","12K","3월","MV0000","UNMAPPED_FALLBACK"
"10. 아성","12. MYNX Series","MYNX6500/50 II","12K","3월","MV0000","UNMAPPED_FALLBACK"
"10. 아성","12. MYNX Series","MYNX6500/50 II","12K","3월","MV0000","UNMAPPED_FALLBACK"
"10. 아성","12. MYNX Series","MYNX6500/50 II","12K","4월","MV0000","UNMAPPED_FALLBACK"
"10. 아성","12. MYNX Series","MYNX6500/50 II","12K","4월","MV0000","UNMAPPED_FALLBACK"
"10. 아성","12. MYNX Series","MYNX6500/50 II","12K","4월","MV0000","UNMAPPED_FALLBACK"
"10. 아성","12. MYNX Series","MYNX6500/50 II","12K","4월","MV0000","UNMAPPED_FALLBACK"
"10. 아성","12. MYNX Series","MYNX6500/50 II","12K","4월","MV0000","UNMAPPED_FALLBACK"
"10. 아성","12. MYNX Series","MYNX6500/50 II","12K","4월","MV0000","UNMAPPED_FALLBACK"
"10. 아성","12. MYNX Series","MYNX6500/50 II","12K","4월","MV0000","UNMAPPED_FALLBACK"
"10. 아성","12. MYNX Series","MYNX6500/50 II","12K","5월","MV0000","UNMAPPED_FALLBACK"
"10. 아성","12. MYNX Series","MYNX6500/50 II","12K","5월","MV0000","UNMAPPED_FALLBACK"
"10. 아성","12. MYNX Series","MYNX6500/50 II","12K","5월","MV0000","UNMAPPED_FALLBACK"
"10. 아성","12. MYNX Series","MYNX6500/50 II","12K","5월","MV0000","UNMAPPED_FALLBACK"
"10. 아성","12. MYNX Series","MYNX6500/50 II","12K","6월","MV0000","UNMAPPED_FALLBACK"
"10. 아성","12. MYNX Series","MYNX6500/50 II","12K","6월","MV0000","UNMAPPED_FALLBACK"
"10. 아성","12. MYNX Series","MYNX6500/50 II","12K","6월","MV0000","UNMAPPED_FALLBACK"
"10. 아성","12. MYNX Series","MYNX6500/50 II","12K","6월","MV0000","UNMAPPED_FALLBACK"
"10. 아성","12. MYNX Series","MYNX6500/50 II","12K","6월","MV0000","UNMAPPED_FALLBACK"
"10. 아성","12. MYNX Series","MYNX6500/50 II","12K","6월","MV0000","UNMAPPED_FALLBACK"
"10. 아성","12. MYNX Series","MYNX6500/50 II","12K","7월","MV0000","UNMAPPED_FALLBACK"
"10. 아성","12. MYNX Series","MYNX6500/50 II","12K","7월","MV0000","UNMAPPED_FALLBACK"
"10. 아성","12. MYNX Series","MYNX6500/50 II","12K","7월","MV0000","UNMAPPED_FALLBACK"
"10. 아성","12. MYNX Series","MYNX6500/50 II","12K","7월","MV0000","UNMAPPED_FALLBACK"
"10. 아성","12. MYNX Series","MYNX6500/50 II","12K","7월","MV0000","UNMAPPED_FALLBACK"
"10. 아성","12. MYNX Series","MYNX6500/50 II","12K","7월","MV0000","UNMAPPED_FALLBACK"
"10. 아성","13. DNM Series","DNM750L II","12K(H/H)","3월","MV0000","UNMAPPED_FALLBACK"
"10. 아성","13. DNM Series","DNM750L II","15K","4월","MV0000","UNMAPPED_FALLBACK"
"10. 아성","13. DNM Series","DNM750L II","15K","7월","MV0000","UNMAPPED_FALLBACK"
"10. 아성","13. DNM Series","DNM750L II","8K","6월","MV0000","UNMAPPED_FALLBACK"
"10. 아성","13. DNM Series","DNM750L II","12K","2월","MV0000","UNMAPPED_FALLBACK"
"10. 아성","13. DNM Series","DNM750L II","12K","2월","MV0000","UNMAPPED_FALLBACK"
"10. 아성","13. DNM Series","DNM750L II","12K","3월","MV0000","UNMAPPED_FALLBACK"
"10. 아성","13. DNM Series","DNM750L II","12K","3월","MV0000","UNMAPPED_FALLBACK"
"10. 아성","13. DNM Series","DNM750L II","12K","3월","MV0000","UNMAPPED_FALLBACK"
"10. 아성","13. DNM Series","DNM750L II","12K","3월","MV0000","UNMAPPED_FALLBACK"
"10. 아성","13. DNM Series","DNM750L II","12K","4월","MV0000","UNMAPPED_FALLBACK"
"10. 아성","13. DNM Series","DNM750L II","12K","4월","MV0000","UNMAPPED_FALLBACK"
"10. 아성","13. DNM Series","DNM750L II","12K","4월","MV0000","UNMAPPED_FALLBACK"
"10. 아성","13. DNM Series","DNM750L II","12K","4월","MV0000","UNMAPPED_FALLBACK"
"10. 아성","13. DNM Series","DNM750L II","12K","4월","MV0000","UNMAPPED_FALLBACK"
"10. 아성","13. DNM Series","DNM750L II","12K","5월","MV0000","UNMAPPED_FALLBACK"
"10. 아성","13. DNM Series","DNM750L II","12K","5월","MV0000","UNMAPPED_FALLBACK"
"10. 아성","13. DNM Series","DNM750L II","12K","5월","MV0000","UNMAPPED_FALLBACK"
"10. 아성","13. DNM Series","DNM750L II","12K","6월","MV0000","UNMAPPED_FALLBACK"
"10. 아성","13. DNM Series","DNM750L II","12K","6월","MV0000","UNMAPPED_FALLBACK"
"10. 아성","13. DNM Series","DNM750L II","12K","6월","MV0000","UNMAPPED_FALLBACK"
"10. 아성","13. DNM Series","DNM750L II","12K","6월","MV0000","UNMAPPED_FALLBACK"
"10. 아성","13. DNM Series","DNM750L II","12K","6월","MV0000","UNMAPPED_FALLBACK"
"10. 아성","13. DNM Series","DNM750L II","12K","7월","MV0000","UNMAPPED_FALLBACK"
"10. 아성","13. DNM Series","DNM750L II","12K","7월","MV0000","UNMAPPED_FALLBACK"
"10. 아성","13. DNM Series","DNM750L II","12K","7월","MV0000","UNMAPPED_FALLBACK"
"10. 아성","13. DNM Series","DNM750L II","12K","7월","MV0000","UNMAPPED_FALLBACK"
"10. 아성","13. DNM Series","DNM750L II","12K","7월","MV0000","UNMAPPED_FALLBACK"
"10. 아성","13. DNM Series","DNM750L II","12K","7월","MV0000","UNMAPPED_FALLBACK"
"10. 아성","13. DNM Series","DNM750L II","12K(지멘스)","2월","MV0000","UNMAPPED_FALLBACK"
"10. 아성","13. DNM Series","DNM750L II","12K(지멘스)","3월","MV0000","UNMAPPED_FALLBACK"
"10. 아성","13. DNM Series","DNM750L II","12K(지멘스)","5월","MV0000","UNMAPPED_FALLBACK"
"10. 아성","13. DNM Series","DNM750L II","12K(지멘스)","5월","MV0000","UNMAPPED_FALLBACK"
"10. 아성","13. DNM Series","DNM750 II","12K(H/H)","4월","MV0064","DNM7502-F0MP-0-K30"
"10. 아성","13. DNM Series","DNM750 II","15K","7월","MV0064","DNM7502-F0MP-0-K30"
"10. 아성","13. DNM Series","DNM750 II","8K","6월","MV0064","DNM7502-F0MP-0-K30"
"10. 아성","13. DNM Series","DNM750 II","12K","2월","MV0064","DNM7502-F0MP-0-K30"
"10. 아성","13. DNM Series","DNM750 II","12K","2월","MV0064","DNM7502-F0MP-0-K30"
"10. 아성","13. DNM Series","DNM750 II","12K","2월","MV0064","DNM7502-F0MP-0-K30"
"10. 아성","13. DNM Series","DNM750 II","12K","3월","MV0064","DNM7502-F0MP-0-K30"
"10. 아성","13. DNM Series","DNM750 II","12K","3월","MV0064","DNM7502-F0MP-0-K30"
"10. 아성","13. DNM Series","DNM750 II","12K","4월","MV0064","DNM7502-F0MP-0-K30"
"10. 아성","13. DNM Series","DNM750 II","12K","5월","MV0064","DNM7502-F0MP-0-K30"
"10. 아성","13. DNM Series","DNM750 II","12K","5월","MV0064","DNM7502-F0MP-0-K30"
"10. 아성","13. DNM Series","DNM750 II","12K","5월","MV0064","DNM7502-F0MP-0-K30"
"10. 아성","13. DNM Series","DNM750 II","12K","5월","MV0064","DNM7502-F0MP-0-K30"
"10. 아성","13. DNM Series","DNM750 II","12K","5월","MV0064","DNM7502-F0MP-0-K30"
"10. 아성","13. DNM Series","DNM750 II","12K","6월","MV0064","DNM7502-F0MP-0-K30"
"10. 아성","13. DNM Series","DNM750 II","12K","6월","MV0064","DNM7502-F0MP-0-K30"
"10. 아성","13. DNM Series","DNM750 II","12K","7월","MV0064","DNM7502-F0MP-0-K30"
"10. 아성","13. DNM Series","DNM750 II","12K","7월","MV0064","DNM7502-F0MP-0-K30"
"10. 아성","13. DNM Series","DNM750 II","12K(지멘스)","2월","MV0064","DNM7502-F0MP-0-K30"
"10. 아성","13. DNM Series","DNM750L/50 II","8K","2월","MV0000","UNMAPPED_FALLBACK"
"10. 아성","13. DNM Series","DNM750L/50 II","8K","2월","MV0000","UNMAPPED_FALLBACK"
"10. 아성","13. DNM Series","DNM750L/50 II","8K","2월","MV0000","UNMAPPED_FALLBACK"
"10. 아성","13. DNM Series","DNM750L/50 II","8K","5월","MV0000","UNMAPPED_FALLBACK"
"10. 아성","13. DNM Series","DNM750L/50 II","8K","5월","MV0000","UNMAPPED_FALLBACK"
"10. 아성","13. DNM Series","DNM750L/50 II","8K","6월","MV0000","UNMAPPED_FALLBACK"
"10. 아성","13. DNM Series","DNM750L/50 II","8K","7월","MV0000","UNMAPPED_FALLBACK"
"10. 아성","13. DNM Series","DNM750L/50 II","10K","2월","MV0000","UNMAPPED_FALLBACK"
"10. 아성","13. DNM Series","DNM750L/50 II","10K","6월","MV0000","UNMAPPED_FALLBACK"
"10. 아성","13. DNM Series","DNM750L/50 II","10K","6월","MV0000","UNMAPPED_FALLBACK"
"10. 아성","13. DNM Series","DNM750L/50 II","10K","7월","MV0000","UNMAPPED_FALLBACK"
"10. 아성","13. DNM Series","DNM750L/50 II","10K","7월","MV0000","UNMAPPED_FALLBACK"
"10. 아성","13. DNM Series","DNM750/50 II","8K","2월","MV0000","UNMAPPED_FALLBACK"
"10. 아성","13. DNM Series","DNM750/50 II","8K","3월","MV0000","UNMAPPED_FALLBACK"
"10. 아성","13. DNM Series","DNM750/50 II","8K","4월","MV0000","UNMAPPED_FALLBACK"
"10. 아성","13. DNM Series","DNM750/50 II","8K","4월","MV0000","UNMAPPED_FALLBACK"
"10. 아성","13. DNM Series","DNM750/50 II","8K","5월","MV0000","UNMAPPED_FALLBACK"
"10. 아성","13. DNM Series","DNM750/50 II","8K","5월","MV0000","UNMAPPED_FALLBACK"
"10. 아성","13. DNM Series","DNM750/50 II","8K","5월","MV0000","UNMAPPED_FALLBACK"
"10. 아성","13. DNM Series","DNM750/50 II","8K","6월","MV0000","UNMAPPED_FALLBACK"
"10. 아성","13. DNM Series","DNM750/50 II","8K","6월","MV0000","UNMAPPED_FALLBACK"
"10. 아성","13. DNM Series","DNM750/50 II","8K","7월","MV0000","UNMAPPED_FALLBACK"
"10. 아성","13. DNM Series","DNM750/50 II","8K","7월","MV0000","UNMAPPED_FALLBACK"
"10. 아성","13. DNM Series","DNM750/50 II","8K","7월","MV0000","UNMAPPED_FALLBACK"
"10. 아성","13. DNM Series","DNM750/50 II","10K","4월","MV0000","UNMAPPED_FALLBACK"
"10. 아성","13. DNM Series","DNM750/50 II","10K","5월","MV0000","UNMAPPED_FALLBACK"
"10. 아성","13. DNM Series","DNM750/50 II","10K","7월","MV0000","UNMAPPED_FALLBACK"
"10. 아성","25. P4100 Series","PUMA 4100A","10K","4월","ML0272","P4100A-F0TP-0-K30"
"10. 아성","25. P4100 Series","PUMA 4100A","10K","6월","ML0272","P4100A-F0TP-0-K30"
"10. 아성","25. P4100 Series","PUMA 4100A","10K","7월","ML0272","P4100A-F0TP-0-K30"
"10. 아성","25. P4100 Series","PUMA 4100B","10K","2월","ML0278","P4100B-F0TP-0-K30"
"10. 아성","25. P4100 Series","PUMA 4100B","10K","3월","ML0278","P4100B-F0TP-0-K30"
"10. 아성","25. P4100 Series","PUMA 4100B","10K","3월","ML0278","P4100B-F0TP-0-K30"
"10. 아성","25. P4100 Series","PUMA 4100B","10K","4월","ML0278","P4100B-F0TP-0-K30"
"10. 아성","25. P4100 Series","PUMA 4100B","10K","4월","ML0278","P4100B-F0TP-0-K30"
"10. 아성","25. P4100 Series","PUMA 4100B","10K","4월","ML0278","P4100B-F0TP-0-K30"
"10. 아성","25. P4100 Series","PUMA 4100B","10K","4월","ML0278","P4100B-F0TP-0-K30"
"10. 아성","25. P4100 Series","PUMA 4100B","10K","4월","ML0278","P4100B-F0TP-0-K30"
"10. 아성","25. P4100 Series","PUMA 4100B","10K","4월","ML0278","P4100B-F0TP-0-K30"
"10. 아성","25. P4100 Series","PUMA 4100B","10K","5월","ML0278","P4100B-F0TP-0-K30"
"10. 아성","25. P4100 Series","PUMA 4100B","10K","6월","ML0278","P4100B-F0TP-0-K30"
"10. 아성","25. P4100 Series","PUMA 4100B","10K","6월","ML0278","P4100B-F0TP-0-K30"
"10. 아성","25. P4100 Series","PUMA 4100B","10K","6월","ML0278","P4100B-F0TP-0-K30"
"10. 아성","25. P4100 Series","PUMA 4100B","10K","7월","ML0278","P4100B-F0TP-0-K30"
"10. 아성","25. P4100 Series","PUMA 4100B","10K","7월","ML0278","P4100B-F0TP-0-K30"
"10. 아성","25. P4100 Series","PUMA 4100B","10K","7월","ML0278","P4100B-F0TP-0-K30"
"10. 아성","25. P4100 Series","PUMA 4100B","10K","7월","ML0278","P4100B-F0TP-0-K30"
"10. 아성","25. P4100 Series","PUMA 4100B","10K","7월","ML0278","P4100B-F0TP-0-K30"
"10. 아성","25. P4100 Series","PUMA 4100B","10K","7월","ML0278","P4100B-F0TP-0-K30"
"10. 아성","25. P4100 Series","PUMA 4100C","10K","4월","ML0284","P4100C-F0TP-0-K30"
"10. 아성","25. P4100 Series","PUMA 4100C","10K","4월","ML0284","P4100C-F0TP-0-K30"
"10. 아성","25. P4100 Series","PUMA 4100C","10K","4월","ML0284","P4100C-F0TP-0-K30"
"10. 아성","25. P4100 Series","PUMA 4100C","10K","6월","ML0284","P4100C-F0TP-0-K30"
"10. 아성","25. P4100 Series","PUMA 4100C","10K","6월","ML0284","P4100C-F0TP-0-K30"
"10. 아성","25. P4100 Series","PUMA 4100C","10K","6월","ML0284","P4100C-F0TP-0-K30"
"10. 아성","25. P4100 Series","PUMA 4100LA","10K","5월","MV0000","UNMAPPED_FALLBACK"
"10. 아성","25. P4100 Series","PUMA 4100LB","10K","2월","MV0000","UNMAPPED_FALLBACK"
"10. 아성","25. P4100 Series","PUMA 4100LB","10K","2월","MV0000","UNMAPPED_FALLBACK"
"10. 아성","25. P4100 Series","PUMA 4100LB","10K","2월","MV0000","UNMAPPED_FALLBACK"
"10. 아성","25. P4100 Series","PUMA 4100LB","10K","2월","MV0000","UNMAPPED_FALLBACK"
"10. 아성","25. P4100 Series","PUMA 4100LB","10K","2월","MV0000","UNMAPPED_FALLBACK"
"10. 아성","25. P4100 Series","PUMA 4100LB","10K","2월","MV0000","UNMAPPED_FALLBACK"
"10. 아성","25. P4100 Series","PUMA 4100LB","10K","2월","MV0000","UNMAPPED_FALLBACK"
"10. 아성","25. P4100 Series","PUMA 4100LB","10K","2월","MV0000","UNMAPPED_FALLBACK"
"10. 아성","25. P4100 Series","PUMA 4100LB","10K","2월","MV0000","UNMAPPED_FALLBACK"
"10. 아성","25. P4100 Series","PUMA 4100LB","10K","2월","MV0000","UNMAPPED_FALLBACK"
"10. 아성","25. P4100 Series","PUMA 4100LB","10K","2월","MV0000","UNMAPPED_FALLBACK"
"10. 아성","25. P4100 Series","PUMA 4100LB","10K","2월","MV0000","UNMAPPED_FALLBACK"
"10. 아성","25. P4100 Series","PUMA 4100LB","10K","2월","MV0000","UNMAPPED_FALLBACK"
"10. 아성","25. P4100 Series","PUMA 4100LB","10K","2월","MV0000","UNMAPPED_FALLBACK"
"10. 아성","25. P4100 Series","PUMA 4100LB","10K","2월","MV0000","UNMAPPED_FALLBACK"
"10. 아성","25. P4100 Series","PUMA 4100LB","10K","2월","MV0000","UNMAPPED_FALLBACK"
"10. 아성","25. P4100 Series","PUMA 4100LB","10K","2월","MV0000","UNMAPPED_FALLBACK"
"10. 아성","25. P4100 Series","PUMA 4100LB","10K","2월","MV0000","UNMAPPED_FALLBACK"
"10. 아성","25. P4100 Series","PUMA 4100LB","10K","2월","MV0000","UNMAPPED_FALLBACK"
"10. 아성","25. P4100 Series","PUMA 4100LB","10K","2월","MV0000","UNMAPPED_FALLBACK"
"10. 아성","25. P4100 Series","PUMA 4100LB","10K","3월","MV0000","UNMAPPED_FALLBACK"
"10. 아성","25. P4100 Series","PUMA 4100LB","10K","3월","MV0000","UNMAPPED_FALLBACK"
"10. 아성","25. P4100 Series","PUMA 4100LB","10K","3월","MV0000","UNMAPPED_FALLBACK"
"10. 아성","25. P4100 Series","PUMA 4100LB","10K","3월","MV0000","UNMAPPED_FALLBACK"
"10. 아성","25. P4100 Series","PUMA 4100LB","10K","3월","MV0000","UNMAPPED_FALLBACK"
"10. 아성","25. P4100 Series","PUMA 4100LB","10K","3월","MV0000","UNMAPPED_FALLBACK"
"10. 아성","25. P4100 Series","PUMA 4100LB","10K","3월","MV0000","UNMAPPED_FALLBACK"
"10. 아성","25. P4100 Series","PUMA 4100LB","10K","3월","MV0000","UNMAPPED_FALLBACK"
"10. 아성","25. P4100 Series","PUMA 4100LB","10K","3월","MV0000","UNMAPPED_FALLBACK"
"10. 아성","25. P4100 Series","PUMA 4100LB","10K","3월","MV0000","UNMAPPED_FALLBACK"
"10. 아성","25. P4100 Series","PUMA 4100LB","10K","3월","MV0000","UNMAPPED_FALLBACK"
"10. 아성","25. P4100 Series","PUMA 4100LB","10K","3월","MV0000","UNMAPPED_FALLBACK"
"10. 아성","25. P4100 Series","PUMA 4100LB","10K","3월","MV0000","UNMAPPED_FALLBACK"
"10. 아성","25. P4100 Series","PUMA 4100LB","10K","4월","MV0000","UNMAPPED_FALLBACK"
"10. 아성","25. P4100 Series","PUMA 4100LB","10K","4월","MV0000","UNMAPPED_FALLBACK"
"10. 아성","25. P4100 Series","PUMA 4100LB","10K","4월","MV0000","UNMAPPED_FALLBACK"
"10. 아성","25. P4100 Series","PUMA 4100LB","10K","4월","MV0000","UNMAPPED_FALLBACK"
"10. 아성","25. P4100 Series","PUMA 4100LB","10K","4월","MV0000","UNMAPPED_FALLBACK"
"10. 아성","25. P4100 Series","PUMA 4100LB","10K","4월","MV0000","UNMAPPED_FALLBACK"
"10. 아성","25. P4100 Series","PUMA 4100LB","10K","4월","MV0000","UNMAPPED_FALLBACK"
"10. 아성","25. P4100 Series","PUMA 4100LB","10K","4월","MV0000","UNMAPPED_FALLBACK"
"10. 아성","25. P4100 Series","PUMA 4100LB","10K","4월","MV0000","UNMAPPED_FALLBACK"
"10. 아성","25. P4100 Series","PUMA 4100LB","10K","4월","MV0000","UNMAPPED_FALLBACK"
"10. 아성","25. P4100 Series","PUMA 4100LB","10K","4월","MV0000","UNMAPPED_FALLBACK"
"10. 아성","25. P4100 Series","PUMA 4100LB","10K","4월","MV0000","UNMAPPED_FALLBACK"
"10. 아성","25. P4100 Series","PUMA 4100LB","10K","4월","MV0000","UNMAPPED_FALLBACK"
"10. 아성","25. P4100 Series","PUMA 4100LB","10K","4월","MV0000","UNMAPPED_FALLBACK"
"10. 아성","25. P4100 Series","PUMA 4100LB","10K","4월","MV0000","UNMAPPED_FALLBACK"
"10. 아성","25. P4100 Series","PUMA 4100LB","10K","4월","MV0000","UNMAPPED_FALLBACK"
"10. 아성","25. P4100 Series","PUMA 4100LB","10K","4월","MV0000","UNMAPPED_FALLBACK"
"10. 아성","25. P4100 Series","PUMA 4100LB","10K","4월","MV0000","UNMAPPED_FALLBACK"
"10. 아성","25. P4100 Series","PUMA 4100LB","10K","5월","MV0000","UNMAPPED_FALLBACK"
"10. 아성","25. P4100 Series","PUMA 4100LB","10K","5월","MV0000","UNMAPPED_FALLBACK"
"10. 아성","25. P4100 Series","PUMA 4100LB","10K","5월","MV0000","UNMAPPED_FALLBACK"
"10. 아성","25. P4100 Series","PUMA 4100LB","10K","5월","MV0000","UNMAPPED_FALLBACK"
"10. 아성","25. P4100 Series","PUMA 4100LB","10K","5월","MV0000","UNMAPPED_FALLBACK"
"10. 아성","25. P4100 Series","PUMA 4100LB","10K","5월","MV0000","UNMAPPED_FALLBACK"
"10. 아성","25. P4100 Series","PUMA 4100LB","10K","5월","MV0000","UNMAPPED_FALLBACK"
"10. 아성","25. P4100 Series","PUMA 4100LB","10K","5월","MV0000","UNMAPPED_FALLBACK"
"10. 아성","25. P4100 Series","PUMA 4100LB","10K","5월","MV0000","UNMAPPED_FALLBACK"
"10. 아성","25. P4100 Series","PUMA 4100LB","10K","5월","MV0000","UNMAPPED_FALLBACK"
"10. 아성","25. P4100 Series","PUMA 4100LB","10K","5월","MV0000","UNMAPPED_FALLBACK"
"10. 아성","25. P4100 Series","PUMA 4100LB","10K","5월","MV0000","UNMAPPED_FALLBACK"
"10. 아성","25. P4100 Series","PUMA 4100LB","10K","5월","MV0000","UNMAPPED_FALLBACK"
"10. 아성","25. P4100 Series","PUMA 4100LB","10K","5월","MV0000","UNMAPPED_FALLBACK"
"10. 아성","25. P4100 Series","PUMA 4100LB","10K","5월","MV0000","UNMAPPED_FALLBACK"
"10. 아성","25. P4100 Series","PUMA 4100LB","10K","5월","MV0000","UNMAPPED_FALLBACK"
"10. 아성","25. P4100 Series","PUMA 4100LB","10K","5월","MV0000","UNMAPPED_FALLBACK"
"10. 아성","25. P4100 Series","PUMA 4100LB","10K","5월","MV0000","UNMAPPED_FALLBACK"
"10. 아성","25. P4100 Series","PUMA 4100LB","10K","5월","MV0000","UNMAPPED_FALLBACK"
"10. 아성","25. P4100 Series","PUMA 4100LB","10K","5월","MV0000","UNMAPPED_FALLBACK"
"10. 아성","25. P4100 Series","PUMA 4100LB","10K","5월","MV0000","UNMAPPED_FALLBACK"
"10. 아성","25. P4100 Series","PUMA 4100LB","10K","5월","MV0000","UNMAPPED_FALLBACK"
"10. 아성","25. P4100 Series","PUMA 4100LB","10K","5월","MV0000","UNMAPPED_FALLBACK"
"10. 아성","25. P4100 Series","PUMA 4100LB","10K","6월","MV0000","UNMAPPED_FALLBACK"
"10. 아성","25. P4100 Series","PUMA 4100LB","10K","6월","MV0000","UNMAPPED_FALLBACK"
"10. 아성","25. P4100 Series","PUMA 4100LB","10K","6월","MV0000","UNMAPPED_FALLBACK"
"10. 아성","25. P4100 Series","PUMA 4100LB","10K","6월","MV0000","UNMAPPED_FALLBACK"
"10. 아성","25. P4100 Series","PUMA 4100LB","10K","6월","MV0000","UNMAPPED_FALLBACK"
"10. 아성","25. P4100 Series","PUMA 4100LB","10K","6월","MV0000","UNMAPPED_FALLBACK"
"10. 아성","25. P4100 Series","PUMA 4100LB","10K","6월","MV0000","UNMAPPED_FALLBACK"
"10. 아성","25. P4100 Series","PUMA 4100LB","10K","6월","MV0000","UNMAPPED_FALLBACK"
"10. 아성","25. P4100 Series","PUMA 4100LB","10K","6월","MV0000","UNMAPPED_FALLBACK"
"10. 아성","25. P4100 Series","PUMA 4100LB","10K","6월","MV0000","UNMAPPED_FALLBACK"
"10. 아성","25. P4100 Series","PUMA 4100LB","10K","6월","MV0000","UNMAPPED_FALLBACK"
"10. 아성","25. P4100 Series","PUMA 4100LB","10K","6월","MV0000","UNMAPPED_FALLBACK"
"10. 아성","25. P4100 Series","PUMA 4100LB","10K","6월","MV0000","UNMAPPED_FALLBACK"
"10. 아성","25. P4100 Series","PUMA 4100LB","10K","6월","MV0000","UNMAPPED_FALLBACK"
"10. 아성","25. P4100 Series","PUMA 4100LB","10K","7월","MV0000","UNMAPPED_FALLBACK"
"10. 아성","25. P4100 Series","PUMA 4100LB","10K","7월","MV0000","UNMAPPED_FALLBACK"
"10. 아성","25. P4100 Series","PUMA 4100LB","10K","7월","MV0000","UNMAPPED_FALLBACK"
"10. 아성","25. P4100 Series","PUMA 4100LB","10K","7월","MV0000","UNMAPPED_FALLBACK"
"10. 아성","25. P4100 Series","PUMA 4100LB","10K","7월","MV0000","UNMAPPED_FALLBACK"
"10. 아성","25. P4100 Series","PUMA 4100LB","10K","7월","MV0000","UNMAPPED_FALLBACK"
"10. 아성","25. P4100 Series","PUMA 4100LC","10K","2월","MV0000","UNMAPPED_FALLBACK"
"10. 아성","25. P4100 Series","PUMA 4100LC","10K","2월","MV0000","UNMAPPED_FALLBACK"
"10. 아성","25. P4100 Series","PUMA 4100LC","10K","2월","MV0000","UNMAPPED_FALLBACK"
"10. 아성","25. P4100 Series","PUMA 4100LC","10K","2월","MV0000","UNMAPPED_FALLBACK"
"10. 아성","25. P4100 Series","PUMA 4100LC","10K","3월","MV0000","UNMAPPED_FALLBACK"
"10. 아성","25. P4100 Series","PUMA 4100LC","10K","3월","MV0000","UNMAPPED_FALLBACK"
"10. 아성","25. P4100 Series","PUMA 4100LC","10K","3월","MV0000","UNMAPPED_FALLBACK"
"10. 아성","25. P4100 Series","PUMA 4100LC","10K","3월","MV0000","UNMAPPED_FALLBACK"
"10. 아성","25. P4100 Series","PUMA 4100LC","10K","3월","MV0000","UNMAPPED_FALLBACK"
"10. 아성","25. P4100 Series","PUMA 4100LC","10K","3월","MV0000","UNMAPPED_FALLBACK"
"10. 아성","25. P4100 Series","PUMA 4100LC","10K","3월","MV0000","UNMAPPED_FALLBACK"
"10. 아성","25. P4100 Series","PUMA 4100LC","10K","3월","MV0000","UNMAPPED_FALLBACK"
"10. 아성","25. P4100 Series","PUMA 4100LC","10K","3월","MV0000","UNMAPPED_FALLBACK"
"10. 아성","25. P4100 Series","PUMA 4100LC","10K","4월","MV0000","UNMAPPED_FALLBACK"
"10. 아성","25. P4100 Series","PUMA 4100LC","10K","4월","MV0000","UNMAPPED_FALLBACK"
"10. 아성","25. P4100 Series","PUMA 4100LC","10K","4월","MV0000","UNMAPPED_FALLBACK"
"10. 아성","25. P4100 Series","PUMA 4100LC","10K","4월","MV0000","UNMAPPED_FALLBACK"
"10. 아성","25. P4100 Series","PUMA 4100LC","10K","5월","MV0000","UNMAPPED_FALLBACK"
"10. 아성","25. P4100 Series","PUMA 4100LC","10K","6월","MV0000","UNMAPPED_FALLBACK"
"10. 아성","25. P4100 Series","PUMA 4100LC","10K","6월","MV0000","UNMAPPED_FALLBACK"
"10. 아성","25. P4100 Series","PUMA 4100LC","10K","6월","MV0000","UNMAPPED_FALLBACK"
"10. 아성","25. P4100 Series","PUMA 4100LC","10K","6월","MV0000","UNMAPPED_FALLBACK"
"10. 아성","25. P4100 Series","PUMA 4100LC","10K","6월","MV0000","UNMAPPED_FALLBACK"
"10. 아성","25. P4100 Series","PUMA 4100LC","10K","6월","MV0000","UNMAPPED_FALLBACK"
"10. 아성","25. P4100 Series","PUMA 4100LC","10K","6월","MV0000","UNMAPPED_FALLBACK"
"10. 아성","25. P4100 Series","PUMA 4100LC","10K","6월","MV0000","UNMAPPED_FALLBACK"
"10. 아성","25. P4100 Series","PUMA 4100LC","10K","6월","MV0000","UNMAPPED_FALLBACK"
"10. 아성","25. P4100 Series","PUMA 4100LC","10K","6월","MV0000","UNMAPPED_FALLBACK"
"10. 아성","25. P4100 Series","PUMA 4100LC","10K","6월","MV0000","UNMAPPED_FALLBACK"
"10. 아성","25. P4100 Series","PUMA 4100LC","10K","7월","MV0000","UNMAPPED_FALLBACK"
"10. 아성","25. P4100 Series","PUMA 4100LC","10K","7월","MV0000","UNMAPPED_FALLBACK"
"10. 아성","25. P4100 Series","PUMA 4100LC","10K","7월","MV0000","UNMAPPED_FALLBACK"
"10. 아성","25. P4100 Series","PUMA 4100LC","10K","7월","MV0000","UNMAPPED_FALLBACK"
"10. 아성","25. P4100 Series","PUMA 4100LC","10K","7월","MV0000","UNMAPPED_FALLBACK"
"10. 아성","25. P4100 Series","PUMA 4100LC","10K","7월","MV0000","UNMAPPED_FALLBACK"
"10. 아성","25. P4100 Series","PUMA 4100LC","10K","7월","MV0000","UNMAPPED_FALLBACK"
"10. 아성","25. P4100 Series","PUMA 4100LC","10K","7월","MV0000","UNMAPPED_FALLBACK"
"10. 아성","25. P4100 Series","PUMA 4100LC","10K","7월","MV0000","UNMAPPED_FALLBACK"
"10. 아성","25. P4100 Series","PUMA 4100LC","10K","7월","MV0000","UNMAPPED_FALLBACK"
"10. 아성","25. P4100 Series","PUMA 4100LC","10K","7월","MV0000","UNMAPPED_FALLBACK"
"10. 아성","25. P4100 Series","PUMA 4100LC","10K","7월","MV0000","UNMAPPED_FALLBACK"
"10. 아성","25. P4100 Series","PUMA 4100LC","10K","7월","MV0000","UNMAPPED_FALLBACK"
"10. 아성","25. P4100 Series","PUMA 4100LC","10K","7월","MV0000","UNMAPPED_FALLBACK"
"10. 아성","25. P4100 Series","PUMA 4100LC","10K","7월","MV0000","UNMAPPED_FALLBACK"
"10. 아성","25. P4100 Series","PUMA 4100LC","10K","7월","MV0000","UNMAPPED_FALLBACK"
"10. 아성","25. P4100 Series","PUMA 4100LC","10K","7월","MV0000","UNMAPPED_FALLBACK"
"10. 아성","25. P4100 Series","PUMA 4100LC","10K","7월","MV0000","UNMAPPED_FALLBACK"
"10. 아성","25. P4100 Series","PUMA 4100LC","10K","7월","MV0000","UNMAPPED_FALLBACK"
"10. 아성","25. P4100 Series","PUMA 4100LMA","10K","5월","MV0000","UNMAPPED_FALLBACK"
"10. 아성","25. P4100 Series","PUMA 4100LMB","10K","2월","MV0000","UNMAPPED_FALLBACK"
"10. 아성","25. P4100 Series","PUMA 4100LMB","10K","2월","MV0000","UNMAPPED_FALLBACK"
"10. 아성","25. P4100 Series","PUMA 4100LMB","10K","3월","MV0000","UNMAPPED_FALLBACK"
"10. 아성","25. P4100 Series","PUMA 4100LMB","10K","3월","MV0000","UNMAPPED_FALLBACK"
"10. 아성","25. P4100 Series","PUMA 4100LMB","10K","4월","MV0000","UNMAPPED_FALLBACK"
"10. 아성","25. P4100 Series","PUMA 4100LMB","10K","5월","MV0000","UNMAPPED_FALLBACK"
"10. 아성","25. P4100 Series","PUMA 4100LMB","10K","5월","MV0000","UNMAPPED_FALLBACK"
"10. 아성","25. P4100 Series","PUMA 4100LMB","10K","5월","MV0000","UNMAPPED_FALLBACK"
"10. 아성","25. P4100 Series","PUMA 4100LMB","10K","5월","MV0000","UNMAPPED_FALLBACK"
"10. 아성","25. P4100 Series","PUMA 4100LMB","10K","6월","MV0000","UNMAPPED_FALLBACK"
"10. 아성","25. P4100 Series","PUMA 4100LMB","10K","6월","MV0000","UNMAPPED_FALLBACK"
"10. 아성","25. P4100 Series","PUMA 4100LMB","10K","6월","MV0000","UNMAPPED_FALLBACK"
"10. 아성","25. P4100 Series","PUMA 4100LMB","10K","6월","MV0000","UNMAPPED_FALLBACK"
"10. 아성","25. P4100 Series","PUMA 4100LMB","10K","6월","MV0000","UNMAPPED_FALLBACK"
"10. 아성","25. P4100 Series","PUMA 4100LMB","10K","6월","MV0000","UNMAPPED_FALLBACK"
"10. 아성","25. P4100 Series","PUMA 4100LMB","10K","7월","MV0000","UNMAPPED_FALLBACK"
"10. 아성","25. P4100 Series","PUMA 4100LMB","10K","7월","MV0000","UNMAPPED_FALLBACK"
"10. 아성","25. P4100 Series","PUMA 4100LMB","10K","7월","MV0000","UNMAPPED_FALLBACK"
"10. 아성","25. P4100 Series","PUMA 4100LMB","지멘스","3월","MV0000","UNMAPPED_FALLBACK"
"10. 아성","25. P4100 Series","PUMA 4100LMB","지멘스","5월","MV0000","UNMAPPED_FALLBACK"
"10. 아성","25. P4100 Series","PUMA 4100LMC","지멘스","3월","MV0000","UNMAPPED_FALLBACK"
"10. 아성","25. P4100 Series","PUMA 4100MB","지멘스","3월","MV0000","UNMAPPED_FALLBACK"
"10. 아성","25. P4100 Series","PUMA 4100MB","지멘스","6월","MV0000","UNMAPPED_FALLBACK"
"10. 아성","25. P4100 Series","PUMA 4100MB","지멘스","7월","MV0000","UNMAPPED_FALLBACK"
"10. 아성","25. P4100 Series","PUMA 4100MB","지멘스","7월","MV0000","UNMAPPED_FALLBACK"
"10. 아성","25. P4100 Series","PUMA 4100MB","지멘스","7월","MV0000","UNMAPPED_FALLBACK"
"10. 아성","25. P4100 Series","PUMA 4100MB","지멘스","7월","MV0000","UNMAPPED_FALLBACK"
"10. 아성","25. P4100 Series","PUMA 4100MB","(비어 있음)","7월","MV0000","UNMAPPED_FALLBACK"
"10. 아성","25. P5100 Series","PUMA 5100A","(비어 있음)","3월","ML0290","P5100A-F0TP-0-K30"
"10. 아성","25. P5100 Series","PUMA 5100A","(비어 있음)","5월","ML0290","P5100A-F0TP-0-K30"
"10. 아성","25. P5100 Series","PUMA 5100B","(비어 있음)","2월","ML0296","P5100B-F0TP-0-K30"
"10. 아성","25. P5100 Series","PUMA 5100B","(비어 있음)","2월","ML0296","P5100B-F0TP-0-K30"
"10. 아성","25. P5100 Series","PUMA 5100B","(비어 있음)","2월","ML0296","P5100B-F0TP-0-K30"
"10. 아성","25. P5100 Series","PUMA 5100B","(비어 있음)","2월","ML0296","P5100B-F0TP-0-K30"
"10. 아성","25. P5100 Series","PUMA 5100B","(비어 있음)","2월","ML0296","P5100B-F0TP-0-K30"
"10. 아성","25. P5100 Series","PUMA 5100B","(비어 있음)","2월","ML0296","P5100B-F0TP-0-K30"
"10. 아성","25. P5100 Series","PUMA 5100B","(비어 있음)","4월","ML0296","P5100B-F0TP-0-K30"
"10. 아성","25. P5100 Series","PUMA 5100B","(비어 있음)","4월","ML0296","P5100B-F0TP-0-K30"
"10. 아성","25. P5100 Series","PUMA 5100B","(비어 있음)","4월","ML0296","P5100B-F0TP-0-K30"
"10. 아성","25. P5100 Series","PUMA 5100B","(비어 있음)","4월","ML0296","P5100B-F0TP-0-K30"
"10. 아성","25. P5100 Series","PUMA 5100B","(비어 있음)","4월","ML0296","P5100B-F0TP-0-K30"
"10. 아성","25. P5100 Series","PUMA 5100B","(비어 있음)","5월","ML0296","P5100B-F0TP-0-K30"
"10. 아성","25. P5100 Series","PUMA 5100B","(비어 있음)","5월","ML0296","P5100B-F0TP-0-K30"
"10. 아성","25. P5100 Series","PUMA 5100B","(비어 있음)","5월","ML0296","P5100B-F0TP-0-K30"
"10. 아성","25. P5100 Series","PUMA 5100B","(비어 있음)","6월","ML0296","P5100B-F0TP-0-K30"
"10. 아성","25. P5100 Series","PUMA 5100C","(비어 있음)","2월","ML0302","P5100C-F0TP-0-E30"
"10. 아성","25. P5100 Series","PUMA 5100C","(비어 있음)","2월","ML0302","P5100C-F0TP-0-E30"
"10. 아성","25. P5100 Series","PUMA 5100C","(비어 있음)","2월","ML0302","P5100C-F0TP-0-E30"
"10. 아성","25. P5100 Series","PUMA 5100C","(비어 있음)","2월","ML0302","P5100C-F0TP-0-E30"
"10. 아성","25. P5100 Series","PUMA 5100C","(비어 있음)","2월","ML0302","P5100C-F0TP-0-E30"
"10. 아성","25. P5100 Series","PUMA 5100C","(비어 있음)","4월","ML0302","P5100C-F0TP-0-E30"
"10. 아성","25. P5100 Series","PUMA 5100LB","(비어 있음)","2월","MV0000","UNMAPPED_FALLBACK"
"10. 아성","25. P5100 Series","PUMA 5100LB","(비어 있음)","2월","MV0000","UNMAPPED_FALLBACK"
"10. 아성","25. P5100 Series","PUMA 5100LB","(비어 있음)","2월","MV0000","UNMAPPED_FALLBACK"
"10. 아성","25. P5100 Series","PUMA 5100LB","(비어 있음)","2월","MV0000","UNMAPPED_FALLBACK"
"10. 아성","25. P5100 Series","PUMA 5100LB","(비어 있음)","2월","MV0000","UNMAPPED_FALLBACK"
"10. 아성","25. P5100 Series","PUMA 5100LB","(비어 있음)","2월","MV0000","UNMAPPED_FALLBACK"
"10. 아성","25. P5100 Series","PUMA 5100LB","(비어 있음)","2월","MV0000","UNMAPPED_FALLBACK"
"10. 아성","25. P5100 Series","PUMA 5100LB","(비어 있음)","3월","MV0000","UNMAPPED_FALLBACK"
"10. 아성","25. P5100 Series","PUMA 5100LB","(비어 있음)","3월","MV0000","UNMAPPED_FALLBACK"
"10. 아성","25. P5100 Series","PUMA 5100LB","(비어 있음)","3월","MV0000","UNMAPPED_FALLBACK"
"10. 아성","25. P5100 Series","PUMA 5100LB","(비어 있음)","3월","MV0000","UNMAPPED_FALLBACK"
"10. 아성","25. P5100 Series","PUMA 5100LB","(비어 있음)","3월","MV0000","UNMAPPED_FALLBACK"
"10. 아성","25. P5100 Series","PUMA 5100LB","(비어 있음)","3월","MV0000","UNMAPPED_FALLBACK"
"10. 아성","25. P5100 Series","PUMA 5100LB","(비어 있음)","3월","MV0000","UNMAPPED_FALLBACK"
"10. 아성","25. P5100 Series","PUMA 5100LB","(비어 있음)","3월","MV0000","UNMAPPED_FALLBACK"
"10. 아성","25. P5100 Series","PUMA 5100LB","(비어 있음)","3월","MV0000","UNMAPPED_FALLBACK"
"10. 아성","25. P5100 Series","PUMA 5100LB","(비어 있음)","4월","MV0000","UNMAPPED_FALLBACK"
"10. 아성","25. P5100 Series","PUMA 5100LB","(비어 있음)","4월","MV0000","UNMAPPED_FALLBACK"
"10. 아성","25. P5100 Series","PUMA 5100LB","(비어 있음)","5월","MV0000","UNMAPPED_FALLBACK"
"10. 아성","25. P5100 Series","PUMA 5100LB","(비어 있음)","5월","MV0000","UNMAPPED_FALLBACK"
"10. 아성","25. P5100 Series","PUMA 5100LB","(비어 있음)","7월","MV0000","UNMAPPED_FALLBACK"
"10. 아성","25. P5100 Series","PUMA 5100LB","(비어 있음)","7월","MV0000","UNMAPPED_FALLBACK"
"10. 아성","25. P5100 Series","PUMA 5100LB","(비어 있음)","7월","MV0000","UNMAPPED_FALLBACK"
"10. 아성","25. P5100 Series","PUMA 5100LB","(비어 있음)","7월","MV0000","UNMAPPED_FALLBACK"
"10. 아성","25. P5100 Series","PUMA 5100LC","(비어 있음)","2월","MV0000","UNMAPPED_FALLBACK"
"10. 아성","25. P5100 Series","PUMA 5100LC","(비어 있음)","2월","MV0000","UNMAPPED_FALLBACK"
"10. 아성","25. P5100 Series","PUMA 5100LC","(비어 있음)","3월","MV0000","UNMAPPED_FALLBACK"
"10. 아성","25. P5100 Series","PUMA 5100LC","(비어 있음)","3월","MV0000","UNMAPPED_FALLBACK"
"10. 아성","25. P5100 Series","PUMA 5100LC","(비어 있음)","3월","MV0000","UNMAPPED_FALLBACK"
"10. 아성","25. P5100 Series","PUMA 5100LC","(비어 있음)","3월","MV0000","UNMAPPED_FALLBACK"
"10. 아성","25. P5100 Series","PUMA 5100LC","(비어 있음)","3월","MV0000","UNMAPPED_FALLBACK"
"10. 아성","25. P5100 Series","PUMA 5100LC","(비어 있음)","5월","MV0000","UNMAPPED_FALLBACK"
"10. 아성","25. P5100 Series","PUMA 5100LC","(비어 있음)","6월","MV0000","UNMAPPED_FALLBACK"
"10. 아성","25. P5100 Series","PUMA 5100LMB","(비어 있음)","2월","MV0000","UNMAPPED_FALLBACK"
"10. 아성","25. P5100 Series","PUMA 5100LMB","(비어 있음)","2월","MV0000","UNMAPPED_FALLBACK"
"10. 아성","25. P5100 Series","PUMA 5100LMB","(비어 있음)","2월","MV0000","UNMAPPED_FALLBACK"
"10. 아성","25. P5100 Series","PUMA 5100LMB","(비어 있음)","2월","MV0000","UNMAPPED_FALLBACK"
"10. 아성","25. P5100 Series","PUMA 5100LMB","(비어 있음)","2월","MV0000","UNMAPPED_FALLBACK"
"10. 아성","25. P5100 Series","PUMA 5100LMB","(비어 있음)","2월","MV0000","UNMAPPED_FALLBACK"
"10. 아성","25. P5100 Series","PUMA 5100LMB","(비어 있음)","3월","MV0000","UNMAPPED_FALLBACK"
"10. 아성","25. P5100 Series","PUMA 5100LMB","(비어 있음)","3월","MV0000","UNMAPPED_FALLBACK"
"10. 아성","25. P5100 Series","PUMA 5100LMB","(비어 있음)","3월","MV0000","UNMAPPED_FALLBACK"
"10. 아성","25. P5100 Series","PUMA 5100LMB","(비어 있음)","3월","MV0000","UNMAPPED_FALLBACK"
"10. 아성","25. P5100 Series","PUMA 5100LMB","(비어 있음)","3월","MV0000","UNMAPPED_FALLBACK"
"10. 아성","25. P5100 Series","PUMA 5100LMB","(비어 있음)","3월","MV0000","UNMAPPED_FALLBACK"
"10. 아성","25. P5100 Series","PUMA 5100LMB","(비어 있음)","3월","MV0000","UNMAPPED_FALLBACK"
"10. 아성","25. P5100 Series","PUMA 5100LMB","(비어 있음)","4월","MV0000","UNMAPPED_FALLBACK"
"10. 아성","25. P5100 Series","PUMA 5100LMB","(비어 있음)","4월","MV0000","UNMAPPED_FALLBACK"
"10. 아성","25. P5100 Series","PUMA 5100LMB","(비어 있음)","4월","MV0000","UNMAPPED_FALLBACK"
"10. 아성","25. P5100 Series","PUMA 5100LMB","(비어 있음)","4월","MV0000","UNMAPPED_FALLBACK"
"10. 아성","25. P5100 Series","PUMA 5100LMB","(비어 있음)","5월","MV0000","UNMAPPED_FALLBACK"
"10. 아성","25. P5100 Series","PUMA 5100LMB","(비어 있음)","7월","MV0000","UNMAPPED_FALLBACK"
"10. 아성","25. P5100 Series","PUMA 5100LMB","지멘스","2월","MV0000","UNMAPPED_FALLBACK"
"10. 아성","25. P5100 Series","PUMA 5100LMB","지멘스","5월","MV0000","UNMAPPED_FALLBACK"
"10. 아성","25. P5100 Series","PUMA 5100MB","지멘스","4월","MV0000","UNMAPPED_FALLBACK"
"10. 아성","25. P5100 Series","PUMA 5100MB","지멘스","4월","MV0000","UNMAPPED_FALLBACK"
"10. 아성","25. P5100 Series","PUMA 5100MB","지멘스","5월","MV0000","UNMAPPED_FALLBACK"
"10. 아성","25. P5100 Series","PUMA 5100MB","지멘스","5월","MV0000","UNMAPPED_FALLBACK"
"10. 아성","25. P5100 Series","PUMA 5100MB","지멘스","5월","MV0000","UNMAPPED_FALLBACK"
"10. 아성","25. P5100 Series","PUMA 5100MB","지멘스","5월","MV0000","UNMAPPED_FALLBACK"
"10. 아성","25. P5100 Series","PUMA 5100MB","지멘스","5월","MV0000","UNMAPPED_FALLBACK"
"10. 아성","25. P5100 Series","PUMA 5100MB","지멘스","6월","MV0000","UNMAPPED_FALLBACK"
"10. 아성","25. P5100 Series","PUMA 5100MB","지멘스","6월","MV0000","UNMAPPED_FALLBACK"
"10. 아성","25. P5100 Series","PUMA 5100MB","지멘스","6월","MV0000","UNMAPPED_FALLBACK"
"10. 아성","25. P5100 Series","PUMA 5100MB","지멘스","6월","MV0000","UNMAPPED_FALLBACK"
"10. 아성","25. P5100 Series","PUMA 5100MB","지멘스","6월","MV0000","UNMAPPED_FALLBACK"
"10. 아성","25. P5100 Series","PUMA 5100LMA","지멘스","2월","MV0000","UNMAPPED_FALLBACK"
"10. 아성","25. P5100 Series","PUMA 5100LA","지멘스","5월","MV0000","UNMAPPED_FALLBACK"
"10. 아성","12. MD Series","MD6700","12K","5월","MV0107","MD6700-F31P-1-K30"
"10. 아성","12. MD Series","MD6700","12K","6월","MV0107","MD6700-F31P-1-K30"
"11. 대영","13. DNM Series","DNM6550","8K","2월","MV0103","DNM6550-F0MP-0-K30"
"11. 대영","13. DNM Series","DNM6550","8K","3월","MV0103","DNM6550-F0MP-0-K30"
"11. 대영","13. DNM Series","DNM6550","8K","3월","MV0103","DNM6550-F0MP-0-K30"
"11. 대영","13. DNM Series","DNM6550","8K","4월","MV0103","DNM6550-F0MP-0-K30"
"11. 대영","13. DNM Series","DNM6550","8K","5월","MV0103","DNM6550-F0MP-0-K30"
"11. 대영","13. DNM Series","DNM6550","8K","5월","MV0103","DNM6550-F0MP-0-K30"
"11. 대영","13. DNM Series","DNM6550","8K","6월","MV0103","DNM6550-F0MP-0-K30"
"11. 대영","13. DNM Series","DNM6550","8K","6월","MV0103","DNM6550-F0MP-0-K30"
"11. 대영","13. DNM Series","DNM6550","8K","7월","MV0103","DNM6550-F0MP-0-K30"
"11. 대영","13. DNM Series","DNM6550","8K","7월","MV0103","DNM6550-F0MP-0-K30"
"11. 대영","13. DNM Series","DNM6550","8K","7월","MV0103","DNM6550-F0MP-0-K30"
"11. 대영","13. DNM Series","DNM6550","8K","7월","MV0103","DNM6550-F0MP-0-K30"
"11. 대영","13. DNM Series","DNM6550","10K","3월","MV0103","DNM6550-F0MP-0-K30"
"11. 대영","13. DNM Series","DNM6550","10K","5월","MV0103","DNM6550-F0MP-0-K30"
"11. 대영","13. DNM Series","DNM6550","10K","5월","MV0103","DNM6550-F0MP-0-K30"
"11. 대영","13. DNM Series","DNM6550","10K","7월","MV0103","DNM6550-F0MP-0-K30"
"11. 대영","13-1. New DNM Series","DNM6700L","12K(미쓰비시)","3월","MV0188","DNM67L4-M8VA-1-X30"
"11. 대영","13-1. New DNM Series","DNM6700XL","8K","2월","MV0135","DNM67XL-F0MP-0-K30"
"11. 대영","13-1. New DNM Series","DNM6700XL","8K","3월","MV0135","DNM67XL-F0MP-0-K30"
"11. 대영","13-1. New DNM Series","DNM6700XL","8K","3월","MV0135","DNM67XL-F0MP-0-K30"
"11. 대영","13-1. New DNM Series","DNM6700XL","8K","3월","MV0135","DNM67XL-F0MP-0-K30"
"11. 대영","13-1. New DNM Series","DNM6700XL","8K","5월","MV0135","DNM67XL-F0MP-0-K30"
"11. 대영","13-1. New DNM Series","DNM6700XL","8K","7월","MV0135","DNM67XL-F0MP-0-K30"
"11. 대영","13-1. New DNM Series","DNM6700XL","8K","7월","MV0135","DNM67XL-F0MP-0-K30"
"11. 대영","13-1. New DNM Series","DNM6700XL","8K","7월","MV0135","DNM67XL-F0MP-0-K30"
"11. 대영","13-1. New DNM Series","DNM6700XL","8K","7월","MV0135","DNM67XL-F0MP-0-K30"
"11. 대영","13-1. New DNM Series","DNM6700XL","12K","2월","MV0135","DNM67XL-F0MP-0-K30"
"11. 대영","13-1. New DNM Series","DNM6700XL","12K","2월","MV0135","DNM67XL-F0MP-0-K30"
"11. 대영","13-1. New DNM Series","DNM6700XL","12K","3월","MV0135","DNM67XL-F0MP-0-K30"
"11. 대영","13-1. New DNM Series","DNM6700XL","12K","3월","MV0135","DNM67XL-F0MP-0-K30"
"11. 대영","13-1. New DNM Series","DNM6700XL","12K","3월","MV0135","DNM67XL-F0MP-0-K30"
"11. 대영","13-1. New DNM Series","DNM6700XL","12K","3월","MV0135","DNM67XL-F0MP-0-K30"
"11. 대영","13-1. New DNM Series","DNM6700XL","12K","3월","MV0135","DNM67XL-F0MP-0-K30"
"11. 대영","13-1. New DNM Series","DNM6700XL","12K","3월","MV0135","DNM67XL-F0MP-0-K30"
"11. 대영","13-1. New DNM Series","DNM6700XL","12K","3월","MV0135","DNM67XL-F0MP-0-K30"
"11. 대영","13-1. New DNM Series","DNM6700XL","12K","4월","MV0135","DNM67XL-F0MP-0-K30"
"11. 대영","13-1. New DNM Series","DNM6700XL","12K","4월","MV0135","DNM67XL-F0MP-0-K30"
"11. 대영","13-1. New DNM Series","DNM6700XL","12K","4월","MV0135","DNM67XL-F0MP-0-K30"
"11. 대영","13-1. New DNM Series","DNM6700XL","12K","4월","MV0135","DNM67XL-F0MP-0-K30"
"11. 대영","13-1. New DNM Series","DNM6700XL","12K","4월","MV0135","DNM67XL-F0MP-0-K30"
"11. 대영","13-1. New DNM Series","DNM6700XL","12K","5월","MV0135","DNM67XL-F0MP-0-K30"
"11. 대영","13-1. New DNM Series","DNM6700XL","12K","5월","MV0135","DNM67XL-F0MP-0-K30"
"11. 대영","13-1. New DNM Series","DNM6700XL","12K","5월","MV0135","DNM67XL-F0MP-0-K30"
"11. 대영","13-1. New DNM Series","DNM6700XL","12K","5월","MV0135","DNM67XL-F0MP-0-K30"
"11. 대영","13-1. New DNM Series","DNM6700XL","12K","5월","MV0135","DNM67XL-F0MP-0-K30"
"11. 대영","13-1. New DNM Series","DNM6700XL","12K","5월","MV0135","DNM67XL-F0MP-0-K30"
"11. 대영","13-1. New DNM Series","DNM6700XL","12K","5월","MV0135","DNM67XL-F0MP-0-K30"
"11. 대영","13-1. New DNM Series","DNM6700XL","12K","5월","MV0135","DNM67XL-F0MP-0-K30"
"11. 대영","13-1. New DNM Series","DNM6700XL","12K","5월","MV0135","DNM67XL-F0MP-0-K30"
"11. 대영","13-1. New DNM Series","DNM6700XL","12K","6월","MV0135","DNM67XL-F0MP-0-K30"
"11. 대영","13-1. New DNM Series","DNM6700XL","12K","6월","MV0135","DNM67XL-F0MP-0-K30"
"11. 대영","13-1. New DNM Series","DNM6700XL","12K","6월","MV0135","DNM67XL-F0MP-0-K30"
"11. 대영","13-1. New DNM Series","DNM6700XL","12K","6월","MV0135","DNM67XL-F0MP-0-K30"
"11. 대영","13-1. New DNM Series","DNM6700XL","12K","7월","MV0135","DNM67XL-F0MP-0-K30"
"11. 대영","13-1. New DNM Series","DNM6700XL","12K","7월","MV0135","DNM67XL-F0MP-0-K30"
"11. 대영","13-1. New DNM Series","DNM6700XL","12K","7월","MV0135","DNM67XL-F0MP-0-K30"
"11. 대영","13-1. New DNM Series","DNM6700XL","12K","7월","MV0135","DNM67XL-F0MP-0-K30"
"11. 대영","13-1. New DNM Series","DNM6700XL","12K","7월","MV0135","DNM67XL-F0MP-0-K30"
"11. 대영","13-1. New DNM Series","DNM6700XL","12K","7월","MV0135","DNM67XL-F0MP-0-K30"
"11. 대영","13-1. New DNM Series","DNM6700XL","12K(지멘스)","3월","MV0135","DNM67XL-F0MP-0-K30"
"11. 대영","13-1. New DNM Series","DNM6700XL","12K(지멘스)","6월","MV0135","DNM67XL-F0MP-0-K30"
"11. 대영","13-1. New DNM Series","DNM6700XL","15K(지멘스)","5월","MV0135","DNM67XL-F0MP-0-K30"
"11. 대영","16. T4000/T3600D  Series","T4000","12K-TSC","6월","MV0089","T4000-F0MF-2-K10"
"11. 대영","16. T4000/T3600D  Series","T4000","12K-TSC","6월","MV0089","T4000-F0MF-2-K10"
"11. 대영","16. T4000/T3600D  Series","T4000","12K-TSC","6월","MV0089","T4000-F0MF-2-K10"
"11. 대영","16. T4000/T3600D  Series","T4000","12K-TSC","6월","MV0089","T4000-F0MF-2-K10"
"11. 대영","16. T4000/T3600D  Series","T4000","12K-TSC","6월","MV0089","T4000-F0MF-2-K10"
"11. 대영","16. T4000/T3600D  Series","T4000","12K-TSC","7월","MV0089","T4000-F0MF-2-K10"
"11. 대영","16. T4000/T3600D  Series","T4000","12K-TSC","7월","MV0089","T4000-F0MF-2-K10"
"11. 대영","16. T4000/T3600D  Series","T4000","12K-TSC","7월","MV0089","T4000-F0MF-2-K10"
"11. 대영","16. T4000/T3600D  Series","T4000","12K-TSC","7월","MV0089","T4000-F0MF-2-K10"
"11. 대영","16. T4000/T3600D  Series","T4000","12K-TSC","7월","MV0089","T4000-F0MF-2-K10"
"11. 대영","16. T4000/T3600D  Series","T4000","12K-TSC","7월","MV0089","T4000-F0MF-2-K10"
"11. 대영","16. T4000/T3600D  Series","T4000","12K-TSC","7월","MV0089","T4000-F0MF-2-K10"
"11. 대영","16. T4000/T3600D  Series","T4000","24K","2월","MV0089","T4000-F0MF-2-K10"
"11. 대영","16. T4000/T3600D  Series","T4000","24K","4월","MV0089","T4000-F0MF-2-K10"
"11. 대영","16. T4000/T3600D  Series","T4000","24K","4월","MV0089","T4000-F0MF-2-K10"
"11. 대영","16. T4000/T3600D  Series","T4000","24K","4월","MV0089","T4000-F0MF-2-K10"
"11. 대영","16. T4000/T3600D  Series","T4000","24K","4월","MV0089","T4000-F0MF-2-K10"
"11. 대영","16. T4000/T3600D  Series","T4000","24K","4월","MV0089","T4000-F0MF-2-K10"
"11. 대영","16. T4000/T3600D  Series","T4000","24K","4월","MV0089","T4000-F0MF-2-K10"
"11. 대영","16. T4000/T3600D  Series","T4000","24K","4월","MV0089","T4000-F0MF-2-K10"
"11. 대영","16. T4000/T3600D  Series","T4000","24K","4월","MV0089","T4000-F0MF-2-K10"
"11. 대영","16. T4000/T3600D  Series","T4000","24K","4월","MV0089","T4000-F0MF-2-K10"
"11. 대영","16. T4000/T3600D  Series","T4000","24K","4월","MV0089","T4000-F0MF-2-K10"
"11. 대영","16. T4000/T3600D  Series","T4000","24K","5월","MV0089","T4000-F0MF-2-K10"
"11. 대영","16. T4000/T3600D  Series","T4000","24K","5월","MV0089","T4000-F0MF-2-K10"
"11. 대영","16. T4000/T3600D  Series","T4000","24K","5월","MV0089","T4000-F0MF-2-K10"
"11. 대영","16. T4000/T3600D  Series","T4000","24K","5월","MV0089","T4000-F0MF-2-K10"
"11. 대영","16. T4000/T3600D  Series","T4000","24K","5월","MV0089","T4000-F0MF-2-K10"
"11. 대영","16. T4000/T3600D  Series","T4000","24K","5월","MV0089","T4000-F0MF-2-K10"
"11. 대영","16. T4000/T3600D  Series","T4000","24K","5월","MV0089","T4000-F0MF-2-K10"
"11. 대영","16. T4000/T3600D  Series","T4000","24K","5월","MV0089","T4000-F0MF-2-K10"
"11. 대영","16. T4000/T3600D  Series","T4000","24K","5월","MV0089","T4000-F0MF-2-K10"
"11. 대영","16. T4000/T3600D  Series","T4000","24K","5월","MV0089","T4000-F0MF-2-K10"
"11. 대영","16. T4000/T3600D  Series","T4000","24K","5월","MV0089","T4000-F0MF-2-K10"
"11. 대영","16. T4000/T3600D  Series","T4000","24K","7월","MV0089","T4000-F0MF-2-K10"
"11. 대영","16. T4000/T3600D  Series","T4000","24K","7월","MV0089","T4000-F0MF-2-K10"
"11. 대영","16. T4000/T3600D  Series","T4000","24K","7월","MV0089","T4000-F0MF-2-K10"
"11. 대영","16. T4000/T3600D  Series","T4000","12K","3월","MV0089","T4000-F0MF-2-K10"
"11. 대영","16. T4000/T3600D  Series","T4000","12K","3월","MV0089","T4000-F0MF-2-K10"
"11. 대영","16. T4000/T3600D  Series","T4000","12K","5월","MV0089","T4000-F0MF-2-K10"
"11. 대영","16. T4000/T3600D  Series","T4000","12K","6월","MV0089","T4000-F0MF-2-K10"
"11. 대영","16. T4000/T3600D  Series","T4000","12K","6월","MV0089","T4000-F0MF-2-K10"
"11. 대영","16. T4000/T3600D  Series","T4000","12K","6월","MV0089","T4000-F0MF-2-K10"
"11. 대영","16. T4000/T3600D  Series","T4000","12K","6월","MV0089","T4000-F0MF-2-K10"
"11. 대영","16. T4000/T3600D  Series","T4000","12K","7월","MV0089","T4000-F0MF-2-K10"
"11. 대영","16. T4000/T3600D  Series","T4000","12K","7월","MV0089","T4000-F0MF-2-K10"
"11. 대영","16. T4000/T3600D  Series","T4000L","12K-TSC","2월","MV0081","T4000L-F0MP-0-K10"
"11. 대영","16. T4000/T3600D  Series","T4000L","12K-TSC","2월","MV0081","T4000L-F0MP-0-K10"
"11. 대영","16. T4000/T3600D  Series","T4000L","12K-TSC","2월","MV0081","T4000L-F0MP-0-K10"
"11. 대영","16. T4000/T3600D  Series","T4000L","12K-TSC","2월","MV0081","T4000L-F0MP-0-K10"
"11. 대영","16. T4000/T3600D  Series","T4000L","12K-TSC","3월","MV0081","T4000L-F0MP-0-K10"
"11. 대영","16. T4000/T3600D  Series","T4000L","12K-TSC","3월","MV0081","T4000L-F0MP-0-K10"
"11. 대영","16. T4000/T3600D  Series","T4000L","12K-TSC","3월","MV0081","T4000L-F0MP-0-K10"
"11. 대영","16. T4000/T3600D  Series","T4000L","12K-TSC","3월","MV0081","T4000L-F0MP-0-K10"
"11. 대영","16. T4000/T3600D  Series","T4000L","12K-TSC","4월","MV0081","T4000L-F0MP-0-K10"
"11. 대영","16. T4000/T3600D  Series","T4000L","12K-TSC","4월","MV0081","T4000L-F0MP-0-K10"
"11. 대영","16. T4000/T3600D  Series","T4000L","12K-TSC","4월","MV0081","T4000L-F0MP-0-K10"
"11. 대영","16. T4000/T3600D  Series","T4000L","12K-TSC","4월","MV0081","T4000L-F0MP-0-K10"
"11. 대영","16. T4000/T3600D  Series","T4000L","12K-TSC","4월","MV0081","T4000L-F0MP-0-K10"
"11. 대영","16. T4000/T3600D  Series","T4000L","12K-TSC","5월","MV0081","T4000L-F0MP-0-K10"
"11. 대영","16. T4000/T3600D  Series","T4000L","12K-TSC","6월","MV0081","T4000L-F0MP-0-K10"
"11. 대영","16. T4000/T3600D  Series","T4000L","12K-TSC","6월","MV0081","T4000L-F0MP-0-K10"
"11. 대영","16. T4000/T3600D  Series","T4000L","12K-TSC","6월","MV0081","T4000L-F0MP-0-K10"
"11. 대영","16. T4000/T3600D  Series","T4000L","12K-TSC","6월","MV0081","T4000L-F0MP-0-K10"
"11. 대영","16. T4000/T3600D  Series","T4000L","12K-TSC","7월","MV0081","T4000L-F0MP-0-K10"
"11. 대영","16. T4000/T3600D  Series","T4000L","12K-TSC","7월","MV0081","T4000L-F0MP-0-K10"
"11. 대영","16. T4000/T3600D  Series","T4000L","12K-TSC","7월","MV0081","T4000L-F0MP-0-K10"
"11. 대영","16. T4000/T3600D  Series","T4000L","12K-TSC","7월","MV0081","T4000L-F0MP-0-K10"
"11. 대영","16. T4000/T3600D  Series","T4000L","12K-TSC","7월","MV0081","T4000L-F0MP-0-K10"
"11. 대영","16. T4000/T3600D  Series","T4000L","12K-TSC","7월","MV0081","T4000L-F0MP-0-K10"
"11. 대영","16. T4000/T3600D  Series","T4000L","(비어 있음)","5월","MV0081","T4000L-F0MP-0-K10"
"11. 대영","16. T4000/T3600D  Series","T4000L","12K","2월","MV0081","T4000L-F0MP-0-K10"
"11. 대영","16. T4000/T3600D  Series","T4000L","12K","2월","MV0081","T4000L-F0MP-0-K10"
"11. 대영","16. T4000/T3600D  Series","T4000L","12K","2월","MV0081","T4000L-F0MP-0-K10"
"11. 대영","16. T4000/T3600D  Series","T4000L","12K","3월","MV0081","T4000L-F0MP-0-K10"
"11. 대영","16. T4000/T3600D  Series","T4000L","12K","3월","MV0081","T4000L-F0MP-0-K10"
"11. 대영","16. T4000/T3600D  Series","T4000L","12K","3월","MV0081","T4000L-F0MP-0-K10"
"11. 대영","16. T4000/T3600D  Series","T4000L","12K","4월","MV0081","T4000L-F0MP-0-K10"
"11. 대영","16. T4000/T3600D  Series","T4000L","12K","4월","MV0081","T4000L-F0MP-0-K10"
"11. 대영","16. T4000/T3600D  Series","T4000L","12K","4월","MV0081","T4000L-F0MP-0-K10"
"11. 대영","16. T4000/T3600D  Series","T4000L","12K","7월","MV0081","T4000L-F0MP-0-K10"
"11. 대영","16. T4000/T3600D  Series","T4000L","12K","7월","MV0081","T4000L-F0MP-0-K10"
"11. 대영","16. T4000/T3600D  Series","T4000L","12K","7월","MV0081","T4000L-F0MP-0-K10"
"11. 대영","16. T4000/T3600D  Series","T4000L","12K","7월","MV0081","T4000L-F0MP-0-K10"
"11. 대영","16. T4000/T3600D  Series","T4000L","12K","7월","MV0081","T4000L-F0MP-0-K10"
"11. 대영","16. T4000/T3600D  Series","T4000L","24K-TSC","7월","MV0081","T4000L-F0MP-0-K10"
"11. 대영","16. T4000/T3600D  Series","T4000LHS","24K","5월","MV0000","UNMAPPED_FALLBACK"
"11. 대영","16. T4000/T3600D  Series","T4000LHS","24K","5월","MV0000","UNMAPPED_FALLBACK"
"11. 대영","16. T4000/T3600D  Series","T4000LHS","24K","5월","MV0000","UNMAPPED_FALLBACK"
"11. 대영","16. T4000/T3600D  Series","T4000LHS","24K","5월","MV0000","UNMAPPED_FALLBACK"
"11. 대영","16. T4000/T3600D  Series","T4000LHS","24K","6월","MV0000","UNMAPPED_FALLBACK"
"11. 대영","16. T4000/T3600D  Series","T4000LHS","24K","6월","MV0000","UNMAPPED_FALLBACK"
"11. 대영","16. T4000/T3600D  Series","T4000LHS","24K","6월","MV0000","UNMAPPED_FALLBACK"
"11. 대영","16. T4000/T3600D  Series","T4000LHS","24K","7월","MV0000","UNMAPPED_FALLBACK"
"11. 대영","16. T4000/T3600D  Series","T4000LHS","24K","7월","MV0000","UNMAPPED_FALLBACK"
"11. 대영","16. T4000/T3600D  Series","T4000LHS","24K(TSC)","4월","MV0000","UNMAPPED_FALLBACK"
"11. 대영","16. T4000/T3600D  Series","T4000LHS","24K(TSC)","4월","MV0000","UNMAPPED_FALLBACK"
"11. 대영","16. T4000/T3600D  Series","T4000LHS","24K(TSC)","4월","MV0000","UNMAPPED_FALLBACK"
"11. 대영","16. T4000/T3600D  Series","T4000LHS","24K(TSC)","4월","MV0000","UNMAPPED_FALLBACK"
"11. 대영","16. T4000/T3600D  Series","T4000LHS","24K(TSC)","4월","MV0000","UNMAPPED_FALLBACK"
"11. 대영","16. T4000/T3600D  Series","T4000LHS","24K(TSC)","4월","MV0000","UNMAPPED_FALLBACK"
"11. 대영","16. T4000/T3600D  Series","T4000LHS","24K(TSC)","4월","MV0000","UNMAPPED_FALLBACK"
"11. 대영","16. T4000/T3600D  Series","T4000LHS","24K(TSC)","4월","MV0000","UNMAPPED_FALLBACK"
"11. 대영","13-1. AV4 Series","DNM6700/4","12K(H/H)","2월","MV0092","DNM6700-F0MP-0-X30"
"11. 대영","13-1. AV4 Series","DNM6700/4","12K(H/H)","3월","MV0092","DNM6700-F0MP-0-X30"
"11. 대영","13-1. AV4 Series","DNM6700/4","12K(H/H)","7월","MV0092","DNM6700-F0MP-0-X30"
"11. 대영","13-1. AV4 Series","DNM6700/4","12K(미쓰비시)","2월","MV0092","DNM6700-F0MP-0-X30"
"11. 대영","13-1. AV4 Series","DNM6700/4","12K(미쓰비시)","5월","MV0092","DNM6700-F0MP-0-X30"
"11. 대영","13-1. AV4 Series","DNM6700/4","12K(미쓰비시)","6월","MV0092","DNM6700-F0MP-0-X30"
"11. 대영","13-1. AV4 Series","DNM6700/4","15K","2월","MV0092","DNM6700-F0MP-0-X30"
"11. 대영","13-1. AV4 Series","DNM6700/4","15K","2월","MV0092","DNM6700-F0MP-0-X30"
"11. 대영","13-1. AV4 Series","DNM6700/4","15K","2월","MV0092","DNM6700-F0MP-0-X30"
"11. 대영","13-1. AV4 Series","DNM6700/4","15K","2월","MV0092","DNM6700-F0MP-0-X30"
"11. 대영","13-1. AV4 Series","DNM6700/4","15K","3월","MV0092","DNM6700-F0MP-0-X30"
"11. 대영","13-1. AV4 Series","DNM6700/4","15K","3월","MV0092","DNM6700-F0MP-0-X30"
"11. 대영","13-1. AV4 Series","DNM6700/4","15K","3월","MV0092","DNM6700-F0MP-0-X30"
"11. 대영","13-1. AV4 Series","DNM6700/4","15K","3월","MV0092","DNM6700-F0MP-0-X30"
"11. 대영","13-1. AV4 Series","DNM6700/4","15K","3월","MV0092","DNM6700-F0MP-0-X30"
"11. 대영","13-1. AV4 Series","DNM6700/4","15K","3월","MV0092","DNM6700-F0MP-0-X30"
"11. 대영","13-1. AV4 Series","DNM6700/4","15K","3월","MV0092","DNM6700-F0MP-0-X30"
"11. 대영","13-1. AV4 Series","DNM6700/4","15K","4월","MV0092","DNM6700-F0MP-0-X30"
"11. 대영","13-1. AV4 Series","DNM6700/4","15K","6월","MV0092","DNM6700-F0MP-0-X30"
"11. 대영","13-1. AV4 Series","DNM6700/4","15K","6월","MV0092","DNM6700-F0MP-0-X30"
"11. 대영","13-1. AV4 Series","DNM6700/4","8K","2월","MV0092","DNM6700-F0MP-0-X30"
"11. 대영","13-1. AV4 Series","DNM6700/4","8K","2월","MV0092","DNM6700-F0MP-0-X30"
"11. 대영","13-1. AV4 Series","DNM6700/4","8K","2월","MV0092","DNM6700-F0MP-0-X30"
"11. 대영","13-1. AV4 Series","DNM6700/4","8K","2월","MV0092","DNM6700-F0MP-0-X30"
"11. 대영","13-1. AV4 Series","DNM6700/4","8K","2월","MV0092","DNM6700-F0MP-0-X30"
"11. 대영","13-1. AV4 Series","DNM6700/4","8K","3월","MV0092","DNM6700-F0MP-0-X30"
"11. 대영","13-1. AV4 Series","DNM6700/4","8K","3월","MV0092","DNM6700-F0MP-0-X30"
"11. 대영","13-1. AV4 Series","DNM6700/4","8K","3월","MV0092","DNM6700-F0MP-0-X30"
"11. 대영","13-1. AV4 Series","DNM6700/4","8K","3월","MV0092","DNM6700-F0MP-0-X30"
"11. 대영","13-1. AV4 Series","DNM6700/4","8K","4월","MV0092","DNM6700-F0MP-0-X30"
"11. 대영","13-1. AV4 Series","DNM6700/4","8K","4월","MV0092","DNM6700-F0MP-0-X30"
"11. 대영","13-1. AV4 Series","DNM6700/4","8K","4월","MV0092","DNM6700-F0MP-0-X30"
"11. 대영","13-1. AV4 Series","DNM6700/4","8K","4월","MV0092","DNM6700-F0MP-0-X30"
"11. 대영","13-1. AV4 Series","DNM6700/4","8K","4월","MV0092","DNM6700-F0MP-0-X30"
"11. 대영","13-1. AV4 Series","DNM6700/4","8K","5월","MV0092","DNM6700-F0MP-0-X30"
"11. 대영","13-1. AV4 Series","DNM6700/4","8K","5월","MV0092","DNM6700-F0MP-0-X30"
"11. 대영","13-1. AV4 Series","DNM6700/4","8K","5월","MV0092","DNM6700-F0MP-0-X30"
"11. 대영","13-1. AV4 Series","DNM6700/4","8K","6월","MV0092","DNM6700-F0MP-0-X30"
"11. 대영","13-1. AV4 Series","DNM6700/4","8K","6월","MV0092","DNM6700-F0MP-0-X30"
"11. 대영","13-1. AV4 Series","DNM6700/4","8K","6월","MV0092","DNM6700-F0MP-0-X30"
"11. 대영","13-1. AV4 Series","DNM6700/4","8K","6월","MV0092","DNM6700-F0MP-0-X30"
"11. 대영","13-1. AV4 Series","DNM6700/4","8K","6월","MV0092","DNM6700-F0MP-0-X30"
"11. 대영","13-1. AV4 Series","DNM6700/4","8K","6월","MV0092","DNM6700-F0MP-0-X30"
"11. 대영","13-1. AV4 Series","DNM6700/4","8K","7월","MV0092","DNM6700-F0MP-0-X30"
"11. 대영","13-1. AV4 Series","DNM6700/4","8K","7월","MV0092","DNM6700-F0MP-0-X30"
"11. 대영","13-1. AV4 Series","DNM6700/4","8K","7월","MV0092","DNM6700-F0MP-0-X30"
"11. 대영","13-1. AV4 Series","DNM6700/4","8K","7월","MV0092","DNM6700-F0MP-0-X30"
"11. 대영","13-1. AV4 Series","DNM6700/4","8K","7월","MV0092","DNM6700-F0MP-0-X30"
"11. 대영","13-1. AV4 Series","DNM6700/4","8K","7월","MV0092","DNM6700-F0MP-0-X30"
"11. 대영","13-1. AV4 Series","DNM6700/4","8K","7월","MV0092","DNM6700-F0MP-0-X30"
"11. 대영","13-1. AV4 Series","DNM6700/4","8K","7월","MV0092","DNM6700-F0MP-0-X30"
"11. 대영","13-1. AV4 Series","DNM6700/4","(비어 있음)","6월","MV0092","DNM6700-F0MP-0-X30"
"11. 대영","13-1. AV4 Series","DNM6700/4","12K","2월","MV0092","DNM6700-F0MP-0-X30"
"11. 대영","13-1. AV4 Series","DNM6700/4","12K","2월","MV0092","DNM6700-F0MP-0-X30"
"11. 대영","13-1. AV4 Series","DNM6700/4","12K","2월","MV0092","DNM6700-F0MP-0-X30"
"11. 대영","13-1. AV4 Series","DNM6700/4","12K","2월","MV0092","DNM6700-F0MP-0-X30"
"11. 대영","13-1. AV4 Series","DNM6700/4","12K","2월","MV0092","DNM6700-F0MP-0-X30"
"11. 대영","13-1. AV4 Series","DNM6700/4","12K","2월","MV0092","DNM6700-F0MP-0-X30"
"11. 대영","13-1. AV4 Series","DNM6700/4","12K","2월","MV0092","DNM6700-F0MP-0-X30"
"11. 대영","13-1. AV4 Series","DNM6700/4","12K","2월","MV0092","DNM6700-F0MP-0-X30"
"11. 대영","13-1. AV4 Series","DNM6700/4","12K","2월","MV0092","DNM6700-F0MP-0-X30"
"11. 대영","13-1. AV4 Series","DNM6700/4","12K","2월","MV0092","DNM6700-F0MP-0-X30"
"11. 대영","13-1. AV4 Series","DNM6700/4","12K","2월","MV0092","DNM6700-F0MP-0-X30"
"11. 대영","13-1. AV4 Series","DNM6700/4","12K","2월","MV0092","DNM6700-F0MP-0-X30"
"11. 대영","13-1. AV4 Series","DNM6700/4","12K","2월","MV0092","DNM6700-F0MP-0-X30"
"11. 대영","13-1. AV4 Series","DNM6700/4","12K","2월","MV0092","DNM6700-F0MP-0-X30"
"11. 대영","13-1. AV4 Series","DNM6700/4","12K","2월","MV0092","DNM6700-F0MP-0-X30"
"11. 대영","13-1. AV4 Series","DNM6700/4","12K","2월","MV0092","DNM6700-F0MP-0-X30"
"11. 대영","13-1. AV4 Series","DNM6700/4","12K","3월","MV0092","DNM6700-F0MP-0-X30"
"11. 대영","13-1. AV4 Series","DNM6700/4","12K","3월","MV0092","DNM6700-F0MP-0-X30"
"11. 대영","13-1. AV4 Series","DNM6700/4","12K","3월","MV0092","DNM6700-F0MP-0-X30"
"11. 대영","13-1. AV4 Series","DNM6700/4","12K","3월","MV0092","DNM6700-F0MP-0-X30"
"11. 대영","13-1. AV4 Series","DNM6700/4","12K","3월","MV0092","DNM6700-F0MP-0-X30"
"11. 대영","13-1. AV4 Series","DNM6700/4","12K","3월","MV0092","DNM6700-F0MP-0-X30"
"11. 대영","13-1. AV4 Series","DNM6700/4","12K","3월","MV0092","DNM6700-F0MP-0-X30"
"11. 대영","13-1. AV4 Series","DNM6700/4","12K","3월","MV0092","DNM6700-F0MP-0-X30"
"11. 대영","13-1. AV4 Series","DNM6700/4","12K","3월","MV0092","DNM6700-F0MP-0-X30"
"11. 대영","13-1. AV4 Series","DNM6700/4","12K","3월","MV0092","DNM6700-F0MP-0-X30"
"11. 대영","13-1. AV4 Series","DNM6700/4","12K","3월","MV0092","DNM6700-F0MP-0-X30"
"11. 대영","13-1. AV4 Series","DNM6700/4","12K","3월","MV0092","DNM6700-F0MP-0-X30"
"11. 대영","13-1. AV4 Series","DNM6700/4","12K","3월","MV0092","DNM6700-F0MP-0-X30"
"11. 대영","13-1. AV4 Series","DNM6700/4","12K","3월","MV0092","DNM6700-F0MP-0-X30"
"11. 대영","13-1. AV4 Series","DNM6700/4","12K","3월","MV0092","DNM6700-F0MP-0-X30"
"11. 대영","13-1. AV4 Series","DNM6700/4","12K","3월","MV0092","DNM6700-F0MP-0-X30"
"11. 대영","13-1. AV4 Series","DNM6700/4","12K","3월","MV0092","DNM6700-F0MP-0-X30"
"11. 대영","13-1. AV4 Series","DNM6700/4","12K","3월","MV0092","DNM6700-F0MP-0-X30"
"11. 대영","13-1. AV4 Series","DNM6700/4","12K","3월","MV0092","DNM6700-F0MP-0-X30"
"11. 대영","13-1. AV4 Series","DNM6700/4","12K","3월","MV0092","DNM6700-F0MP-0-X30"
"11. 대영","13-1. AV4 Series","DNM6700/4","12K","3월","MV0092","DNM6700-F0MP-0-X30"
"11. 대영","13-1. AV4 Series","DNM6700/4","12K","3월","MV0092","DNM6700-F0MP-0-X30"
"11. 대영","13-1. AV4 Series","DNM6700/4","12K","3월","MV0092","DNM6700-F0MP-0-X30"
"11. 대영","13-1. AV4 Series","DNM6700/4","12K","4월","MV0092","DNM6700-F0MP-0-X30"
"11. 대영","13-1. AV4 Series","DNM6700/4","12K","4월","MV0092","DNM6700-F0MP-0-X30"
"11. 대영","13-1. AV4 Series","DNM6700/4","12K","4월","MV0092","DNM6700-F0MP-0-X30"
"11. 대영","13-1. AV4 Series","DNM6700/4","12K","4월","MV0092","DNM6700-F0MP-0-X30"
"11. 대영","13-1. AV4 Series","DNM6700/4","12K","4월","MV0092","DNM6700-F0MP-0-X30"
"11. 대영","13-1. AV4 Series","DNM6700/4","12K","4월","MV0092","DNM6700-F0MP-0-X30"
"11. 대영","13-1. AV4 Series","DNM6700/4","12K","4월","MV0092","DNM6700-F0MP-0-X30"
"11. 대영","13-1. AV4 Series","DNM6700/4","12K","4월","MV0092","DNM6700-F0MP-0-X30"
"11. 대영","13-1. AV4 Series","DNM6700/4","12K","4월","MV0092","DNM6700-F0MP-0-X30"
"11. 대영","13-1. AV4 Series","DNM6700/4","12K","4월","MV0092","DNM6700-F0MP-0-X30"
"11. 대영","13-1. AV4 Series","DNM6700/4","12K","4월","MV0092","DNM6700-F0MP-0-X30"
"11. 대영","13-1. AV4 Series","DNM6700/4","12K","4월","MV0092","DNM6700-F0MP-0-X30"
"11. 대영","13-1. AV4 Series","DNM6700/4","12K","4월","MV0092","DNM6700-F0MP-0-X30"
"11. 대영","13-1. AV4 Series","DNM6700/4","12K","4월","MV0092","DNM6700-F0MP-0-X30"
"11. 대영","13-1. AV4 Series","DNM6700/4","12K","4월","MV0092","DNM6700-F0MP-0-X30"
"11. 대영","13-1. AV4 Series","DNM6700/4","12K","4월","MV0092","DNM6700-F0MP-0-X30"
"11. 대영","13-1. AV4 Series","DNM6700/4","12K","4월","MV0092","DNM6700-F0MP-0-X30"
"11. 대영","13-1. AV4 Series","DNM6700/4","12K","4월","MV0092","DNM6700-F0MP-0-X30"
"11. 대영","13-1. AV4 Series","DNM6700/4","12K","4월","MV0092","DNM6700-F0MP-0-X30"
"11. 대영","13-1. AV4 Series","DNM6700/4","12K","4월","MV0092","DNM6700-F0MP-0-X30"
"11. 대영","13-1. AV4 Series","DNM6700/4","12K","4월","MV0092","DNM6700-F0MP-0-X30"
"11. 대영","13-1. AV4 Series","DNM6700/4","12K","4월","MV0092","DNM6700-F0MP-0-X30"
"11. 대영","13-1. AV4 Series","DNM6700/4","12K","5월","MV0092","DNM6700-F0MP-0-X30"
"11. 대영","13-1. AV4 Series","DNM6700/4","12K","5월","MV0092","DNM6700-F0MP-0-X30"
"11. 대영","13-1. AV4 Series","DNM6700/4","12K","5월","MV0092","DNM6700-F0MP-0-X30"
"11. 대영","13-1. AV4 Series","DNM6700/4","12K","5월","MV0092","DNM6700-F0MP-0-X30"
"11. 대영","13-1. AV4 Series","DNM6700/4","12K","5월","MV0092","DNM6700-F0MP-0-X30"
"11. 대영","13-1. AV4 Series","DNM6700/4","12K","5월","MV0092","DNM6700-F0MP-0-X30"
"11. 대영","13-1. AV4 Series","DNM6700/4","12K","5월","MV0092","DNM6700-F0MP-0-X30"
"11. 대영","13-1. AV4 Series","DNM6700/4","12K","5월","MV0092","DNM6700-F0MP-0-X30"
"11. 대영","13-1. AV4 Series","DNM6700/4","12K","5월","MV0092","DNM6700-F0MP-0-X30"
"11. 대영","13-1. AV4 Series","DNM6700/4","12K","5월","MV0092","DNM6700-F0MP-0-X30"
"11. 대영","13-1. AV4 Series","DNM6700/4","12K","5월","MV0092","DNM6700-F0MP-0-X30"
"11. 대영","13-1. AV4 Series","DNM6700/4","12K","5월","MV0092","DNM6700-F0MP-0-X30"
"11. 대영","13-1. AV4 Series","DNM6700/4","12K","5월","MV0092","DNM6700-F0MP-0-X30"
"11. 대영","13-1. AV4 Series","DNM6700/4","12K","5월","MV0092","DNM6700-F0MP-0-X30"
"11. 대영","13-1. AV4 Series","DNM6700/4","12K","5월","MV0092","DNM6700-F0MP-0-X30"
"11. 대영","13-1. AV4 Series","DNM6700/4","12K","5월","MV0092","DNM6700-F0MP-0-X30"
"11. 대영","13-1. AV4 Series","DNM6700/4","12K","5월","MV0092","DNM6700-F0MP-0-X30"
"11. 대영","13-1. AV4 Series","DNM6700/4","12K","5월","MV0092","DNM6700-F0MP-0-X30"
"11. 대영","13-1. AV4 Series","DNM6700/4","12K","5월","MV0092","DNM6700-F0MP-0-X30"
"11. 대영","13-1. AV4 Series","DNM6700/4","12K","5월","MV0092","DNM6700-F0MP-0-X30"
"11. 대영","13-1. AV4 Series","DNM6700/4","12K","5월","MV0092","DNM6700-F0MP-0-X30"
"11. 대영","13-1. AV4 Series","DNM6700/4","12K","5월","MV0092","DNM6700-F0MP-0-X30"
"11. 대영","13-1. AV4 Series","DNM6700/4","12K","5월","MV0092","DNM6700-F0MP-0-X30"
"11. 대영","13-1. AV4 Series","DNM6700/4","12K","5월","MV0092","DNM6700-F0MP-0-X30"
"11. 대영","13-1. AV4 Series","DNM6700/4","12K","5월","MV0092","DNM6700-F0MP-0-X30"
"11. 대영","13-1. AV4 Series","DNM6700/4","12K","5월","MV0092","DNM6700-F0MP-0-X30"
"11. 대영","13-1. AV4 Series","DNM6700/4","12K","5월","MV0092","DNM6700-F0MP-0-X30"
"11. 대영","13-1. AV4 Series","DNM6700/4","12K","5월","MV0092","DNM6700-F0MP-0-X30"
"11. 대영","13-1. AV4 Series","DNM6700/4","12K","5월","MV0092","DNM6700-F0MP-0-X30"
"11. 대영","13-1. AV4 Series","DNM6700/4","12K","5월","MV0092","DNM6700-F0MP-0-X30"
"11. 대영","13-1. AV4 Series","DNM6700/4","12K","6월","MV0092","DNM6700-F0MP-0-X30"
"11. 대영","13-1. AV4 Series","DNM6700/4","12K","6월","MV0092","DNM6700-F0MP-0-X30"
"11. 대영","13-1. AV4 Series","DNM6700/4","12K","6월","MV0092","DNM6700-F0MP-0-X30"
"11. 대영","13-1. AV4 Series","DNM6700/4","12K","6월","MV0092","DNM6700-F0MP-0-X30"
"11. 대영","13-1. AV4 Series","DNM6700/4","12K","6월","MV0092","DNM6700-F0MP-0-X30"
"11. 대영","13-1. AV4 Series","DNM6700/4","12K","6월","MV0092","DNM6700-F0MP-0-X30"
"11. 대영","13-1. AV4 Series","DNM6700/4","12K","6월","MV0092","DNM6700-F0MP-0-X30"
"11. 대영","13-1. AV4 Series","DNM6700/4","12K","6월","MV0092","DNM6700-F0MP-0-X30"
"11. 대영","13-1. AV4 Series","DNM6700/4","12K","6월","MV0092","DNM6700-F0MP-0-X30"
"11. 대영","13-1. AV4 Series","DNM6700/4","12K","6월","MV0092","DNM6700-F0MP-0-X30"
"11. 대영","13-1. AV4 Series","DNM6700/4","12K","6월","MV0092","DNM6700-F0MP-0-X30"
"11. 대영","13-1. AV4 Series","DNM6700/4","12K","6월","MV0092","DNM6700-F0MP-0-X30"
"11. 대영","13-1. AV4 Series","DNM6700/4","12K","6월","MV0092","DNM6700-F0MP-0-X30"
"11. 대영","13-1. AV4 Series","DNM6700/4","12K","6월","MV0092","DNM6700-F0MP-0-X30"
"11. 대영","13-1. AV4 Series","DNM6700/4","12K","6월","MV0092","DNM6700-F0MP-0-X30"
"11. 대영","13-1. AV4 Series","DNM6700/4","12K","6월","MV0092","DNM6700-F0MP-0-X30"
"11. 대영","13-1. AV4 Series","DNM6700/4","12K","6월","MV0092","DNM6700-F0MP-0-X30"
"11. 대영","13-1. AV4 Series","DNM6700/4","12K","6월","MV0092","DNM6700-F0MP-0-X30"
"11. 대영","13-1. AV4 Series","DNM6700/4","12K","6월","MV0092","DNM6700-F0MP-0-X30"
"11. 대영","13-1. AV4 Series","DNM6700/4","12K","6월","MV0092","DNM6700-F0MP-0-X30"
"11. 대영","13-1. AV4 Series","DNM6700/4","12K","6월","MV0092","DNM6700-F0MP-0-X30"
"11. 대영","13-1. AV4 Series","DNM6700/4","12K","6월","MV0092","DNM6700-F0MP-0-X30"
"11. 대영","13-1. AV4 Series","DNM6700/4","12K","6월","MV0092","DNM6700-F0MP-0-X30"
"11. 대영","13-1. AV4 Series","DNM6700/4","12K","6월","MV0092","DNM6700-F0MP-0-X30"
"11. 대영","13-1. AV4 Series","DNM6700/4","12K","6월","MV0092","DNM6700-F0MP-0-X30"
"11. 대영","13-1. AV4 Series","DNM6700/4","12K","6월","MV0092","DNM6700-F0MP-0-X30"
"11. 대영","13-1. AV4 Series","DNM6700/4","12K","6월","MV0092","DNM6700-F0MP-0-X30"
"11. 대영","13-1. AV4 Series","DNM6700/4","12K","6월","MV0092","DNM6700-F0MP-0-X30"
"11. 대영","13-1. AV4 Series","DNM6700/4","12K","6월","MV0092","DNM6700-F0MP-0-X30"
"11. 대영","13-1. AV4 Series","DNM6700/4","12K","6월","MV0092","DNM6700-F0MP-0-X30"
"11. 대영","13-1. AV4 Series","DNM6700/4","12K","6월","MV0092","DNM6700-F0MP-0-X30"
"11. 대영","13-1. AV4 Series","DNM6700/4","12K","6월","MV0092","DNM6700-F0MP-0-X30"
"11. 대영","13-1. AV4 Series","DNM6700/4","12K","6월","MV0092","DNM6700-F0MP-0-X30"
"11. 대영","13-1. AV4 Series","DNM6700/4","12K","6월","MV0092","DNM6700-F0MP-0-X30"
"11. 대영","13-1. AV4 Series","DNM6700/4","12K","6월","MV0092","DNM6700-F0MP-0-X30"
"11. 대영","13-1. AV4 Series","DNM6700/4","12K","6월","MV0092","DNM6700-F0MP-0-X30"
"11. 대영","13-1. AV4 Series","DNM6700/4","12K","6월","MV0092","DNM6700-F0MP-0-X30"
"11. 대영","13-1. AV4 Series","DNM6700/4","12K","6월","MV0092","DNM6700-F0MP-0-X30"
"11. 대영","13-1. AV4 Series","DNM6700/4","12K","6월","MV0092","DNM6700-F0MP-0-X30"
"11. 대영","13-1. AV4 Series","DNM6700/4","12K","6월","MV0092","DNM6700-F0MP-0-X30"
"11. 대영","13-1. AV4 Series","DNM6700/4","12K","7월","MV0092","DNM6700-F0MP-0-X30"
"11. 대영","13-1. AV4 Series","DNM6700/4","12K","7월","MV0092","DNM6700-F0MP-0-X30"
"11. 대영","13-1. AV4 Series","DNM6700/4","12K","7월","MV0092","DNM6700-F0MP-0-X30"
"11. 대영","13-1. AV4 Series","DNM6700/4","12K","7월","MV0092","DNM6700-F0MP-0-X30"
"11. 대영","13-1. AV4 Series","DNM6700/4","12K","7월","MV0092","DNM6700-F0MP-0-X30"
"11. 대영","13-1. AV4 Series","DNM6700/4","12K","7월","MV0092","DNM6700-F0MP-0-X30"
"11. 대영","13-1. AV4 Series","DNM6700/4","12K","7월","MV0092","DNM6700-F0MP-0-X30"
"11. 대영","13-1. AV4 Series","DNM6700/4","12K","7월","MV0092","DNM6700-F0MP-0-X30"
"11. 대영","13-1. AV4 Series","DNM6700/4","12K","7월","MV0092","DNM6700-F0MP-0-X30"
"11. 대영","13-1. AV4 Series","DNM6700/4","12K","7월","MV0092","DNM6700-F0MP-0-X30"
"11. 대영","13-1. AV4 Series","DNM6700/4","12K","7월","MV0092","DNM6700-F0MP-0-X30"
"11. 대영","13-1. AV4 Series","DNM6700/4","12K","7월","MV0092","DNM6700-F0MP-0-X30"
"11. 대영","13-1. AV4 Series","DNM6700/4","12K","7월","MV0092","DNM6700-F0MP-0-X30"
"11. 대영","13-1. AV4 Series","DNM6700/4","12K","7월","MV0092","DNM6700-F0MP-0-X30"
"11. 대영","13-1. AV4 Series","DNM6700/4","12K","7월","MV0092","DNM6700-F0MP-0-X30"
"11. 대영","13-1. AV4 Series","DNM6700/4","12K","7월","MV0092","DNM6700-F0MP-0-X30"
"11. 대영","13-1. AV4 Series","DNM6700/4","12K","7월","MV0092","DNM6700-F0MP-0-X30"
"11. 대영","13-1. AV4 Series","DNM6700/4","12K","7월","MV0092","DNM6700-F0MP-0-X30"
"11. 대영","13-1. AV4 Series","DNM6700/4","12K","7월","MV0092","DNM6700-F0MP-0-X30"
"11. 대영","13-1. AV4 Series","DNM6700/4","12K","7월","MV0092","DNM6700-F0MP-0-X30"
"11. 대영","13-1. AV4 Series","DNM6700/4","12K","7월","MV0092","DNM6700-F0MP-0-X30"
"11. 대영","13-1. AV4 Series","DNM6700/4","12K","7월","MV0092","DNM6700-F0MP-0-X30"
"11. 대영","13-1. AV4 Series","DNM6700/4","12K","7월","MV0092","DNM6700-F0MP-0-X30"
"11. 대영","13-1. AV4 Series","DNM6700/4","12K","7월","MV0092","DNM6700-F0MP-0-X30"
"11. 대영","13-1. AV4 Series","DNM6700/4","12K","7월","MV0092","DNM6700-F0MP-0-X30"
"11. 대영","13-1. AV4 Series","DNM6700/4","12K(지멘스)","2월","MV0092","DNM6700-F0MP-0-X30"
"11. 대영","13-1. AV4 Series","DNM6700/4","12K(지멘스)","4월","MV0092","DNM6700-F0MP-0-X30"
"11. 대영","13-1. AV4 Series","DNM6700/4","12K(지멘스)","7월","MV0092","DNM6700-F0MP-0-X30"
"11. 대영","13-1. AV4 Series","DNM6700/4","12K(지멘스)","7월","MV0092","DNM6700-F0MP-0-X30"
"11. 대영","13-1. AV4 Series","DNM 5700L/4","15K","3월","MV0187","DNM57L4-F0MP-0-K30"
"11. 대영","13-1. AV4 Series","DNM 5700L/4","15K","3월","MV0187","DNM57L4-F0MP-0-K30"
"11. 대영","13-1. AV4 Series","DNM 5700L/4","15K","4월","MV0187","DNM57L4-F0MP-0-K30"
"11. 대영","13-1. AV4 Series","DNM 5700L/4","15K","4월","MV0187","DNM57L4-F0MP-0-K30"
"11. 대영","13-1. AV4 Series","DNM 5700L/4","15K","4월","MV0187","DNM57L4-F0MP-0-K30"
"11. 대영","13-1. AV4 Series","DNM 5700L/4","8K","4월","MV0187","DNM57L4-F0MP-0-K30"
"11. 대영","13-1. AV4 Series","DNM 5700L/4","8K","5월","MV0187","DNM57L4-F0MP-0-K30"
"11. 대영","13-1. AV4 Series","DNM 5700L/4","12K","2월","MV0187","DNM57L4-F0MP-0-K30"
"11. 대영","13-1. AV4 Series","DNM 5700L/4","12K","3월","MV0187","DNM57L4-F0MP-0-K30"
"11. 대영","13-1. AV4 Series","DNM 5700L/4","12K","3월","MV0187","DNM57L4-F0MP-0-K30"
"11. 대영","13-1. AV4 Series","DNM 5700L/4","12K","3월","MV0187","DNM57L4-F0MP-0-K30"
"11. 대영","13-1. AV4 Series","DNM 5700L/4","12K","5월","MV0187","DNM57L4-F0MP-0-K30"
"11. 대영","13-1. AV4 Series","DNM 5700L/4","12K","5월","MV0187","DNM57L4-F0MP-0-K30"
"11. 대영","13-1. AV4 Series","DNM 5700L/4","12K","5월","MV0187","DNM57L4-F0MP-0-K30"
"11. 대영","13-1. AV4 Series","DNM 5700L/4","12K","6월","MV0187","DNM57L4-F0MP-0-K30"
"11. 대영","13-1. AV4 Series","DNM 5700L/4","12K","6월","MV0187","DNM57L4-F0MP-0-K30"
"11. 대영","13-1. AV4 Series","DNM 5700L/4","12K","6월","MV0187","DNM57L4-F0MP-0-K30"
"11. 대영","13-1. AV4 Series","DNM 5700L/4","12K","7월","MV0187","DNM57L4-F0MP-0-K30"
"11. 대영","13-1. AV4 Series","DNM 5700L/4","12K","7월","MV0187","DNM57L4-F0MP-0-K30"
"11. 대영","13-1. AV4 Series","DNM 6700L/4","12K(H/H)","4월","MV0188","DNM67L4-M8VA-1-X30"
"11. 대영","13-1. AV4 Series","DNM 6700L/4","15K(H/H)","3월","MV0188","DNM67L4-M8VA-1-X30"
"11. 대영","13-1. AV4 Series","DNM 6700L/4","15K(H/H)","6월","MV0188","DNM67L4-M8VA-1-X30"
"11. 대영","13-1. AV4 Series","DNM 6700L/4","15K","3월","MV0188","DNM67L4-M8VA-1-X30"
"11. 대영","13-1. AV4 Series","DNM 6700L/4","15K","3월","MV0188","DNM67L4-M8VA-1-X30"
"11. 대영","13-1. AV4 Series","DNM 6700L/4","15K","3월","MV0188","DNM67L4-M8VA-1-X30"
"11. 대영","13-1. AV4 Series","DNM 6700L/4","15K","4월","MV0188","DNM67L4-M8VA-1-X30"
"11. 대영","13-1. AV4 Series","DNM 6700L/4","8K","2월","MV0188","DNM67L4-M8VA-1-X30"
"11. 대영","13-1. AV4 Series","DNM 6700L/4","8K","4월","MV0188","DNM67L4-M8VA-1-X30"
"11. 대영","13-1. AV4 Series","DNM 6700L/4","8K","5월","MV0188","DNM67L4-M8VA-1-X30"
"11. 대영","13-1. AV4 Series","DNM 6700L/4","8K","6월","MV0188","DNM67L4-M8VA-1-X30"
"11. 대영","13-1. AV4 Series","DNM 6700L/4","(비어 있음)","5월","MV0188","DNM67L4-M8VA-1-X30"
"11. 대영","13-1. AV4 Series","DNM 6700L/4","(비어 있음)","6월","MV0188","DNM67L4-M8VA-1-X30"
"11. 대영","13-1. AV4 Series","DNM 6700L/4","(비어 있음)","6월","MV0188","DNM67L4-M8VA-1-X30"
"11. 대영","13-1. AV4 Series","DNM 6700L/4","12K","2월","MV0188","DNM67L4-M8VA-1-X30"
"11. 대영","13-1. AV4 Series","DNM 6700L/4","12K","3월","MV0188","DNM67L4-M8VA-1-X30"
"11. 대영","13-1. AV4 Series","DNM 6700L/4","12K","3월","MV0188","DNM67L4-M8VA-1-X30"
"11. 대영","13-1. AV4 Series","DNM 6700L/4","12K","3월","MV0188","DNM67L4-M8VA-1-X30"
"11. 대영","13-1. AV4 Series","DNM 6700L/4","12K","3월","MV0188","DNM67L4-M8VA-1-X30"
"11. 대영","13-1. AV4 Series","DNM 6700L/4","12K","4월","MV0188","DNM67L4-M8VA-1-X30"
"11. 대영","13-1. AV4 Series","DNM 6700L/4","12K","4월","MV0188","DNM67L4-M8VA-1-X30"
"11. 대영","13-1. AV4 Series","DNM 6700L/4","12K","4월","MV0188","DNM67L4-M8VA-1-X30"
"11. 대영","13-1. AV4 Series","DNM 6700L/4","12K","4월","MV0188","DNM67L4-M8VA-1-X30"
"11. 대영","13-1. AV4 Series","DNM 6700L/4","12K","4월","MV0188","DNM67L4-M8VA-1-X30"
"11. 대영","13-1. AV4 Series","DNM 6700L/4","12K","5월","MV0188","DNM67L4-M8VA-1-X30"
"11. 대영","13-1. AV4 Series","DNM 6700L/4","12K","5월","MV0188","DNM67L4-M8VA-1-X30"
"11. 대영","13-1. AV4 Series","DNM 6700L/4","12K","5월","MV0188","DNM67L4-M8VA-1-X30"
"11. 대영","13-1. AV4 Series","DNM 6700L/4","12K","5월","MV0188","DNM67L4-M8VA-1-X30"
"11. 대영","13-1. AV4 Series","DNM 6700L/4","12K","5월","MV0188","DNM67L4-M8VA-1-X30"
"11. 대영","13-1. AV4 Series","DNM 6700L/4","12K","5월","MV0188","DNM67L4-M8VA-1-X30"
"11. 대영","13-1. AV4 Series","DNM 6700L/4","12K","5월","MV0188","DNM67L4-M8VA-1-X30"
"11. 대영","13-1. AV4 Series","DNM 6700L/4","12K","6월","MV0188","DNM67L4-M8VA-1-X30"
"11. 대영","13-1. AV4 Series","DNM 6700L/4","12K","6월","MV0188","DNM67L4-M8VA-1-X30"
"11. 대영","13-1. AV4 Series","DNM 6700L/4","12K","7월","MV0188","DNM67L4-M8VA-1-X30"
"11. 대영","13-1. AV4 Series","DNM 6700L/4","12K","7월","MV0188","DNM67L4-M8VA-1-X30"
"11. 대영","13-1. AV4 Series","DNM 6700L/4","12K","7월","MV0188","DNM67L4-M8VA-1-X30"
"11. 대영","13-1. AV4 Series","DNM 6700L/4","12K(지멘스)","3월","MV0188","DNM67L4-M8VA-1-X30"
"15. 신우","38. GVX Series","GVX2430","12K(지멘스)","4월","MV0160","GVX2430-F0MP-0-K30"
"19. LEO","90. LEO Series","LEO1600","20K","2월","ML0390","LEO1600-F0TP-0-E10"
"19. LEO","90. LEO Series","LEO1600","20K","2월","ML0390","LEO1600-F0TP-0-E10"
"19. LEO","90. LEO Series","LEO1600","20K","2월","ML0390","LEO1600-F0TP-0-E10"
"19. LEO","90. LEO Series","LEO1600","20K","2월","ML0390","LEO1600-F0TP-0-E10"
"19. LEO","90. LEO Series","LEO1600","20K","2월","ML0390","LEO1600-F0TP-0-E10"
"19. LEO","90. LEO Series","LEO1600","20K","2월","ML0390","LEO1600-F0TP-0-E10"
"19. LEO","90. LEO Series","LEO1600","20K","3월","ML0390","LEO1600-F0TP-0-E10"
"19. LEO","90. LEO Series","LEO1600","20K","3월","ML0390","LEO1600-F0TP-0-E10"
"19. LEO","90. LEO Series","LEO1600","20K","4월","ML0390","LEO1600-F0TP-0-E10"
"19. LEO","90. LEO Series","LEO1600","20K","4월","ML0390","LEO1600-F0TP-0-E10"
"19. LEO","90. LEO Series","LEO1600","20K","4월","ML0390","LEO1600-F0TP-0-E10"
"19. LEO","90. LEO Series","LEO1600","20K","4월","ML0390","LEO1600-F0TP-0-E10"
"19. LEO","90. LEO Series","LEO1600","20K","5월","ML0390","LEO1600-F0TP-0-E10"
"19. LEO","90. LEO Series","LEO1600","20K","5월","ML0390","LEO1600-F0TP-0-E10"
"19. LEO","90. LEO Series","LEO1600","20K","5월","ML0390","LEO1600-F0TP-0-E10"
"19. LEO","90. LEO Series","LEO1600","20K","5월","ML0390","LEO1600-F0TP-0-E10"
"19. LEO","90. LEO Series","LEO1600","20K","6월","ML0390","LEO1600-F0TP-0-E10"
"19. LEO","90. LEO Series","LEO1600","20K","6월","ML0390","LEO1600-F0TP-0-E10"
"19. LEO","90. LEO Series","LEO1600","20K","6월","ML0390","LEO1600-F0TP-0-E10"
"19. LEO","90. LEO Series","LEO1600","20K","6월","ML0390","LEO1600-F0TP-0-E10"
"19. LEO","90. LEO Series","LEO1600","20K","6월","ML0390","LEO1600-F0TP-0-E10"
"19. LEO","90. LEO Series","LEO1600","20K","7월","ML0390","LEO1600-F0TP-0-E10"
"19. LEO","90. LEO Series","LEO1600","20K","7월","ML0390","LEO1600-F0TP-0-E10"
"19. LEO","90. LEO Series","LEO1600","20K","7월","ML0390","LEO1600-F0TP-0-E10"
"19. LEO","90. LEO Series","LEO1600","20K","7월","ML0390","LEO1600-F0TP-0-E10"
"19. LEO","90. LEO Series","LEO1600","20K","7월","ML0390","LEO1600-F0TP-0-E10"
"19. LEO","90. LEO Series","LEO1600","20K","7월","ML0390","LEO1600-F0TP-0-E10"
"20. 헤넥스","20.1 DNC Series","DNC 8060","20K","3월","MY0504","DNC8060-F0TP-0-Z09"
"20. 헤넥스","20.1 DNC Series","DNC 8060","(비어 있음)","6월","MY0504","DNC8060-F0TP-0-Z09"
"20. 헤넥스","20.1 DNC Series","DNC 8060","(비어 있음)","6월","MY0504","DNC8060-F0TP-0-Z09"
"20. 헤넥스","20.1 DNC Series","DNC 8050","(비어 있음)","2월","MY0516","DNC8050-F0TP-0-Z09"
"20. 헤넥스","20.1 DNC Series","DNC 8050","(비어 있음)","2월","MY0516","DNC8050-F0TP-0-Z09"
"20. 헤넥스","20.1 DNC Series","DNC 8050","(비어 있음)","2월","MY0516","DNC8050-F0TP-0-Z09"
"20. 헤넥스","20.1 DNC Series","DNC 8050","(비어 있음)","2월","MY0516","DNC8050-F0TP-0-Z09"
"20. 헤넥스","20.1 DNC Series","DNC 8050","(비어 있음)","2월","MY0516","DNC8050-F0TP-0-Z09"
"20. 헤넥스","20.1 DNC Series","DNC 8050","(비어 있음)","2월","MY0516","DNC8050-F0TP-0-Z09"
"20. 헤넥스","20.1 DNC Series","DNC 8050","(비어 있음)","2월","MY0516","DNC8050-F0TP-0-Z09"
"20. 헤넥스","20.1 DNC Series","DNC 8050","(비어 있음)","2월","MY0516","DNC8050-F0TP-0-Z09"
"20. 헤넥스","20.1 DNC Series","DNC 8050","(비어 있음)","3월","MY0516","DNC8050-F0TP-0-Z09"
"20. 헤넥스","20.1 DNC Series","DNC 8050","(비어 있음)","3월","MY0516","DNC8050-F0TP-0-Z09"
"20. 헤넥스","20.1 DNC Series","DNC 8050","(비어 있음)","3월","MY0516","DNC8050-F0TP-0-Z09"
"20. 헤넥스","20.1 DNC Series","DNC 8050","(비어 있음)","3월","MY0516","DNC8050-F0TP-0-Z09"
"20. 헤넥스","20.1 DNC Series","DNC 8050","(비어 있음)","3월","MY0516","DNC8050-F0TP-0-Z09"
"20. 헤넥스","20.1 DNC Series","DNC 8050","(비어 있음)","3월","MY0516","DNC8050-F0TP-0-Z09"
"20. 헤넥스","20.1 DNC Series","DNC 8050","(비어 있음)","3월","MY0516","DNC8050-F0TP-0-Z09"
"20. 헤넥스","20.1 DNC Series","DNC 8050","(비어 있음)","4월","MY0516","DNC8050-F0TP-0-Z09"
"20. 헤넥스","20.1 DNC Series","DNC 8050","(비어 있음)","4월","MY0516","DNC8050-F0TP-0-Z09"
"20. 헤넥스","20.1 DNC Series","DNC 8050","(비어 있음)","5월","MY0516","DNC8050-F0TP-0-Z09"
"20. 헤넥스","20.1 DNC Series","DNC 8050","(비어 있음)","5월","MY0516","DNC8050-F0TP-0-Z09"
"20. 헤넥스","20.1 DNC Series","DNC 8050","(비어 있음)","5월","MY0516","DNC8050-F0TP-0-Z09"
"20. 헤넥스","20.1 DNC Series","DNC 8050","(비어 있음)","6월","MY0516","DNC8050-F0TP-0-Z09"
"20. 헤넥스","20.1 DNC Series","DNC 8050","(비어 있음)","6월","MY0516","DNC8050-F0TP-0-Z09"
"20. 헤넥스","20.1 DNC Series","DNC 8050","(비어 있음)","6월","MY0516","DNC8050-F0TP-0-Z09"
"20. 헤넥스","20.1 DNC Series","DNC 8050","(비어 있음)","7월","MY0516","DNC8050-F0TP-0-Z09"
"20. 헤넥스","20.1 DNC Series","DNC 8050","(비어 있음)","7월","MY0516","DNC8050-F0TP-0-Z09"
"20. 헤넥스","20.1 DNC Series","DNC 8050","(비어 있음)","7월","MY0516","DNC8050-F0TP-0-Z09"
"21. 휴텍","20.1 LYNX XG Series","LYNX XG800","12K","2월","ML0486","XG800-F0TP-0-K10"
"21. 휴텍","20.1 LYNX XG Series","LYNX XG800","12K","3월","ML0486","XG800-F0TP-0-K10"
"21. 휴텍","20.1 LYNX XG Series","LYNX XG800","12K","3월","ML0486","XG800-F0TP-0-K10"
"21. 휴텍","20.1 LYNX XG Series","LYNX XG800","12K","3월","ML0486","XG800-F0TP-0-K10"
"21. 휴텍","20.1 LYNX XG Series","LYNX XG800","12K","6월","ML0486","XG800-F0TP-0-K10"
"21. 휴텍","20.1 LYNX XG Series","LYNX XG800","12K","6월","ML0486","XG800-F0TP-0-K10"
"21. 휴텍","20.1 LYNX XG Series","LYNX XG800","12K","6월","ML0486","XG800-F0TP-0-K10"
"22. 지티테크","18. S_turn","DST 26","12K","2월","MS0026","DST26-F0TP-0-E10"
"22. 지티테크","18. S_turn","DST 26","12K","3월","MS0026","DST26-F0TP-0-E10"
"22. 지티테크","18. S_turn","DST 26","12K","3월","MS0026","DST26-F0TP-0-E10"
"22. 지티테크","18. S_turn","PUMA ST 38GS II","12K","6월","MV0000","UNMAPPED_FALLBACK"
"22. 지티테크","18. S_turn","PUMA ST 38GS II","12K","6월","MV0000","UNMAPPED_FALLBACK"
"22. 지티테크","18. S_turn","PUMA ST 38GS II","12K","6월","MV0000","UNMAPPED_FALLBACK"
"22. 지티테크","18. S_turn","DST 20","12K","2월","MS0023","DST20-F0TP-0-E10"
"22. 지티테크","18. S_turn","DST 20","12K","3월","MS0023","DST20-F0TP-0-E10"
"22. 지티테크","18. S_turn","DST 20","12K","4월","MS0023","DST20-F0TP-0-E10"
"22. 지티테크","18. S_turn","DST 20","12K","4월","MS0023","DST20-F0TP-0-E10"
"22. 지티테크","18. S_turn","DST 20","12K","7월","MS0023","DST20-F0TP-0-E10"
"22. 지티테크","18. S_turn","DST 20","12K","7월","MS0023","DST20-F0TP-0-E10"
"22. 지티테크","18. S_turn","PUMA ST 10GS II","12K","3월","MV0000","UNMAPPED_FALLBACK"
"22. 지티테크","18. S_turn","PUMA ST 10GS II","12K","3월","MV0000","UNMAPPED_FALLBACK"
"22. 지티테크","18. S_turn","PUMA ST 10GS II","12K","3월","MV0000","UNMAPPED_FALLBACK"
"22. 지티테크","18. S_turn","PUMA ST 10GS II","12K","3월","MV0000","UNMAPPED_FALLBACK"
"22. 지티테크","18. S_turn","PUMA ST 10GS II","12K","4월","MV0000","UNMAPPED_FALLBACK"
"22. 지티테크","18. S_turn","PUMA ST 10GS II","12K","4월","MV0000","UNMAPPED_FALLBACK"
"22. 지티테크","18. S_turn","PUMA ST 10GS II","12K","4월","MV0000","UNMAPPED_FALLBACK"
"22. 지티테크","18. S_turn","PUMA ST 10GS II","12K","4월","MV0000","UNMAPPED_FALLBACK"
"22. 지티테크","18. S_turn","PUMA ST 10GS II","12K","5월","MV0000","UNMAPPED_FALLBACK"
"22. 지티테크","18. S_turn","PUMA ST 10GS II","12K","5월","MV0000","UNMAPPED_FALLBACK"
"22. 지티테크","18. S_turn","PUMA ST 10GS II","12K","5월","MV0000","UNMAPPED_FALLBACK"
"22. 지티테크","18. S_turn","PUMA ST 10GS II","12K","5월","MV0000","UNMAPPED_FALLBACK"
"22. 지티테크","18. S_turn","PUMA ST 10GS II","12K","7월","MV0000","UNMAPPED_FALLBACK"
